"pitchno","date","time","paofinning","pitchofpa","pitcher","pitcherid","pitcherthrows","pitcherteam","batter","batterid","batterside","batterteam","pitcherset","inning","top/bottom","outs","balls","strikes","taggedpitchtype","autopitchtype","pitchcall","korbb","taggedhittype","playresult","outsonplay","runsscored","notes","relspeed","vertrelangle","horzrelangle","spinrate","spinaxis","tilt","relheight","relside","extension","vertbreak","inducedvertbreak","horzbreak","platelocheight","platelocside","zonespeed","vertapprangle","horzapprangle","zonetime","exitspeed","angle","direction","hitspinrate","positionat110x","positionat110y","positionat110z","distance","lasttrackeddistance","bearing","hangtime","pfxx","pfxz","x0","y0","z0","vx0","vy0","vz0","ax0","ay0","az0","hometeam","awayteam","stadium","level","league","gameid","pitchuid","effectivevelo","maxheight","measuredduration","speeddrop","pitchlastmeasuredx","pitchlastmeasuredy","pitchlastmeasuredz","contactpositionx","contactpositiony","contactpositionz","gameuid","utcdate","utctime","localdatetime","utcdatetime","autohittype","system","hometeamforeignid","awayteamforeignid","gameforeignid","catcher","catcherid","catcherthrows","catcherteam","playid","pitchtrajectoryxc0","pitchtrajectoryxc1","pitchtrajectoryxc2","pitchtrajectoryyc0","pitchtrajectoryyc1","pitchtrajectoryyc2","pitchtrajectoryzc0","pitchtrajectoryzc1","pitchtrajectoryzc2","hitspinaxis","hittrajectoryxc0","hittrajectoryxc1","hittrajectoryxc2","hittrajectoryxc3","hittrajectoryxc4","hittrajectoryxc5","hittrajectoryxc6","hittrajectoryxc7","hittrajectoryxc8","hittrajectoryyc0","hittrajectoryyc1","hittrajectoryyc2","hittrajectoryyc3","hittrajectoryyc4","hittrajectoryyc5","hittrajectoryyc6","hittrajectoryyc7","hittrajectoryyc8","hittrajectoryzc0","hittrajectoryzc1","hittrajectoryzc2","hittrajectoryzc3","hittrajectoryzc4","hittrajectoryzc5","hittrajectoryzc6","hittrajectoryzc7","hittrajectoryzc8","throwspeed","poptime","exchangetime","timetobase","catchpositionx","catchpositiony","catchpositionz","throwpositionx","throwpositiony","throwpositionz","basepositionx","basepositiony","basepositionz","throwtrajectoryxc0","throwtrajectoryxc1","throwtrajectoryxc2","throwtrajectoryyc0","throwtrajectoryyc1","throwtrajectoryyc2","throwtrajectoryzc0","throwtrajectoryzc1","throwtrajectoryzc2","pitchreleaseconfidence","pitchlocationconfidence","pitchmovementconfidence","hitlaunchconfidence","hitlandingconfidence","catcherthrowcatchconfidence","catcherthrowreleaseconfidence","catcherthrowlocationconfidence","spinaxis3dtransverseangle","spinaxis3dlongitudinalangle","spinaxis3dactivespinrate","spinaxis3dspinefficiency","spinaxis3dtilt","spinaxis3dvectorx","spinaxis3dvectory","spinaxis3dvectorz","spinaxis3dseamorientationrotationx","spinaxis3dseamorientationrotationy","spinaxis3dseamorientationrotationz","spinaxis3dseamorientationballyamb1","spinaxis3dseamorientationballanglehorizontalamb1","spinaxis3dseamorientationballzamb1","spinaxis3dseamorientationballangleverticalamb2","spinaxis3dseamorientationballzamb2","spinaxis3dseamorientationballxamb4","spinaxis3dseamorientationballyamb4","spinaxis3dseamorientationballanglehorizontalamb2","spinaxis3dseamorientationballangleverticalamb1","spinaxis3dseamorientationballxamb1","spinaxis3dseamorientationballyamb2","spinaxis3dseamorientationballanglehorizontalamb4","spinaxis3dseamorientationballangleverticalamb4","spinaxis3dseamorientationballxamb2","spinaxis3dseamorientationballangleverticalamb3","spinaxis3dseamorientationballanglehorizontalamb3","spinaxis3dseamorientationballxamb3","spinaxis3dseamorientationballyamb3","spinaxis3dseamorientationballzamb3","spinaxis3dseamorientationballzamb4","batspeed","verticalattackangle","horizontalattackangle","year","month","day"
"1","2026-02-28","17:32:26.30","1","1","Walker, Jonah","807939","Left","NOR_BIS","Patterson, Christopher","1000080435","Right","MIZ_TIG","Undefined","3","Bottom","1","1","2","Fastball","Four-Seam","StrikeSwinging","Strikeout","Undefined","Undefined","0","0","","86.84528","-0.509266","0.844829","2214.123577","162.107537","11:30","5.80603","-1.10806","5.59865","-24.39525","12.86013","-3.78953","3.29758","-0.63506","79.7712","-5.044006","0.168245","0.439305",,,,,,,,,,,,"2.13736","6.99433","1.03817","50.0","5.74666","-1.69834","-126.15771","-1.93826","3.46238","24.4276","-20.84365","MIZ_TIG","NOR_BIS","TaylorStadium","D1","SEC","20260228-TaylorStadium-3","bdd48920-14fd-11f1-9d47-ad81a36dfdfe","85.80021",,,"7.07408",,,,,,,"bef09457-2091-4c2d-8883-3b9e5841a581","2026-02-28","23:32:26.30","2026-02-28T17:32:26.3050000-06:00","2026-02-28T23:32:26.3050000Z","","v3","4806","471388","509f340b254c4b3a96c253b40ff1333c","Gustafson, Evan","1000308757","Right","NOR_BIS","68113b96-bf7d-4834-a759-1781e710c6cb","54.89959","-127.10286","12.2138","5.80605","-1.13178","-10.42182","1.10647","-1.83231","1.73119",,,,,,,,,,,,,,,,,,,,,,,,,,,,,,,,,,,,,,,,,,,,,,,,,,,"High","High","High","","","","","",,,,,,,,,,,,,,,,,,,,,,,,,,,,,,,,,,,"2026","02","28"
"2","2026-02-28","17:32:59.71","2","1","Walker, Jonah","807939","Left","NOR_BIS","Macon, Tyler","823527","Right","MIZ_TIG","Undefined","3","Bottom","2","0","0","ChangeUp","Changeup","BallCalled","Undefined","Undefined","Undefined","0","0","","81.67595","0.359417","0.153892","1530.00195","113.085231","9:45","5.52457","-1.39363","6.00754","-34.59368","6.84744","-13.19375","2.97476","-2.35053","75.23284","-6.055256","-2.22059","0.463326",,,,,,,,,,,,"6.80378","3.82351","1.38854","50.0","5.53391","0.18577","-118.76551","-0.33512","9.76359","21.74352","-26.68722","MIZ_TIG","NOR_BIS","TaylorStadium","D1","SEC","20260228-TaylorStadium-3","d1c0c930-14fd-11f1-9d47-ad81a36dfdfe","81.35179",,,"6.44312",,,,,,,"bef09457-2091-4c2d-8883-3b9e5841a581","2026-02-28","23:32:59.71","2026-02-28T17:32:59.7150000-06:00","2026-02-28T23:32:59.7150000Z","","v3","4806","471388","509f340b254c4b3a96c253b40ff1333c","Gustafson, Evan","1000308757","Right","NOR_BIS","4bb69290-ba69-4211-88a9-1dc2b9bf36e2","54.49192","-119.58506","10.87176","5.52759","0.67076","-13.34361","1.38847","-0.18223","4.88179",,,,,,,,,,,,,,,,,,,,,,,,,,,,,,,,,,,,,,,,,,,,,,,,,,,"High","High","High","","","","","",,,,,,,,,,,,,,,,,,,,,,,,,,,,,,,,,,,"2026","02","28"
"3","2026-02-28","17:33:20.74","2","2","Walker, Jonah","807939","Left","NOR_BIS","Macon, Tyler","823527","Right","MIZ_TIG","Undefined","3","Bottom","2","1","0","Curveball","Curveball","StrikeCalled","Undefined","Undefined","Undefined","0","0","","76.5976","1.010792","1.089122","2489.481675","321.285863","4:45","5.62285","-0.93441","5.46074","-53.58814","-5.7274","5.6428","2.10355","0.55538","71.28006","-8.703892","2.095303","0.497922",,,,,,,,,,,,"-2.57815","-2.7326","0.8345","50.0","5.67483","-2.33033","-111.37976","0.17555","-3.27195","18.07706","-35.64199","MIZ_TIG","NOR_BIS","TaylorStadium","D1","SEC","20260228-TaylorStadium-3","de63f450-14fd-11f1-9d47-ad81a36dfdfe","75.69952",,,"5.31754",,,,,,,"bef09457-2091-4c2d-8883-3b9e5841a581","2026-02-28","23:33:20.74","2026-02-28T17:33:20.7420000-06:00","2026-02-28T23:33:20.7420000Z","","v3","4806","471388","509f340b254c4b3a96c253b40ff1333c","Gustafson, Evan","1000308757","Right","NOR_BIS","3c4ad7d8-eb0d-420e-92dc-2152251d2538","55.04196","-112.19509","9.03853","5.63066","1.78312","-17.821","0.93627","-2.18275","-1.63597",,,,,,,,,,,,,,,,,,,,,,,,,,,,,,,,,,,,,,,,,,,,,,,,,,,"High","High","High","","","","","",,,,,,,,,,,,,,,,,,,,,,,,,,,,,,,,,,,"2026","02","28"
"4","2026-02-28","17:33:42.84","2","3","Walker, Jonah","807939","Left","NOR_BIS","Macon, Tyler","823527","Right","MIZ_TIG","Undefined","3","Bottom","2","1","1","Fastball","Cutter","InPlay","Undefined","GroundBall","Out","1","0","","86.22908","-0.774497","1.234328","2248.118886","165.374008","11:30","5.8036","-1.08573","5.70213","-28.31057","9.25658","-2.12791","2.7225","-0.11273","79.50735","-6.005418","0.853612","0.441139","89.78487","-19.319275","-5.793033",,,,,"7.84243","7.84243","-4.791387","0.059873","1.4089","5.24067","0.98358","50.0","5.72092","-2.61344","-125.31861","-2.65129","2.25576","23.71527","-23.7834","MIZ_TIG","NOR_BIS","TaylorStadium","D1","SEC","20260228-TaylorStadium-3","eb85ec60-14fd-11f1-9d47-ad81a36dfdfe","85.44346","2.61415",,"6.72173",,,,"0.3963","2.61415","0.09759","bef09457-2091-4c2d-8883-3b9e5841a581","2026-02-28","23:33:42.84","2026-02-28T17:33:42.8490000-06:00","2026-02-28T23:33:42.8490000Z","GroundBall","v3","4806","471388","509f340b254c4b3a96c253b40ff1333c","Gustafson, Evan","1000308757","Right","NOR_BIS","c5103aca-e141-4889-bd88-f62afc069c4b","54.79813","-126.22334","11.85763","5.80475","-1.74396","-11.8917","1.08492","-2.69949","1.12788",,"0.39368","123.9069",,,,,,,,"2.61508","-43.66136",,,,,,,,"0.09786","-12.57078",,,,,,,,,,,,,,,,,,,,,,,,,,,,,,"High","High","High","Estimated","Estimated","","","",,,,,,,,,,,,,,,,,,,,,,,,,,,,,,,,"74.79041","7.57874","8.38527","2026","02","28"
"15","2026-02-28","17:42:11.50","1","1","Walker, Jonah","807939","Left","NOR_BIS","Woita, Jase","831805","Left","MIZ_TIG","Undefined","4","Bottom","0","0","0","Fastball","Four-Seam","InPlay","Undefined","GroundBall","Single","0","0","","87.34943","-1.337251","1.546131","2238.078488","148.334771","11:00","5.87356","-0.87769","5.68517","-25.04324","11.98599","-6.64414","2.5395","0.01013","79.7078","-6.001771","0.357922","0.437969","87.48827","-21.889974","48.604198",,,,,"9.58696","9.37181","32.948096","0.057819","3.86138","6.83784","0.75193","50.0","5.74537","-3.14717","-126.77866","-3.79258","6.25744","26.96315","-21.09318","MIZ_TIG","NOR_BIS","TaylorStadium","D1","SEC","20260228-TaylorStadium-3","1aa716d0-14ff-11f1-9d47-ad81a36dfdfe","86.06183","2.77291",,"7.64163",,,,"3.48148","2.77291","0.03705","bef09457-2091-4c2d-8883-3b9e5841a581","2026-02-28","23:42:11.50","2026-02-28T17:42:11.5050000-06:00","2026-02-28T23:42:11.5050000Z","GroundBall","v3","4806","471388","509f340b254c4b3a96c253b40ff1333c","Gustafson, Evan","1000308757","Right","NOR_BIS","7c687556-e8d6-4bc1-8fa4-eb88b8b522e9","54.81456","-127.79851","13.48158","5.87374","-2.99475","-10.54659","0.87544","-3.38386","3.12872","180.0","3.47965","78.9286",,,,,,,,"2.77403","-47.95874",,,,,,,,"0.03498","89.54014",,,,,,,,,,,,,,,,,,,,,,,,,,,,,,"High","High","High","High","High","","","",,,,,,,,,,,,,,,,,,,,,,,,,,,,,,,,"74.38284","16.77463","25.98899","2026","02","28"
"16","2026-02-28","17:42:52.15","2","1","Walker, Jonah","807939","Left","NOR_BIS","Serna, Mateo","806219","Right","MIZ_TIG","Undefined","4","Bottom","0","0","0","Curveball","Curveball","BallCalled","Undefined","Undefined","Undefined","0","0","","77.47651","-0.93718","0.920503","2431.351635","340.034158","5:15","5.57478","-1.14365","5.52129","-51.34656","-4.18036","2.04591","0.41949","-0.11245","71.65302","-10.249391","1.286454","0.494296",,,,,,,,,,,,"-0.78512","-1.50051","1.06211","50.0","5.45836","-1.88446","-112.5495","-3.53533","-1.00576","20.6763","-34.09622","MIZ_TIG","NOR_BIS","TaylorStadium","D1","SEC","20260228-TaylorStadium-3","32df3160-14ff-11f1-9d47-ad81a36dfdfe","76.25486",,,"5.8235",,,,,,,"bef09457-2091-4c2d-8883-3b9e5841a581","2026-02-28","23:42:52.15","2026-02-28T17:42:52.1550000-06:00","2026-02-28T23:42:52.1550000Z","","v3","4806","471388","509f340b254c4b3a96c253b40ff1333c","Gustafson, Evan","1000308757","Right","NOR_BIS","93673905-2dc4-4db0-8050-7fb208189fa8","54.98063","-113.4608","10.33815","5.58106","-2.03256","-17.04811","1.14419","-1.84013","-0.50288",,,,,,,,,,,,,,,,,,,,,,,,,,,,,,,,,,,,,,,,,,,,,,,,,,,"High","High","High","","","","","",,,,,,,,,,,,,,,,,,,,,,,,,,,,,,,,,,,"2026","02","28"
"17","2026-02-28","17:43:15.14","2","2","Walker, Jonah","807939","Left","NOR_BIS","Serna, Mateo","806219","Right","MIZ_TIG","Undefined","4","Bottom","0","1","0","Fastball","Cutter","BallCalled","Undefined","Undefined","Undefined","0","0","","86.70485","-0.293713","2.666734","2222.994462","154.030867","11:15","5.82245","-0.78262","5.73248","-26.6336","10.77894","-4.67654","3.32916","1.31291","79.30749","-5.246681","1.831039","0.44023",,,,,,,,,,,,"3.1002","5.93114","0.56307","50.0","5.78169","-5.6601","-125.79731","-1.53306","4.97176","25.3309","-22.66224","MIZ_TIG","NOR_BIS","TaylorStadium","D1","SEC","20260228-TaylorStadium-3","40a13a00-14ff-11f1-9d47-ad81a36dfdfe","85.61979",,,"7.39736",,,,,,,"bef09457-2091-4c2d-8883-3b9e5841a581","2026-02-28","23:43:15.14","2026-02-28T17:43:15.1480000-06:00","2026-02-28T23:43:15.1480000Z","","v3","4806","471388","509f340b254c4b3a96c253b40ff1333c","Gustafson, Evan","1000308757","Right","NOR_BIS","08f3db58-fbfb-41d4-8b57-41eb018bb17a","54.76478","-126.75313","12.66545","5.82341","-0.67794","-11.33112","0.78019","-5.8477","2.48588",,,,,,,,,,,,,,,,,,,,,,,,,,,,,,,,,,,,,,,,,,,,,,,,,,,"High","High","High","","","","","",,,,,,,,,,,,,,,,,,,,,,,,,,,,,,,,,,,"2026","02","28"
"18","2026-02-28","17:43:36.66","2","3","Walker, Jonah","807939","Left","NOR_BIS","Serna, Mateo","806219","Right","MIZ_TIG","Undefined","4","Bottom","0","2","0","ChangeUp","Sinker","StrikeCalled","Undefined","Undefined","Undefined","0","0","","85.18137","-0.356275","1.243073","2137.500493","152.724396","11:00","5.8293","-0.92037","5.59443","-25.72025","13.32702","-6.21378","3.35322","-0.27737","77.63994","-5.153742","0.133989","0.449746",,,,,,,,,,,,"3.4791","7.23032","0.81779","50.0","5.78225","-2.41652","-123.60867","-1.60928","5.36719","25.30427","-21.01989","MIZ_TIG","NOR_BIS","TaylorStadium","D1","SEC","20260228-TaylorStadium-3","4d7427b0-14ff-11f1-9d47-ad81a36dfdfe","83.80837",,,"7.54143",,,,,,,"bef09457-2091-4c2d-8883-3b9e5841a581","2026-02-28","23:43:36.66","2026-02-28T17:43:36.6660000-06:00","2026-02-28T23:43:36.6660000Z","","v3","4806","471388","509f340b254c4b3a96c253b40ff1333c","Gustafson, Evan","1000308757","Right","NOR_BIS","52139a17-a5cf-4d24-9e1f-812f4bf3eaea","54.902","-124.60813","12.65214","5.82941","-0.77905","-10.50994","0.91743","-2.62851","2.68359",,,,,,,,,,,,,,,,,,,,,,,,,,,,,,,,,,,,,,,,,,,,,,,,,,,"High","High","High","","","","","",,,,,,,,,,,,,,,,,,,,,,,,,,,,,,,,,,,"2026","02","28"
"19","2026-02-28","17:43:58.46","2","4","Walker, Jonah","807939","Left","NOR_BIS","Serna, Mateo","806219","Right","MIZ_TIG","Undefined","4","Bottom","0","2","1","ChangeUp","Slider","BallCalled","Undefined","Undefined","Undefined","0","0","","85.33383","0.363229","-0.10063","2168.198464","141.466238","10:45","5.75801","-1.11438","5.51855","-31.13565","7.88331","-5.26957","3.503","-1.6476","77.78936","-5.392789","-1.040207","0.449582",,,,,,,,,,,,"2.61449","4.27075","1.12668","50.0","5.76903","0.4448","-123.85082","-0.29985","4.0466","25.54877","-25.56391","MIZ_TIG","NOR_BIS","TaylorStadium","D1","SEC","20260228-TaylorStadium-3","5a56a5c0-14ff-11f1-9d47-ad81a36dfdfe","83.83881",,,"7.54447",,,,,,,"bef09457-2091-4c2d-8883-3b9e5841a581","2026-02-28","23:43:58.46","2026-02-28T17:43:58.4690000-06:00","2026-02-28T23:43:58.4690000Z","","v3","4806","471388","509f340b254c4b3a96c253b40ff1333c","Gustafson, Evan","1000308757","Right","NOR_BIS","a4182c96-47e9-4779-9960-16a5f35d07c0","54.9784","-124.87358","12.77439","5.76055","0.72351","-12.78196","1.11212","0.28281","2.0233",,,,,,,,,,,,,,,,,,,,,,,,,,,,,,,,,,,,,,,,,,,,,,,,,,,"High","High","High","","","","","",,,,,,,,,,,,,,,,,,,,,,,,,,,,,,,,,,,"2026","02","28"
"20","2026-02-28","17:44:21.43","2","5","Walker, Jonah","807939","Left","NOR_BIS","Serna, Mateo","806219","Right","MIZ_TIG","Undefined","4","Bottom","0","3","1","Fastball","Cutter","StrikeCalled","Undefined","Undefined","Undefined","0","0","","85.64931","0.102273","0.991285","2201.468828","149.905262","11:00","5.76587","-1.0024","5.5401","-31.29372","7.43843","-3.57603","3.25366","-0.37383","78.05136","-5.681543","0.353436","0.447927",,,,,,,,,,,,"2.0865","4.11949","0.91886","50.0","5.75417","-1.99695","-124.29427","-0.87092","3.25013","25.90764","-25.75717","MIZ_TIG","NOR_BIS","TaylorStadium","D1","SEC","20260228-TaylorStadium-3","681a3500-14ff-11f1-9d47-ad81a36dfdfe","84.14864",,,"7.59795",,,,,,,"bef09457-2091-4c2d-8883-3b9e5841a581","2026-02-28","23:44:21.43","2026-02-28T17:44:21.4320000-06:00","2026-02-28T23:44:21.4320000Z","","v3","4806","471388","509f340b254c4b3a96c253b40ff1333c","Gustafson, Evan","1000308757","Right","NOR_BIS","4fb90899-4e0c-432b-955b-3cdc4e6dee7f","54.95713","-125.32327","12.95382","5.76845","0.1521","-12.87859","1.00073","-2.12604","1.62507",,,,,,,,,,,,,,,,,,,,,,,,,,,,,,,,,,,,,,,,,,,,,,,,,,,"High","High","High","","","","","",,,,,,,,,,,,,,,,,,,,,,,,,,,,,,,,,,,"2026","02","28"
"21","2026-02-28","17:44:42.34","2","6","Walker, Jonah","807939","Left","NOR_BIS","Serna, Mateo","806219","Right","MIZ_TIG","Undefined","4","Bottom","0","3","2","Curveball","Curveball","BallCalled","Walk","Undefined","Undefined","0","0","","75.95441","2.584106","0.079214","2375.050485","351.130913","5:45","5.57636","-0.91154","5.42276","-54.01322","-5.11792","1.01453","3.49738","-0.75279","70.22489","-7.237738","0.259803","0.503275",,,,,,,,,,,,"-0.48961","-2.7824","0.90378","50.0","5.76801","-0.19115","-110.33095","3.17899","-0.60877","18.01951","-35.63377","MIZ_TIG","NOR_BIS","TaylorStadium","D1","SEC","20260228-TaylorStadium-3","748d0150-14ff-11f1-9d47-ad81a36dfdfe","74.89438",,,"5.72952",,,,,,,"bef09457-2091-4c2d-8883-3b9e5841a581","2026-02-28","23:44:42.34","2026-02-28T17:44:42.3420000-06:00","2026-02-28T23:44:42.3420000Z","","v3","4806","471388","509f340b254c4b3a96c253b40ff1333c","Gustafson, Evan","1000308757","Right","NOR_BIS","9649c45d-d21d-4c24-9ce4-5d537d2a5310","55.07913","-111.15738","9.00976","5.58473","4.81328","-17.81689","0.91191","-0.16323","-0.30438",,,,,,,,,,,,,,,,,,,,,,,,,,,,,,,,,,,,,,,,,,,,,,,,,,,"High","High","High","","","","","",,,,,,,,,,,,,,,,,,,,,,,,,,,,,,,,,,,"2026","02","28"
"22","2026-02-28","17:47:16.32","3","1","Walker, Jonah","807939","Left","NOR_BIS","Ward, Blaize","1000263242","Left","MIZ_TIG","Undefined","4","Bottom","0","0","0","Curveball","Curveball","BallCalled","Undefined","Undefined","Undefined","0","0","","76.87146","0.091423","0.018461","2357.18751","335.552492","5:15","5.63101","-1.18766","5.40386","-56.90767","-8.72725","4.64933","0.97437","-0.78292","70.93503","-10.210607","0.848384","0.499582",,,,,,,,,,,,"-2.34414","-4.01205","1.18262","50.0","5.59891","-0.2131","-111.67762","-1.748","-2.95096","20.71427","-37.22469","MIZ_TIG","NOR_BIS","TaylorStadium","D1","SEC","20260228-TaylorStadium-3","d051e500-14ff-11f1-9d47-ad81a36dfdfe","75.44795",,,"5.93643",,,,,,,"bef09457-2091-4c2d-8883-3b9e5841a581","2026-02-28","23:47:16.32","2026-02-28T17:47:16.3270000-06:00","2026-02-28T23:47:16.3270000Z","","v3","4806","471388","509f340b254c4b3a96c253b40ff1333c","Gustafson, Evan","1000308757","Right","NOR_BIS","fc7ef41b-c5a2-45bd-9614-fabad2656d54","55.09844","-112.61931","10.35713","5.63991","-0.05571","-18.61235","1.18926","-0.07895","-1.47548",,,,,,,,,,,,,,,,,,,,,,,,,,,,,,,,,,,,,,,,,,,,,,,,,,,"High","High","High","","","","","",,,,,,,,,,,,,,,,,,,,,,,,,,,,,,,,,,,"2026","02","28"
"23","2026-02-28","17:47:37.11","3","2","Walker, Jonah","807939","Left","NOR_BIS","Ward, Blaize","1000263242","Left","MIZ_TIG","Undefined","4","Bottom","0","2","0","Fastball","Slider","BallCalled","Undefined","Undefined","Undefined","0","0","","86.51351","0.366844","1.577639","2198.3684","163.033673","11:30","5.83631","-1.05137","5.88472","-30.82238","6.36721","-1.60071","3.60856","0.28062","79.42622","-5.345507","1.290439","0.438917",,,,,,,,,,,,"1.23898","3.51784","0.92498","50.0","5.84817","-3.39594","-125.69566","-0.23256","1.98938","24.6113","-26.5256","MIZ_TIG","NOR_BIS","TaylorStadium","D1","SEC","20260228-TaylorStadium-3","dcb520f0-14ff-11f1-9d47-ad81a36dfdfe","85.87606",,,"7.08729",,,,,,,"bef09457-2091-4c2d-8883-3b9e5841a581","2026-02-28","23:47:37.11","2026-02-28T17:47:37.1160000-06:00","2026-02-28T23:47:37.1160000Z","","v3","4806","471388","509f340b254c4b3a96c253b40ff1333c","Gustafson, Evan","1000308757","Right","NOR_BIS","7fcc176f-5deb-483a-9031-01b7d8148590","54.61393","-126.59585","12.30565","5.83893","0.73764","-13.2628","1.05052","-3.4687","0.99469",,,,,,,,,,,,,,,,,,,,,,,,,,,,,,,,,,,,,,,,,,,,,,,,,,,"High","High","High","","","","","",,,,,,,,,,,,,,,,,,,,,,,,,,,,,,,,,,,"2026","02","28"
"24","2026-02-28","17:48:06.59","3","3","Walker, Jonah","807939","Left","NOR_BIS","Ward, Blaize","1000263242","Left","MIZ_TIG","Undefined","4","Bottom","0","3","0","Fastball","Four-Seam","InPlay","Undefined","Bunt","Sacrifice","1","0","","88.47897","-1.486691","1.056843","2281.240301","157.510399","11:15","5.89929","-0.93425","5.78186","-23.40281","12.55453","-4.70922","2.56528","-0.34327","80.71373","-5.861467","0.212973","0.431584","27.13084","-43.869639","17.782836",,,,,"5.08417","4.93493","21.119546","0.081901","2.7311","7.18981","0.85004","50.0","5.76264","-2.17386","-128.44529","-4.10132","4.54185","27.73736","-20.21745","MIZ_TIG","NOR_BIS","TaylorStadium","D1","SEC","20260228-TaylorStadium-3","ee43e900-14ff-11f1-9d47-ad81a36dfdfe","87.33514","2.30968",,"7.76524",,,,"2.45479","2.30968","1.0981","bef09457-2091-4c2d-8883-3b9e5841a581","2026-02-28","23:48:06.59","2026-02-28T17:48:06.5970000-06:00","2026-02-28T23:48:06.5970000Z","GroundBall","v3","4806","471388","509f340b254c4b3a96c253b40ff1333c","Gustafson, Evan","1000308757","Right","NOR_BIS","b0f6902a-10eb-430f-ae9d-6ef5651fb36a","54.71756","-129.46002","13.86868","5.89915","-3.3617","-10.10872","0.93261","-2.34002","2.27092","180.0","2.44663","27.93462",,,,,,,,"2.31791","-28.20101",,,,,,,,"1.09549","8.9596",,,,,,,,,,,,,,,,,,,,,,,,,,,,,,"High","High","High","Medium","High","","","",,,,,,,,,,,,,,,,,,,,,,,,,,,,,,,,,,,"2026","02","28"
"25","2026-02-28","17:49:47.62","4","1","Walker, Jonah","807939","Left","NOR_BIS","George, Jamal","805322","Right","MIZ_TIG","Undefined","4","Bottom","1","0","0","Curveball","Curveball","StrikeCalled","Undefined","Undefined","Undefined","0","0","","75.41715","1.743663","0.127624","2393.756912","309.96009","4:15","5.58373","-1.11868","5.58048","-56.27401","-6.73489","9.80599","2.52319","-0.18233","69.58553","-8.510067","1.880193","0.506577",,,,,,,,,,,,"-4.92071","-3.40811","1.10119","50.0","5.69684","-0.60861","-109.58595","1.50828","-5.9948","19.03291","-36.32606","MIZ_TIG","NOR_BIS","TaylorStadium","D1","SEC","20260228-TaylorStadium-3","2a872800-1500-11f1-9d47-ad81a36dfdfe","74.4061",,,"5.83162",,,,,,,"bef09457-2091-4c2d-8883-3b9e5841a581","2026-02-28","23:49:47.62","2026-02-28T17:49:47.6200000-06:00","2026-02-28T23:49:47.6200000Z","","v3","4806","471388","509f340b254c4b3a96c253b40ff1333c","Gustafson, Evan","1000308757","Right","NOR_BIS","dda53b53-7fcc-401e-a0b0-e5f85ee59782","54.92165","-110.43743","9.51646","5.59302","3.13341","-18.16303","1.12242","-0.34042","-2.9974",,,,,,,,,,,,,,,,,,,,,,,,,,,,,,,,,,,,,,,,,,,,,,,,,,,"High","High","High","","","","","",,,,,,,,,,,,,,,,,,,,,,,,,,,,,,,,,,,"2026","02","28"
"26","2026-02-28","17:50:04.64","4","2","Walker, Jonah","807939","Left","NOR_BIS","George, Jamal","805322","Right","MIZ_TIG","Undefined","4","Bottom","1","0","1","Curveball","Curveball","StrikeSwinging","Undefined","Undefined","Undefined","0","0","","74.21705","1.461495","-0.690328","2341.952802","310.34421","4:15","5.56268","-1.13501","5.62386","-56.7383","-5.28185","8.18174","2.1987","-1.09742","68.02031","-8.909427","0.773472","0.516287",,,,,,,,,,,,"-4.33166","-2.55571","1.18856","50.0","5.65107","0.99651","-107.75328","0.94974","-5.06241","19.76531","-35.16093","MIZ_TIG","NOR_BIS","TaylorStadium","D1","SEC","20260228-TaylorStadium-3","34ac81e0-1500-11f1-9d47-ad81a36dfdfe","73.00674",,,"6.19674",,,,,,,"bef09457-2091-4c2d-8883-3b9e5841a581","2026-02-28","23:50:04.64","2026-02-28T17:50:04.6410000-06:00","2026-02-28T23:50:04.6410000Z","","v3","4806","471388","509f340b254c4b3a96c253b40ff1333c","Gustafson, Evan","1000308757","Right","NOR_BIS","c1948dbf-f0ac-4db1-a424-5121a015c1a6","54.87648","-108.64409","9.88265","5.57256","2.53443","-17.58046","1.13851","1.22467","-2.53121",,,,,,,,,,,,,,,,,,,,,,,,,,,,,,,,,,,,,,,,,,,,,,,,,,,"High","High","High","","","","","",,,,,,,,,,,,,,,,,,,,,,,,,,,,,,,,,,,"2026","02","28"
"27","2026-02-28","17:50:23.18","4","3","Walker, Jonah","807939","Left","NOR_BIS","George, Jamal","805322","Right","MIZ_TIG","Undefined","4","Bottom","1","0","2","Curveball","Curveball","InPlay","Undefined","GroundBall","Single","0","1","","75.86826","0.89711","0.593125","2294.693218","348.756531","5:45","5.64111","-0.91087","5.62474","-54.96038","-6.20729","1.51803","1.89833","-0.23088","70.24662","-9.109163","0.864828","0.502542","86.65546","-8.896263","-32.033878",,,,,"16.59296","16.48932","-26.134045","0.120862","-0.61756","-3.04055","0.85931","50.0","5.68164","-1.19672","-110.30368","-0.03303","-0.76353","18.97377","-35.93327","MIZ_TIG","NOR_BIS","TaylorStadium","D1","SEC","20260228-TaylorStadium-3","3fb1b470-1500-11f1-9d47-ad81a36dfdfe","75.00354","2.22062",,"5.62164",,,,"2.21861","2.22062","0.42716","bef09457-2091-4c2d-8883-3b9e5841a581","2026-02-28","23:50:23.18","2026-02-28T17:50:23.1870000-06:00","2026-02-28T23:50:23.1870000Z","GroundBall","v3","4806","471388","509f340b254c4b3a96c253b40ff1333c","Gustafson, Evan","1000308757","Right","NOR_BIS","73978a86-ac24-4731-8e82-a890bf09ba2c","54.87806","-111.13961","9.48688","5.64822","1.55008","-17.96664","0.91129","-1.16308","-0.38177","209.237082","2.21868","106.43828","-12.76953",,,,,,,"2.22004","-19.59123","10.15692",,,,,,,"0.42671","-66.5525","21.1315",,,,,,,,,,,,,,,,,,,,,,,,,,,,,"High","High","High","Medium","High","","","",,,,,,,,,,,,,,,,,,,,,,,,,,,,,,,,"68.80788","15.95151","-9.09681","2026","02","28"
"28","2026-02-28","17:51:08.00","5","1","Walker, Jonah","807939","Left","NOR_BIS","Benson, Cameron","813272","Left","MIZ_TIG","Undefined","4","Bottom","1","0","0","Curveball","Curveball","InPlay","Undefined","Bunt","Single","0","1","","74.9718","0.459234","-0.443266","2448.057439","317.585011","4:30","5.63773","-0.94129","5.14017","-58.78881","-7.54874","8.38248","1.17111","-0.66014","69.05953","-10.147142","1.045212","0.515201","31.35367","-20.519728","31.280908",,,,,"6.68669","4.01664","26.979573","0.082878","-4.3465","-3.52823","0.97591","50.0","5.63468","0.52448","-108.85466","-1.11866","-5.19096","19.93896","-36.38776","MIZ_TIG","NOR_BIS","TaylorStadium","D1","SEC","20260228-TaylorStadium-3","5a77cce0-1500-11f1-9d47-ad81a36dfdfe","73.16072","1.3491",,"5.91227",,,,"2.8784","1.3491","1.16196","bef09457-2091-4c2d-8883-3b9e5841a581","2026-02-28","23:51:08.00","2026-02-28T17:51:08.0000000-06:00","2026-02-28T23:51:08.0000000Z","GroundBall","v3","4806","471388","509f340b254c4b3a96c253b40ff1333c","Gustafson, Evan","1000308757","Right","NOR_BIS","f5f04be2-ea9c-4b8a-bb2e-b4069e0f1172","55.3624","-109.8325","9.96948","5.64578","0.66586","-18.19388","0.94395","0.77906","-2.59548","180.0","2.87356","37.17",,,,,,,,"1.35122","-16.27822",,,,,,,,"1.15902","22.58275",,,,,,,,,,,,,,,,,,,,,,,,,,,,,,"High","High","High","Low","Low","","","",,,,,,,,,,,,,,,,,,,,,,,,,,,,,,,,,,,"2026","02","28"
"29","2026-02-28","17:51:53.74","6","1","Walker, Jonah","807939","Left","NOR_BIS","Maisonet, Eric","835908","Right","MIZ_TIG","Undefined","4","Bottom","1","0","0","Curveball","Curveball","BallCalled","Undefined","Undefined","Undefined","0","0","","76.30063","-0.340345","0.752884","2533.411394","313.958339","4:30","5.57621","-0.85964","5.71858","-52.92078","-4.96036","6.57248","0.84908","0.38943","70.95862","-9.963858","1.932323","0.49844",,,,,,,,,,,,"-3.16799","-2.05819","0.79253","50.0","5.51466","-1.69449","-110.96523","-2.34103","-3.96978","18.92851","-34.75315","MIZ_TIG","NOR_BIS","TaylorStadium","D1","SEC","20260228-TaylorStadium-3","75ab4d20-1500-11f1-9d47-ad81a36dfdfe","75.62082",,,"5.34202",,,,,,,"bef09457-2091-4c2d-8883-3b9e5841a581","2026-02-28","23:51:53.74","2026-02-28T17:51:53.7480000-06:00","2026-02-28T23:51:53.7480000Z","","v3","4806","471388","509f340b254c4b3a96c253b40ff1333c","Gustafson, Evan","1000308757","Right","NOR_BIS","8bbabbcd-f9b2-4694-9e19-972f00723e15","54.784","-111.77831","9.46426","5.58316","-0.8482","-17.37658","0.86166","-1.52397","-1.98489",,,,,,,,,,,,,,,,,,,,,,,,,,,,,,,,,,,,,,,,,,,,,,,,,,,"High","High","High","","","","","",,,,,,,,,,,,,,,,,,,,,,,,,,,,,,,,,,,"2026","02","28"
"30","2026-02-28","17:52:14.15","6","2","Walker, Jonah","807939","Left","NOR_BIS","Maisonet, Eric","835908","Right","MIZ_TIG","Undefined","4","Bottom","1","1","0","Curveball","Curveball","BallCalled","Undefined","Undefined","Undefined","0","0","","75.42333","0.720447","-0.119857","2305.013226","347.293404","5:30","5.67487","-1.0058","5.53591","-57.24999","-7.63036","2.05732","1.57748","-0.94639","69.74764","-9.678857","0.248033","0.506988",,,,,,,,,,,,"-1.07378","-3.59996","1.0148","50.0","5.6991","0.15302","-109.6209","-0.49207","-1.30778","19.21158","-36.55857","MIZ_TIG","NOR_BIS","TaylorStadium","D1","SEC","20260228-TaylorStadium-3","81eef320-1500-11f1-9d47-ad81a36dfdfe","74.34576",,,"5.67569",,,,,,,"bef09457-2091-4c2d-8883-3b9e5841a581","2026-02-28","23:52:14.15","2026-02-28T17:52:14.1510000-06:00","2026-02-28T23:52:14.1510000Z","","v3","4806","471388","509f340b254c4b3a96c253b40ff1333c","Gustafson, Evan","1000308757","Right","NOR_BIS","00c78395-94b9-450a-a37d-9a17966a479c","54.96623","-110.48783","9.60579","5.68408","1.15764","-18.27929","1.00656","0.21203","-0.65389",,,,,,,,,,,,,,,,,,,,,,,,,,,,,,,,,,,,,,,,,,,,,,,,,,,"High","High","High","","","","","",,,,,,,,,,,,,,,,,,,,,,,,,,,,,,,,,,,"2026","02","28"
"31","2026-02-28","17:52:36.44","6","3","Walker, Jonah","807939","Left","NOR_BIS","Maisonet, Eric","835908","Right","MIZ_TIG","Undefined","4","Bottom","1","2","0","Fastball","Slider","StrikeCalled","Undefined","Undefined","Undefined","0","0","","85.293","-0.220777","0.880235","2203.423977","167.437155","11:30","5.84962","-0.84113","5.85585","-31.65514","6.8376","-1.25016","3.00654","-0.1274","77.99224","-6.091695","0.655862","0.44654",,,,,,,,,,,,"0.88535","3.94996","0.77038","50.0","5.81338","-1.8517","-123.8731","-1.53141","1.37296","25.19739","-26.04868","MIZ_TIG","NOR_BIS","TaylorStadium","D1","SEC","20260228-TaylorStadium-3","8f21db20-1500-11f1-9d47-ad81a36dfdfe","84.40991",,,"7.30076",,,,,,,"bef09457-2091-4c2d-8883-3b9e5841a581","2026-02-28","23:52:36.44","2026-02-28T17:52:36.4400000-06:00","2026-02-28T23:52:36.4400000Z","","v3","4806","471388","509f340b254c4b3a96c253b40ff1333c","Gustafson, Evan","1000308757","Right","NOR_BIS","4ada7785-fa4e-461d-9de4-bd1f0753f0d7","54.64163","-124.81369","12.59869","5.85239","-0.55903","-13.02434","0.84046","-1.90296","0.68648",,,,,,,,,,,,,,,,,,,,,,,,,,,,,,,,,,,,,,,,,,,,,,,,,,,"High","High","High","","","","","",,,,,,,,,,,,,,,,,,,,,,,,,,,,,,,,,,,"2026","02","28"
"32","2026-02-28","17:52:56.62","6","4","Walker, Jonah","807939","Left","NOR_BIS","Maisonet, Eric","835908","Right","MIZ_TIG","Undefined","4","Bottom","1","2","1","Fastball","Slider","FoulBallNotFieldable","Undefined","Undefined","Undefined","0","0","","86.09973","-0.417874","1.668185","2267.28011","170.064776","11:45","5.87814","-0.77638","5.71749","-30.38848","7.48004","-1.10535","2.95633","0.68592","78.98006","-6.034706","1.470431","0.442905",,,,,,,,,,,,"1.02421","4.26292","0.6376","50.0","5.82434","-3.59664","-125.04909","-1.94534","1.62355","24.95963","-25.41664","MIZ_TIG","NOR_BIS","TaylorStadium","D1","SEC","20260228-TaylorStadium-3","9b25e010-1500-11f1-9d47-ad81a36dfdfe","85.10275",,,"7.11967",,,,,,,"bef09457-2091-4c2d-8883-3b9e5841a581","2026-02-28","23:52:56.62","2026-02-28T17:52:56.6290000-06:00","2026-02-28T23:52:56.6290000Z","","v3","4806","471388","509f340b254c4b3a96c253b40ff1333c","Gustafson, Evan","1000308757","Right","NOR_BIS","1f2f98b5-71c0-42af-ae04-8c4bd82fa520","54.78217","-125.99999","12.47981","5.88001","-0.97703","-12.70832","0.7758","-3.65849","0.81177",,,,,,,,,,,,,,,,,,,,,,,,,,,,,,,,,,,,,,,,,,,,,,,,,,,"High","High","High","","","","","",,,,,,,,,,,,,,,,,,,,,,,,,,,,,,,,,,,"2026","02","28"
"33","2026-02-28","17:53:22.79","6","5","Walker, Jonah","807939","Left","NOR_BIS","Maisonet, Eric","835908","Right","MIZ_TIG","Undefined","4","Bottom","1","2","2","Curveball","Curveball","InPlay","Undefined","GroundBall","Single","0","0","","77.46351","1.479628","0.014345","2425.826426","331.720079","5:00","5.59836","-1.03848","5.5268","-53.64668","-6.58705","4.30618","2.51136","-0.66622","71.39232","-8.289431","0.783276","0.493737",,,,,,,,,,,,"-2.18291","-3.35886","1.03424","50.0","5.6907","-0.19079","-112.55833","1.11838","-2.80432","20.1691","-36.48903","MIZ_TIG","NOR_BIS","TaylorStadium","D1","SEC","20260228-TaylorStadium-3","aac66cb0-1500-11f1-9d47-ad81a36dfdfe","76.34112",,,"6.07119",,,,,,,"bef09457-2091-4c2d-8883-3b9e5841a581","2026-02-28","23:53:22.79","2026-02-28T17:53:22.7900000-06:00","2026-02-28T23:53:22.7900000Z","","v3","4806","471388","509f340b254c4b3a96c253b40ff1333c","Gustafson, Evan","1000308757","Right","NOR_BIS","85b34fd1-833f-41b3-96e9-b2f9c933e06f","54.97545","-113.44637","10.08455","5.60609","2.72497","-18.24452","1.03992","-0.06732","-1.40216",,,,,,,,,,,,,,,,,,,,,,,,,,,,,,,,,,,,,,,,,,,,,,,,,,,"High","High","High","","","","","",,,,,,,,,,,,,,,,,,,,,,,,,,,,,,,,,,,"2026","02","28"
"34","2026-02-28","17:54:03.87","7","1","Walker, Jonah","807939","Left","NOR_BIS","Parker, Sam","806179","Left","MIZ_TIG","Undefined","4","Bottom","1","0","0","Curveball","Curveball","StrikeCalled","Undefined","Undefined","Undefined","0","0","","75.92257","2.1747","0.270863","2351.231994","323.857993","4:45","5.7153","-0.886","5.37813","-56.63751","-7.43953","6.49174","3.03519","-0.0911","70.06153","-8.106973","1.426165","0.50483",,,,,,,,,,,,"-3.18874","-3.87319","0.857","50.0","5.86968","-0.76912","-110.27879","2.28275","-3.94204","18.90036","-36.96224","MIZ_TIG","NOR_BIS","TaylorStadium","D1","SEC","20260228-TaylorStadium-3","c33e7670-1500-11f1-9d47-ad81a36dfdfe","74.66362",,,"5.86103",,,,,,,"bef09457-2091-4c2d-8883-3b9e5841a581","2026-02-28","23:54:03.87","2026-02-28T17:54:03.8750000-06:00","2026-02-28T23:54:03.8750000Z","","v3","4806","471388","509f340b254c4b3a96c253b40ff1333c","Gustafson, Evan","1000308757","Right","NOR_BIS","edb57e80-54ef-4ffc-a231-d05e7a3cb7ca","55.12425","-111.15356","9.45018","5.72444","3.99347","-18.48112","0.88838","-0.58668","-1.97102",,,,,,,,,,,,,,,,,,,,,,,,,,,,,,,,,,,,,,,,,,,,,,,,,,,"High","High","High","","","","","",,,,,,,,,,,,,,,,,,,,,,,,,,,,,,,,,,,"2026","02","28"
"35","2026-02-28","17:54:22.49","7","2","Walker, Jonah","807939","Left","NOR_BIS","Parker, Sam","806179","Left","MIZ_TIG","Undefined","4","Bottom","1","0","1","Slider","Slider","BallCalled","Undefined","Undefined","Undefined","0","0","","76.94319","-0.541992","0.448461","2380.369565","270.150097","3:00","5.655","-0.86276","5.44514","-46.4429","1.45504","7.11115","1.27727","0.14972","71.01728","-8.995421","1.717034","0.498115",,,,,,,,,,,,"-3.47823","1.29886","0.81803","50.0","5.57492","-1.14349","-111.76349","-2.57991","-4.40144","20.05809","-30.53044","MIZ_TIG","NOR_BIS","TaylorStadium","D1","SEC","20260228-TaylorStadium-3","ce731d70-1500-11f1-9d47-ad81a36dfdfe","75.67012",,,"5.92591",,,,,,,"bef09457-2091-4c2d-8883-3b9e5841a581","2026-02-28","23:54:22.49","2026-02-28T17:54:22.4990000-06:00","2026-02-28T23:54:22.4990000Z","","v3","4806","471388","509f340b254c4b3a96c253b40ff1333c","Gustafson, Evan","1000308757","Right","NOR_BIS","ba5d09c5-4b83-492e-9cdd-ea34561a9caf","55.05534","-112.66712","10.02905","5.66016","-1.2045","-15.26522","0.86508","-0.9452","-2.20072",,,,,,,,,,,,,,,,,,,,,,,,,,,,,,,,,,,,,,,,,,,,,,,,,,,"High","High","High","","","","","",,,,,,,,,,,,,,,,,,,,,,,,,,,,,,,,,,,"2026","02","28"
"36","2026-02-28","17:54:40.65","7","3","Walker, Jonah","807939","Left","NOR_BIS","Parker, Sam","806179","Left","MIZ_TIG","Undefined","4","Bottom","1","1","1","Slider","Slider","BallCalled","Undefined","Undefined","Undefined","0","0","","77.97149","1.849525","-0.258196","2377.864209","251.514995","2:30","5.7287","-0.77128","5.33733","-43.04191","3.6602","6.80122","3.87765","-0.44674","71.69902","-6.018732","0.950095","0.491858",,,,,,,,,,,,"-3.47504","1.7787","0.78952","50.0","5.8647","0.24143","-113.20855","2.2081","-4.53294","19.67504","-29.85388","MIZ_TIG","NOR_BIS","TaylorStadium","D1","SEC","20260228-TaylorStadium-3","d928d070-1500-11f1-9d47-ad81a36dfdfe","76.63276",,,"6.27247",,,,,,,"bef09457-2091-4c2d-8883-3b9e5841a581","2026-02-28","23:54:40.65","2026-02-28T17:54:40.6530000-06:00","2026-02-28T23:54:40.6530000Z","","v3","4806","471388","509f340b254c4b3a96c253b40ff1333c","Gustafson, Evan","1000308757","Right","NOR_BIS","71ce86f3-bd3e-4d7b-99a0-f4fc71fe4759","55.16215","-114.10218","9.83752","5.73362","3.56405","-14.92694","0.77388","0.44731","-2.26647",,,,,,,,,,,,,,,,,,,,,,,,,,,,,,,,,,,,,,,,,,,,,,,,,,,"High","High","High","","","","","",,,,,,,,,,,,,,,,,,,,,,,,,,,,,,,,,,,"2026","02","28"
"37","2026-02-28","17:55:01.14","7","4","Walker, Jonah","807939","Left","NOR_BIS","Parker, Sam","806179","Left","MIZ_TIG","Undefined","4","Bottom","1","2","1","Curveball","Curveball","BallCalled","Undefined","Undefined","Undefined","0","0","","76.87762","0.356746","0.495101","2403.618081","322.819087","4:45","5.68846","-0.76984","5.65227","-56.51208","-9.09812","7.94351","1.31186","0.35389","71.36745","-9.90588","1.919049","0.495592",,,,,,,,,,,,"-3.92465","-4.35398","0.72267","50.0","5.68232","-1.25711","-111.80941","-1.14902","-4.98471","19.53373","-37.70404","MIZ_TIG","NOR_BIS","TaylorStadium","D1","SEC","20260228-TaylorStadium-3","e56aefd0-1500-11f1-9d47-ad81a36dfdfe","76.05534",,,"5.51017",,,,,,,"bef09457-2091-4c2d-8883-3b9e5841a581","2026-02-28","23:55:01.14","2026-02-28T17:55:01.1460000-06:00","2026-02-28T23:55:01.1460000Z","","v3","4806","471388","509f340b254c4b3a96c253b40ff1333c","Gustafson, Evan","1000308757","Right","NOR_BIS","2ffe8992-0b70-465e-bdc3-58730c7ef387","54.85125","-112.65376","9.76687","5.69676","0.48075","-18.85202","0.77236","-1.04165","-2.49236",,,,,,,,,,,,,,,,,,,,,,,,,,,,,,,,,,,,,,,,,,,,,,,,,,,"High","High","High","","","","","",,,,,,,,,,,,,,,,,,,,,,,,,,,,,,,,,,,"2026","02","28"
"38","2026-02-28","17:55:21.38","7","5","Walker, Jonah","807939","Left","NOR_BIS","Parker, Sam","806179","Left","MIZ_TIG","Undefined","4","Bottom","1","3","1","Fastball","Cutter","BallCalled","Walk","Undefined","Undefined","0","1","","85.85873","0.945135","0.352677","2276.996652","174.296202","11:45","5.89312","-0.68209","5.59638","-26.34738","11.83351","-1.06634","4.58003","-0.44167","78.62588","-3.954703","0.162374","0.444728",,,,,,,,,,,,"0.63283","6.09311","0.65256","50.0","5.95713","-0.72233","-124.69915","1.17588","0.99997","24.24922","-22.54614","MIZ_TIG","NOR_BIS","TaylorStadium","D1","SEC","20260228-TaylorStadium-3","f16f42e0-1500-11f1-9d47-ad81a36dfdfe","84.75392",,,"7.23285",,,,,,,"bef09457-2091-4c2d-8883-3b9e5841a581","2026-02-28","23:55:21.38","2026-02-28T17:55:21.3830000-06:00","2026-02-28T23:55:21.3830000Z","","v3","4806","471388","509f340b254c4b3a96c253b40ff1333c","Gustafson, Evan","1000308757","Right","NOR_BIS","3c7107da-decf-4dec-9985-fec5fc7418f4","54.90154","-125.6487","12.12461","5.8938","2.05874","-11.27307","0.68161","-0.76148","0.49999",,,,,,,,,,,,,,,,,,,,,,,,,,,,,,,,,,,,,,,,,,,,,,,,,,,"High","High","High","","","","","",,,,,,,,,,,,,,,,,,,,,,,,,,,,,,,,,,,"2026","02","28"
"39","2026-02-28","17:56:00.97","8","1","Walker, Jonah","807939","Left","NOR_BIS","Patterson, Christopher","1000080435","Right","MIZ_TIG","Undefined","4","Bottom","1","0","0","ChangeUp","Changeup","StrikeSwinging","Undefined","Undefined","Undefined","0","0","","82.28268","-0.872729","1.988416","1671.32556","105.438644","9:30","5.56413","-1.36087","5.83848","-36.26325","5.01236","-13.52276","1.73052","-0.63895","75.68269","-7.555549","-0.438756","0.4624",,,,,,,,,,,,"7.43374","3.21122","1.20665","50.0","5.47174","-3.61608","-119.50685","-3.00768","10.76741","22.69319","-27.52273","MIZ_TIG","NOR_BIS","TaylorStadium","D1","SEC","20260228-TaylorStadium-3","0907c210-1501-11f1-9d47-ad81a36dfdfe","81.51473",,,"6.59999",,,,,,,"bef09457-2091-4c2d-8883-3b9e5841a581","2026-02-28","23:56:00.97","2026-02-28T17:56:00.9720000-06:00","2026-02-28T23:56:00.9720000Z","","v3","4806","471388","509f340b254c4b3a96c253b40ff1333c","Gustafson, Evan","1000308757","Right","NOR_BIS","840e8d4e-2a5d-44ac-a50d-826582fd372d","54.66096","-120.38867","11.34659","5.56783","-1.9382","-13.76137","1.3553","-4.03449","5.3837",,,,,,,,,,,,,,,,,,,,,,,,,,,,,,,,,,,,,,,,,,,,,,,,,,,"High","High","High","","","","","",,,,,,,,,,,,,,,,,,,,,,,,,,,,,,,,,,,"2026","02","28"
"40","2026-02-28","17:56:19.15","8","2","Walker, Jonah","807939","Left","NOR_BIS","Patterson, Christopher","1000080435","Right","MIZ_TIG","Undefined","4","Bottom","1","0","1","ChangeUp","Changeup","StrikeSwinging","Undefined","Undefined","Undefined","0","0","","83.13953","-1.220028","1.547172","1886.653266","114.052486","9:45","5.50548","-1.2223","5.94613","-31.79596","9.20764","-17.25166","1.72361","-1.22452","75.06575","-7.159903","-1.555501","0.460874",,,,,,,,,,,,"9.463","5.53685","1.1092","50.0","5.39054","-2.59343","-120.58865","-3.55411","13.66846","27.61979","-24.17653","MIZ_TIG","NOR_BIS","TaylorStadium","D1","SEC","20260228-TaylorStadium-3","13ec2630-1501-11f1-9d47-ad81a36dfdfe","81.78464",,,"8.07379",,,,,,,"bef09457-2091-4c2d-8883-3b9e5841a581","2026-02-28","23:56:19.15","2026-02-28T17:56:19.1580000-06:00","2026-02-28T23:56:19.1580000Z","","v3","4806","471388","509f340b254c4b3a96c253b40ff1333c","Gustafson, Evan","1000308757","Right","NOR_BIS","9548808b-eb3b-4b66-b6ab-87fe08b9461f","54.55315","-121.62703","13.8099","5.50708","-2.64517","-12.08826","1.21636","-3.10731","6.83423",,,,,,,,,,,,,,,,,,,,,,,,,,,,,,,,,,,,,,,,,,,,,,,,,,,"High","High","High","","","","","",,,,,,,,,,,,,,,,,,,,,,,,,,,,,,,,,,,"2026","02","28"
"41","2026-02-28","17:56:43.16","8","3","Walker, Jonah","807939","Left","NOR_BIS","Patterson, Christopher","1000080435","Right","MIZ_TIG","Undefined","4","Bottom","1","0","2","ChangeUp","Changeup","StrikeSwinging","Strikeout","Undefined","Undefined","0","0","","82.74812","-0.965962","1.034043","1717.843819","95.781092","9:15","5.48389","-1.43138","5.9828","-38.04282","3.03658","-15.95863","1.41808","-1.80271","75.28749","-8.007753","-1.84054","0.4613",,,,,,,,,,,,"8.46784","2.32453","1.35816","50.0","5.38699","-1.53455","-120.10768","-3.26011","12.21802","25.92259","-28.82003","MIZ_TIG","NOR_BIS","TaylorStadium","D1","SEC","20260228-TaylorStadium-3","222f6cc0-1501-11f1-9d47-ad81a36dfdfe","81.70921",,,"7.46063",,,,,,,"bef09457-2091-4c2d-8883-3b9e5841a581","2026-02-28","23:56:43.16","2026-02-28T17:56:43.1660000-06:00","2026-02-28T23:56:43.1660000Z","","v3","4806","471388","509f340b254c4b3a96c253b40ff1333c","Gustafson, Evan","1000308757","Right","NOR_BIS","0988458b-6208-42c3-bedc-755f93cee5bb","54.51512","-121.07825","12.96129","5.48885","-2.18106","-14.41001","1.42418","-1.992","6.10901",,,,,,,,,,,,,,,,,,,,,,,,,,,,,,,,,,,,,,,,,,,,,,,,,,,"High","High","High","","","","","",,,,,,,,,,,,,,,,,,,,,,,,,,,,,,,,,,,"2026","02","28"
"42","2026-02-28","17:57:14.91","9","1","Walker, Jonah","807939","Left","NOR_BIS","Macon, Tyler","823527","Right","MIZ_TIG","Undefined","4","Bottom","2","0","0","ChangeUp","Changeup","FoulBallNotFieldable","Undefined","Undefined","Undefined","0","0","","83.10368","-0.879297","2.800657","1722.844888","106.457725","9:30","5.45255","-1.14874","6.00167","-34.71592","6.20146","-15.97316","1.74379","0.11724","75.14954","-7.345287","-0.072507","0.460389","67.49481","-20.004767","-64.948988",,,,,"6.34949","6.34949","-47.603314","0.054092","9.14378","3.8915","0.93716","50.0","5.36442","-5.27198","-120.47504","-2.94551","13.2208","26.94756","-26.54744","MIZ_TIG","NOR_BIS","TaylorStadium","D1","SEC","20260228-TaylorStadium-3","352b5960-1501-11f1-9d47-ad81a36dfdfe","81.87079","1.83699",,"7.95415",,,,"2.14469","1.83699","-0.11792","bef09457-2091-4c2d-8883-3b9e5841a581","2026-02-28","23:57:14.91","2026-02-28T17:57:14.9110000-06:00","2026-02-28T23:57:14.9110000Z","GroundBall","v3","4806","471388","509f340b254c4b3a96c253b40ff1333c","Gustafson, Evan","1000308757","Right","NOR_BIS","c4926ba5-97af-4145-8da2-52609d35f679","54.49688","-121.47673","13.47378","5.45556","-1.95869","-13.27372","1.14226","-5.76342","6.6104",,"2.14372","39.49751",,,,,,,,"1.83782","-33.9603",,,,,,,,"-0.11585","-84.50617",,,,,,,,,,,,,,,,,,,,,,,,,,,,,,"High","High","High","Estimated","Estimated","","","",,,,,,,,,,,,,,,,,,,,,,,,,,,,,,,,"79.19792","20.8634","-9.40464","2026","02","28"
"43","2026-02-28","17:57:39.70","9","2","Walker, Jonah","807939","Left","NOR_BIS","Macon, Tyler","823527","Right","MIZ_TIG","Undefined","4","Bottom","2","0","1","Fastball","Cutter","BallCalled","Undefined","Undefined","Undefined","0","0","","86.48821","0.516103","0.551623","2255.025485","205.230905","12:45","5.85378","-1.00041","5.63719","-29.3245","7.93327","3.25162","3.8916","-0.2148","79.95365","-4.890314","1.132541","0.439319",,,,,,,,,,,,"-1.51508","4.2274","0.95141","50.0","5.87883","-1.347","-125.75618","0.11463","-2.45499","22.67111","-25.3241","MIZ_TIG","NOR_BIS","TaylorStadium","D1","SEC","20260228-TaylorStadium-3","43dccb10-1501-11f1-9d47-ad81a36dfdfe","85.79742",,,"6.53456",,,,,,,"bef09457-2091-4c2d-8883-3b9e5841a581","2026-02-28","23:57:39.70","2026-02-28T17:57:39.7030000-06:00","2026-02-28T23:57:39.7030000Z","","v3","4806","471388","509f340b254c4b3a96c253b40ff1333c","Gustafson, Evan","1000308757","Right","NOR_BIS","9dd08125-34c3-438c-aaa4-fc7735309914","54.86256","-126.62976","11.33555","5.85561","1.09043","-12.66205","1.00149","-1.2524","-1.22749",,,,,,,,,,,,,,,,,,,,,,,,,,,,,,,,,,,,,,,,,,,,,,,,,,,"High","High","High","","","","","",,,,,,,,,,,,,,,,,,,,,,,,,,,,,,,,,,,"2026","02","28"
"44","2026-02-28","17:58:02.91","9","3","Walker, Jonah","807939","Left","NOR_BIS","Macon, Tyler","823527","Right","MIZ_TIG","Undefined","4","Bottom","2","1","1","Slider","Curveball","StrikeCalled","Undefined","Undefined","Undefined","0","0","","75.35799","1.452679","-0.550138","2432.625486","292.963915","3:45","5.68309","-0.97453","5.65169","-51.71444","-2.20685","8.75008","2.7288","-0.75848","69.4128","-8.008653","1.01532","0.506416",,,,,,,,,,,,"-4.57701","-1.02587","1.01556","50.0","5.77344","0.72755","-109.48378","1.1334","-5.56485","19.02421","-33.42135","MIZ_TIG","NOR_BIS","TaylorStadium","D1","SEC","20260228-TaylorStadium-3","51ce6f30-1501-11f1-9d47-ad81a36dfdfe","74.42981",,,"5.94519",,,,,,,"bef09457-2091-4c2d-8883-3b9e5841a581","2026-02-28","23:58:02.91","2026-02-28T17:58:02.9100000-06:00","2026-02-28T23:58:02.9100000Z","","v3","4806","471388","509f340b254c4b3a96c253b40ff1333c","Gustafson, Evan","1000308757","Right","NOR_BIS","b3aefb2f-3201-4acf-a23b-b401b0112149","54.84886","-110.32311","9.51211","5.6909","2.60792","-16.71067","0.97804","0.97306","-2.78243",,,,,,,,,,,,,,,,,,,,,,,,,,,,,,,,,,,,,,,,,,,,,,,,,,,"High","High","High","","","","","",,,,,,,,,,,,,,,,,,,,,,,,,,,,,,,,,,,"2026","02","28"
"45","2026-02-28","17:58:24.63","9","4","Walker, Jonah","807939","Left","NOR_BIS","Macon, Tyler","823527","Right","MIZ_TIG","Undefined","4","Bottom","2","1","2","Fastball","Slider","FoulBallNotFieldable","Undefined","Undefined","Undefined","0","0","","85.50149","-1.104775","1.775681","2299.529677","210.787895","1:00","5.7919","-0.82811","5.70159","-31.136","6.89977","3.48803","2.16718","1.11768","79.39676","-6.817398","2.399564","0.443882",,,,,,,,,,,,"-1.36126","4.08477","0.67686","50.0","5.67952","-3.99214","-124.30023","-3.45895","-2.15556","22.08421","-25.70583","MIZ_TIG","NOR_BIS","TaylorStadium","D1","SEC","20260228-TaylorStadium-3","5ea1f920-1501-11f1-9d47-ad81a36dfdfe","84.91545",,,"6.10472",,,,,,,"bef09457-2091-4c2d-8883-3b9e5841a581","2026-02-28","23:58:24.63","2026-02-28T17:58:24.6360000-06:00","2026-02-28T23:58:24.6360000Z","","v3","4806","471388","509f340b254c4b3a96c253b40ff1333c","Gustafson, Evan","1000308757","Right","NOR_BIS","84b184df-88bb-425c-8e37-47283cc0d254","54.79993","-125.15013","11.04211","5.7936","-2.46969","-12.85291","0.8289","-3.90919","-1.07778",,,,,,,,,,,,,,,,,,,,,,,,,,,,,,,,,,,,,,,,,,,,,,,,,,,"High","High","High","","","","","",,,,,,,,,,,,,,,,,,,,,,,,,,,,,,,,,,,"2026","02","28"
"46","2026-02-28","17:58:49.69","9","5","Walker, Jonah","807939","Left","NOR_BIS","Macon, Tyler","823527","Right","MIZ_TIG","Undefined","4","Bottom","2","1","2","ChangeUp","Changeup","InPlay","Undefined","GroundBall","Out","1","0","","82.80357","-0.937286","1.618613","1785.220594","116.91974","10:00","5.54679","-1.27621","5.91827","-31.14525","9.62619","-16.37154","2.08111","-1.13798","75.78614","-6.727115","-1.323408","0.459568","56.5233","-17.433989","-22.41003",,,,,"8.33399","7.67454","-11.233893","0.090263","8.89182","5.59036","1.15602","50.0","5.45396","-2.76637","-120.2657","-2.94214","12.98508","23.95972","-24.01021","MIZ_TIG","NOR_BIS","TaylorStadium","D1","SEC","20260228-TaylorStadium-3","6db2a1d0-1501-11f1-9d47-ad81a36dfdfe","82.01719","2.25294",,"7.01742",,,,"1.54188","2.25294","1.11147","bef09457-2091-4c2d-8883-3b9e5841a581","2026-02-28","23:58:49.69","2026-02-28T17:58:49.6960000-06:00","2026-02-28T23:58:49.6960000Z","GroundBall","v3","4806","471388","509f340b254c4b3a96c253b40ff1333c","Gustafson, Evan","1000308757","Right","NOR_BIS","046885c4-f88a-4a39-963a-dabfc0164da3","54.58168","-121.17504","11.97986","5.54833","-2.03088","-12.00511","1.27037","-3.25919","6.49254","180.0","1.53665","73.47921",,,,,,,,"2.25472","-24.95985",,,,,,,,"1.11362","-30.301",,,,,,,,,,,,,,,,,,,,,,,,,,,,,,"High","High","High","High","High","","","",,,,,,,,,,,,,,,,,,,,,,,,,,,,,,,,"66.61373","23.47286","-10.92889","2026","02","28"
"58","2026-02-28","18:07:38.12","1","1","Gluth, Braden","1000132157","Right","NOR_BIS","Woita, Jase","831805","Left","MIZ_TIG","Undefined","5","Bottom","0","0","0","Sinker","Changeup","StrikeCalled","Undefined","Undefined","Undefined","0","0","","84.64988","1.517515","-4.226267","2044.574282","267.840606","3:00","5.02351","2.05815","6.14415","-37.05852","1.96284","17.1517","3.34177","-0.42507","76.77609","-5.376066","-1.143743","0.449596",,,,,,,,,,,,"-10.03335","1.00079","-1.74396","50.0","5.12075","8.37336","-122.62852","2.05168","-15.17307","25.80608","-30.66062","MIZ_TIG","NOR_BIS","TaylorStadium","D1","SEC","20260228-TaylorStadium-3","a8971eb0-1502-11f1-9d47-ad81a36dfdfe","83.83618",,,"7.87379",,,,,,,"bef09457-2091-4c2d-8883-3b9e5841a581","2026-03-01","00:07:38.12","2026-02-28T18:07:38.1260000-06:00","2026-03-01T00:07:38.1260000Z","","v3","4806","471388","509f340b254c4b3a96c253b40ff1333c","Gustafson, Evan","1000308757","Right","NOR_BIS","2823ac4c-fe7b-4fdf-87ed-390d998302a2","54.35455","-123.54149","12.90304","5.02898","3.13641","-15.33031","-2.04969","8.91016","-7.58654",,,,,,,,,,,,,,,,,,,,,,,,,,,,,,,,,,,,,,,,,,,,,,,,,,,"High","High","High","","","","","",,,,,,,,,,,,,,,,,,,,,,,,,,,,,,,,,,,"2026","02","28"
"59","2026-02-28","18:07:51.79","1","2","Gluth, Braden","1000132157","Right","NOR_BIS","Woita, Jase","831805","Left","MIZ_TIG","Undefined","5","Bottom","0","0","1","Sinker","Changeup","BallCalled","Undefined","Undefined","Undefined","0","0","","83.49315","0.600986","-5.399945","2000.8348","257.606272","2:30","5.03904","2.04136","6.17141","-35.34837","4.17587","13.83032","2.65091","-1.80837","77.04387","-5.938895","-2.920328","0.452484","66.67462","-5.969997","169.266477",,,,,"17.29545","17.29545","164.094505","0.167669","-8.45426","2.39311","-1.63818","50.0","5.06679","10.90558","-120.97485","0.16027","-12.66479","21.19796","-28.58908","MIZ_TIG","NOR_BIS","TaylorStadium","D1","SEC","20260228-TaylorStadium-3","b0b4c1b0-1502-11f1-9d47-ad81a36dfdfe","83.30117","2.45099",,"6.44929",,,,"-0.78655","2.45099","1.41317","bef09457-2091-4c2d-8883-3b9e5841a581","2026-03-01","00:07:51.79","2026-02-28T18:07:51.7940000-06:00","2026-03-01T00:07:51.7940000Z","GroundBall","v3","4806","471388","509f340b254c4b3a96c253b40ff1333c","Gustafson, Evan","1000308757","Right","NOR_BIS","9c7f25d5-516b-4743-b451-356ba8b0370f","54.32916","-121.73107","10.59898","5.04288","1.18016","-14.29454","-2.03529","11.35739","-6.3324",,"-0.78599","-95.60106","6.45632",,,,,,,"2.45118","-10.18604","-26.44653",,,,,,,"1.41299","18.12752","10.23013",,,,,,,,,,,,,,,,,,,,,,,,,,,,,"High","High","High","Low","High","","","",,,,,,,,,,,,,,,,,,,,,,,,,,,,,,,,,,,"2026","02","28"
"60","2026-02-28","18:08:10.73","1","3","Gluth, Braden","1000132157","Right","NOR_BIS","Woita, Jase","831805","Left","MIZ_TIG","Undefined","5","Bottom","0","1","1","Sinker","Changeup","BallCalled","Undefined","Undefined","Undefined","0","0","","83.26692","1.177152","-2.101917","1991.672234","252.713751","2:30","5.00557","2.07702","6.20283","-34.45616","5.30181","13.11056","3.22169","1.2285","76.25678","-5.245867","0.263789","0.45382",,,,,,,,,,,,"-7.33878","2.81315","-1.92529","50.0","5.0769","3.93875","-120.97931","1.42081","-10.89084","23.30872","-27.99931","MIZ_TIG","NOR_BIS","TaylorStadium","D1","SEC","20260228-TaylorStadium-3","bc14e580-1502-11f1-9d47-ad81a36dfdfe","83.05594",,,"7.01013",,,,,,,"bef09457-2091-4c2d-8883-3b9e5841a581","2026-03-01","00:08:10.73","2026-02-28T18:08:10.7390000-06:00","2026-03-01T00:08:10.7390000Z","","v3","4806","471388","509f340b254c4b3a96c253b40ff1333c","Gustafson, Evan","1000308757","Right","NOR_BIS","61fad9c9-e600-457d-93e2-1c9ed825bc7f","54.29655","-121.80431","11.65436","5.00907","2.41182","-13.99966","-2.07152","4.32422","-5.44542",,,,,,,,,,,,,,,,,,,,,,,,,,,,,,,,,,,,,,,,,,,,,,,,,,,"High","High","High","","","","","",,,,,,,,,,,,,,,,,,,,,,,,,,,,,,,,,,,"2026","02","28"
"61","2026-02-28","18:08:27.12","1","4","Gluth, Braden","1000132157","Right","NOR_BIS","Woita, Jase","831805","Left","MIZ_TIG","Undefined","5","Bottom","0","2","1","Sinker","Changeup","StrikeSwinging","Undefined","Undefined","Undefined","0","0","","82.24582","0.316102","-2.691097","1899.039339","271.977061","3:00","5.06303","1.87094","6.09515","-40.67797","0.77953","19.26907","1.9659","0.98576","74.61168","-7.235201","0.781764","0.463418",,,,,,,,,,,,"-10.71103","0.77575","-1.67315","50.0","5.06647","4.85639","-119.32908","-0.64491","-15.25198","25.62902","-31.06944","MIZ_TIG","NOR_BIS","TaylorStadium","D1","SEC","20260228-TaylorStadium-3","c5da1e00-1502-11f1-9d47-ad81a36dfdfe","81.33569",,,"7.63414",,,,,,,"bef09457-2091-4c2d-8883-3b9e5841a581","2026-03-01","00:08:27.12","2026-02-28T18:08:27.1240000-06:00","2026-03-01T00:08:27.1240000Z","","v3","4806","471388","509f340b254c4b3a96c253b40ff1333c","Gustafson, Evan","1000308757","Right","NOR_BIS","41f9b4fb-0af5-43fc-9f2c-d0a9952f8dee","54.40378","-120.27119","12.81451","5.06919","0.49718","-15.53472","-1.86198","5.41705","-7.62599",,,,,,,,,,,,,,,,,,,,,,,,,,,,,,,,,,,,,,,,,,,,,,,,,,,"High","High","High","","","","","",,,,,,,,,,,,,,,,,,,,,,,,,,,,,,,,,,,"2026","02","28"
"62","2026-02-28","18:08:44.82","1","5","Gluth, Braden","1000132157","Right","NOR_BIS","Woita, Jase","831805","Left","MIZ_TIG","Undefined","5","Bottom","0","2","2","Sinker","Changeup","BallCalled","Undefined","Undefined","Undefined","0","0","","83.80032","2.77896","-2.333769","2046.147707","260.314334","2:45","5.15387","1.96112","6.03794","-36.18947","3.52965","13.29796","4.71539","0.90716","76.26445","-3.949674","0.055611","0.453598",,,,,,,,,,,,"-7.44343","1.44433","-1.7858","50.0","5.35171","4.42093","-121.54275","4.73053","-11.11475","24.21683","-30.01734","MIZ_TIG","NOR_BIS","TaylorStadium","D1","SEC","20260228-TaylorStadium-3","d0801990-1502-11f1-9d47-ad81a36dfdfe","83.09656",,,"7.53587",,,,,,,"bef09457-2091-4c2d-8883-3b9e5841a581","2026-03-01","00:08:44.82","2026-02-28T18:08:44.8210000-06:00","2026-03-01T00:08:44.8210000Z","","v3","4806","471388","509f340b254c4b3a96c253b40ff1333c","Gustafson, Evan","1000308757","Right","NOR_BIS","2593b17d-d7df-4b04-97e3-979efd69d9e3","54.46059","-122.42828","12.10842","5.15866","5.82816","-15.00867","-1.95489","4.82736","-5.55738",,,,,,,,,,,,,,,,,,,,,,,,,,,,,,,,,,,,,,,,,,,,,,,,,,,"High","High","High","","","","","",,,,,,,,,,,,,,,,,,,,,,,,,,,,,,,,,,,"2026","02","28"
"63","2026-02-28","18:09:00.50","1","6","Gluth, Braden","1000132157","Right","NOR_BIS","Woita, Jase","831805","Left","MIZ_TIG","Undefined","5","Bottom","0","3","2","Sinker","Changeup","BallCalled","Walk","Undefined","Undefined","0","0","","83.90335","-0.027528","-5.234639","1936.679838","257.874035","2:30","5.07887","1.92402","6.43801","-34.02844","4.72465","16.71812","2.21777","-1.50664","77.39167","-6.360465","-2.218566","0.448048",,,,,,,,,,,,"-10.04071","2.8402","-1.55821","50.0","5.06165","10.53221","-121.65769","-1.07896","-15.18625","21.81556","-27.8783","MIZ_TIG","NOR_BIS","TaylorStadium","D1","SEC","20260228-TaylorStadium-3","d9b5bc40-1502-11f1-9d47-ad81a36dfdfe","84.12591",,,"6.51168",,,,,,,"bef09457-2091-4c2d-8883-3b9e5841a581","2026-03-01","00:09:00.50","2026-02-28T18:09:00.5080000-06:00","2026-03-01T00:09:00.5080000Z","","v3","4806","471388","509f340b254c4b3a96c253b40ff1333c","Gustafson, Evan","1000308757","Right","NOR_BIS","1e259b54-9c4a-4e6b-84db-7a83456e65cc","54.0633","-122.38415","10.90778","5.08212","-0.15061","-13.93915","-1.91736","11.03792","-7.59313",,,,,,,,,,,,,,,,,,,,,,,,,,,,,,,,,,,,,,,,,,,,,,,,,,,"High","High","High","","","","","",,,,,,,,,,,,,,,,,,,,,,,,,,,,,,,,,,,"2026","02","28"
"64","2026-02-28","18:09:37.58","2","1","Gluth, Braden","1000132157","Right","NOR_BIS","Serna, Mateo","806219","Left","MIZ_TIG","Undefined","5","Bottom","0","0","0","Fastball","Changeup","StrikeCalled","Undefined","Undefined","Undefined","0","0","","83.23501","1.256935","-2.569581","1973.817872","255.264681","2:30","5.15948","2.04605","6.12801","-35.50675","4.3724","12.01493","3.36381","0.67046","76.30878","-5.342405","-0.405723","0.454511",,,,,,,,,,,,"-6.85587","2.32228","-1.85539","50.0","5.23742","4.95787","-120.88546","1.53156","-10.17513","22.90818","-28.7274","MIZ_TIG","NOR_BIS","TaylorStadium","D1","SEC","20260228-TaylorStadium-3","efc0bda0-1502-11f1-9d47-ad81a36dfdfe","82.92965",,,"6.92623",,,,,,,"bef09457-2091-4c2d-8883-3b9e5841a581","2026-03-01","00:09:37.58","2026-02-28T18:09:37.5820000-06:00","2026-03-01T00:09:37.5820000Z","","v3","4806","471388","509f340b254c4b3a96c253b40ff1333c","Gustafson, Evan","1000308757","Right","NOR_BIS","005d0007-5a33-4c9a-a618-f0f6e559c784","54.37111","-121.71098","11.45409","5.16358","2.56678","-14.3637","-2.04066","5.32454","-5.08757",,,,,,,,,,,,,,,,,,,,,,,,,,,,,,,,,,,,,,,,,,,,,,,,,,,"High","High","High","","","","","",,,,,,,,,,,,,,,,,,,,,,,,,,,,,,,,,,,"2026","02","28"
"65","2026-02-28","18:09:55.00","2","2","Gluth, Braden","1000132157","Right","NOR_BIS","Serna, Mateo","806219","Left","MIZ_TIG","Undefined","5","Bottom","0","0","1","Slider","Slider","BallCalled","Undefined","Undefined","Undefined","0","0","","74.06442","2.009909","0.510821","2129.287738","12.02139","6:30","5.47394","1.57746","5.78295","-49.66625","1.00449","-0.08996","3.20593","2.04524","68.55718","-7.104713","0.494701","0.51233",,,,,,,,,,,,"0.17382","0.48591","-1.61952","50.0","5.60983","-0.95656","-107.64868","2.27186","0.20589","17.01738","-31.59842","MIZ_TIG","NOR_BIS","TaylorStadium","D1","SEC","20260228-TaylorStadium-3","fa35e530-1502-11f1-9d47-ad81a36dfdfe","73.5706",,,"5.50724",,,,,,,"bef09457-2091-4c2d-8883-3b9e5841a581","2026-03-01","00:09:55.00","2026-02-28T18:09:55.0080000-06:00","2026-03-01T00:09:55.0080000Z","","v3","4806","471388","509f340b254c4b3a96c253b40ff1333c","Gustafson, Evan","1000308757","Right","NOR_BIS","84318e94-af29-44b7-b27d-7e81d5c7a16c","54.71729","-108.39184","8.50869","5.48049","3.65178","-15.79921","-1.57756","-0.96555","0.10294",,,,,,,,,,,,,,,,,,,,,,,,,,,,,,,,,,,,,,,,,,,,,,,,,,,"High","High","High","","","","","",,,,,,,,,,,,,,,,,,,,,,,,,,,,,,,,,,,"2026","02","28"
"66","2026-02-28","18:10:15.36","2","3","Gluth, Braden","1000132157","Right","NOR_BIS","Serna, Mateo","806219","Left","MIZ_TIG","Undefined","5","Bottom","0","1","1","Sinker","Changeup","FoulBallNotFieldable","Undefined","Undefined","Undefined","0","0","","80.59579","0.473545","-3.714749","1861.563482","271.495897","3:00","5.27682","1.81819","6.19747","-41.57585","1.02358","11.96064","2.25026","-0.61919","73.92384","-7.226486","-1.559396","0.469757","103.39129","19.042981","39.183479","2923.187289","79.62184","30.05558","75.89585","287.21115","196.16102","52.456284","2.931453","-7.28516","0.74909","-1.54449","50.0","5.29141","7.16705","-116.97516","-0.29338","-10.08579","22.23403","-31.13698","MIZ_TIG","NOR_BIS","TaylorStadium","D1","SEC","20260228-TaylorStadium-3","06691070-1503-11f1-9d47-ad81a36dfdfe","80.23815","34.04268",,"6.67195",,,,"2.45332","2.50133","0.58011","bef09457-2091-4c2d-8883-3b9e5841a581","2026-03-01","00:10:15.36","2026-02-28T18:10:15.3600000-06:00","2026-03-01T00:10:15.3600000Z","LineDrive","v3","4806","471388","509f340b254c4b3a96c253b40ff1333c","Gustafson, Evan","1000308757","Right","NOR_BIS","b3f084b5-3712-4601-8c8f-89cdd9a83b1c","54.30392","-117.79038","11.11701","5.28124","0.84828","-15.56849","-1.81406","7.53685","-5.04289",,"2.4534","111.10477","-29.55936","6.93552","-1.54327","0.25301","-0.02375","-7.3E-4","3.3E-4","2.5013","49.47792","-22.1207","2.56522","-0.48533","0.10486","-0.02281","0.00401","-3.5E-4","0.58013","90.56331","-1.65","-2.49777","1.10757","-0.35497","0.08361","-0.01306","9.3E-4",,,,,,,,,,,,,,,,,,,,,,,"High","High","High","High","Medium","","","",,,,,,,,,,,,,,,,,,,,,,,,,,,,,,,,,,,"2026","02","28"
"67","2026-02-28","18:10:45.41","2","4","Gluth, Braden","1000132157","Right","NOR_BIS","Serna, Mateo","806219","Left","MIZ_TIG","Undefined","5","Bottom","0","1","2","Slider","Changeup","InPlay","Undefined","LineDrive","Single","0","0","","74.72086","-0.001906","-1.052317","1504.104379","317.06749","4:30","5.83674","1.20653","6.19107","-53.3992","-4.03784","5.1537","1.38505","0.66433","69.10914","-9.826373","-0.119394","0.505667","84.06803","15.100548","14.93666","1135.116738","104.83167","16.50516","33.32097","194.6716","192.84179","21.007604","2.059149","-2.98421","-1.69933","-1.12987","50.0","5.80949","1.82586","-108.68203","-1.5363","-3.56676","19.17427","-34.2051","MIZ_TIG","NOR_BIS","TaylorStadium","D1","SEC","20260228-TaylorStadium-3","1847cd40-1503-11f1-9d47-ad81a36dfdfe","74.53998","16.56158",,"5.61172",,,,"1.97035","1.48798","-0.67563","bef09457-2091-4c2d-8883-3b9e5841a581","2026-03-01","00:10:45.41","2026-02-28T18:10:45.4100000-06:00","2026-03-01T00:10:45.4100000Z","LineDrive","v3","4806","471388","509f340b254c4b3a96c253b40ff1333c","Gustafson, Evan","1000308757","Right","NOR_BIS","8dcad472-2151-4093-ac88-118c5fade11a","54.31102","-109.43996","9.58714","5.8435","-0.18423","-17.10255","-1.20483","1.96685","-1.78338","250.846475","1.97032","115.02194","-17.53249","2.93709","-0.74665","0.22925","-0.06276","0.00929","-4.0E-4","1.48798","32.12117","-18.46903","1.68007","-0.32653","0.06409","-0.00663","-6.0E-5","7.0E-5","-0.67552","30.67565","2.66429","-0.88152","0.6654","-0.50156","0.20877","-0.04218","0.00312",,,,,,,,,,,,,,,,,,,,,,,"High","High","High","High","High","","","",,,,,,,,,,,,,,,,,,,,,,,,,,,,,,,,"58.90317","18.15198","6.94326","2026","02","28"
"68","2026-02-28","18:11:27.03","3","1","Gluth, Braden","1000132157","Right","NOR_BIS","Ward, Blaize","1000263242","Left","MIZ_TIG","Undefined","5","Bottom","0","0","0","Fastball","Changeup","InPlay","Undefined","GroundBall","Out","1","0","","84.51274","-0.446539","-3.0464","1969.413553","242.16784","2:00","5.18191","1.87992","6.41318","-30.18439","8.10863","13.12072","2.25541","0.16985","77.5572","-6.100818","-0.670636","0.445381","27.35744","-33.798885","33.392864",,,,,"6.23216","6.23213","16.773724","0.105836","-7.73922","4.70055","-1.66796","50.0","5.13608","6.05903","-122.78965","-1.844","-11.83232","23.99369","-24.98751","MIZ_TIG","NOR_BIS","TaylorStadium","D1","SEC","20260228-TaylorStadium-3","30ffed40-1503-11f1-9d47-ad81a36dfdfe","84.62975","2.4171",,"6.95554",,,,"2.95226","2.4171","-0.18875","bef09457-2091-4c2d-8883-3b9e5841a581","2026-03-01","00:11:27.03","2026-02-28T18:11:27.0390000-06:00","2026-03-01T00:11:27.0390000Z","GroundBall","v3","4806","471388","509f340b254c4b3a96c253b40ff1333c","Gustafson, Evan","1000308757","Right","NOR_BIS","b701e5b2-101b-4139-a810-d03328ff1780","54.08774","-123.58583","11.99684","5.18351","-1.01484","-12.49376","-1.87553","6.45166","-5.91616",,"2.94126","28.48488",,,,,,,,"2.42592","-22.83841",,,,,,,,"-0.19601","18.77723",,,,,,,,,,,,,,,,,,,,,,,,,,,,,,"High","High","High","Estimated","Estimated","","","",,,,,,,,,,,,,,,,,,,,,,,,,,,,,,,,,,,"2026","02","28"
"69","2026-02-28","18:12:14.77","4","1","Gluth, Braden","1000132157","Right","NOR_BIS","George, Jamal","805322","Right","MIZ_TIG","Undefined","5","Bottom","1","0","0","Sinker","Curveball","BallCalled","Undefined","Undefined","Undefined","0","0","","75.19373","-0.073661","-1.346676","2102.270853","72.738042","8:30","5.58521","1.53514","5.52955","-50.44542","-0.98512","-7.47059","1.31255","-0.34653","70.23239","-9.222519","-2.680649","0.506174",,,,,,,,,,,,"3.4724","-0.09819","-1.41295","50.0","5.5447","2.84066","-109.35719","-1.75054","4.25527","17.12433","-32.29436","MIZ_TIG","NOR_BIS","TaylorStadium","D1","SEC","20260228-TaylorStadium-3","4d825bb0-1503-11f1-9d47-ad81a36dfdfe","74.46539",,,"4.96134",,,,,,,"bef09457-2091-4c2d-8883-3b9e5841a581","2026-03-01","00:12:14.77","2026-02-28T18:12:14.7760000-06:00","2026-03-01T00:12:14.7760000Z","","v3","4806","471388","509f340b254c4b3a96c253b40ff1333c","Gustafson, Evan","1000308757","Right","NOR_BIS","af62b950-5a48-463d-a1dc-9bb57686a886","54.97281","-110.13313","8.56217","5.59086","-0.28721","-16.14718","-1.5373","2.64784","2.12763",,,,,,,,,,,,,,,,,,,,,,,,,,,,,,,,,,,,,,,,,,,,,,,,,,,"High","High","High","","","","","",,,,,,,,,,,,,,,,,,,,,,,,,,,,,,,,,,,"2026","02","28"
"70","2026-02-28","18:12:33.02","4","2","Gluth, Braden","1000132157","Right","NOR_BIS","George, Jamal","805322","Right","MIZ_TIG","Undefined","5","Bottom","1","1","0","Slider","Curveball","InPlay","Undefined","GroundBall","Error","0","1","","73.20251","1.15116","-0.615567","2029.331701","59.595298","8:00","5.66266","1.45745","5.52033","-55.90416","-3.89799","-8.93087","2.0805","0.13765","68.53939","-8.983444","-2.210153","0.519038","93.24893","-7.954382","-23.730818",,,,,"20.96752","20.50205","-21.970897","0.148316","4.41969","-1.91811","-1.39755","50.0","5.72454","1.45474","-106.52724","0.39925","5.15747","15.6405","-34.41235","MIZ_TIG","NOR_BIS","TaylorStadium","D1","SEC","20260228-TaylorStadium-3","585867f0-1503-11f1-9d47-ad81a36dfdfe","72.61985","2.42744",,"4.66312",,,,"1.62762","2.42744","-0.08156","bef09457-2091-4c2d-8883-3b9e5841a581","2026-03-01","00:12:33.02","2026-02-28T18:12:33.0260000-06:00","2026-03-01T00:12:33.0260000Z","GroundBall","v3","4806","471388","509f340b254c4b3a96c253b40ff1333c","Gustafson, Evan","1000308757","Right","NOR_BIS","778803b1-71eb-4b8d-9fed-a6ba48c60d4e","54.98367","-107.25646","7.82025","5.66853","2.00367","-17.20618","-1.45977","1.21428","2.57873","186.223176","1.62849","123.91891","-25.62871",,,,,,,"2.42565","-18.7658","16.33566",,,,,,,"-0.08216","-54.45626","14.31028",,,,,,,,,,,,,,,,,,,,,,,,,,,,,"High","High","High","Low","High","","","",,,,,,,,,,,,,,,,,,,,,,,,,,,,,,,,"61.227","14.99667","-7.13654","2026","02","28"
"71","2026-02-28","18:13:15.96","5","1","Gluth, Braden","1000132157","Right","NOR_BIS","Benson, Cameron","813272","Left","MIZ_TIG","Undefined","5","Bottom","1","0","0","Slider","Changeup","BallCalled","Undefined","Undefined","StolenBase","0","0","","73.44627","-0.284254","-2.891125","1203.438813","337.955387","5:15","5.7136","1.43363","5.9134","-55.16767","-3.42898","2.02614","0.85213","-1.08309","68.0419","-10.360138","-2.52692","0.517701",,,,,,,,,,,,"-1.84221","-1.19406","-1.20279","50.0","5.65938","5.31672","-106.65263","-2.16771","-2.12242","18.29969","-33.54972","MIZ_TIG","NOR_BIS","TaylorStadium","D1","SEC","20260228-TaylorStadium-3","720daca0-1503-11f1-9d47-ad81a36dfdfe","72.80734",,,"5.40438",,,,,,,"bef09457-2091-4c2d-8883-3b9e5841a581","2026-03-01","00:13:15.96","2026-02-28T18:13:15.9680000-06:00","2026-03-01T00:13:15.9680000Z","","v3","4806","471388","509f340b254c4b3a96c253b40ff1333c","Gustafson, Evan","1000308757","Right","NOR_BIS","3e59fae9-127c-40c9-a556-1b018d2cc9d5","54.58778","-107.43693","9.14984","5.72147","-0.72982","-16.77486","-1.43261","5.40768","-1.06121",,,,,,,,,,,,,,,,,,,,,,,,,,,,,,,,,,,,,,,,,,,,,,,,,,,"High","High","High","","","","","",,,,,,,,,,,,,,,,,,,,,,,,,,,,,,,,,,,"2026","02","28"
"72","2026-02-28","18:13:42.07","5","2","Gluth, Braden","1000132157","Right","NOR_BIS","Benson, Cameron","813272","Left","MIZ_TIG","Undefined","5","Bottom","1","1","0","Slider","Curveball","StrikeCalled","Undefined","Undefined","Undefined","0","0","","73.90072","1.407935","-1.531808","2044.867681","355.725223","5:45","5.60067","1.49107","5.91746","-58.22145","-6.94579","0.64118","2.05624","0.12258","67.89484","-9.271658","-1.416494","0.515379",,,,,,,,,,,,"-0.77654","-3.4589","-1.3687","50.0","5.68059","2.84803","-107.34261","0.87925","-0.90141","19.46391","-36.18924","MIZ_TIG","NOR_BIS","TaylorStadium","D1","SEC","20260228-TaylorStadium-3","819a6320-1503-11f1-9d47-ad81a36dfdfe","73.13535",,,"6.00588",,,,,,,"bef09457-2091-4c2d-8883-3b9e5841a581","2026-03-01","00:13:42.07","2026-02-28T18:13:42.0740000-06:00","2026-03-01T00:13:42.0740000Z","","v3","4806","471388","509f340b254c4b3a96c253b40ff1333c","Gustafson, Evan","1000308757","Right","NOR_BIS","fc9283ca-daed-4682-9420-115e9f31b268","54.58375","-108.17057","9.73196","5.61045","2.41866","-18.09462","-1.49067","2.88637","-0.45071",,,,,,,,,,,,,,,,,,,,,,,,,,,,,,,,,,,,,,,,,,,,,,,,,,,"High","High","High","","","","","",,,,,,,,,,,,,,,,,,,,,,,,,,,,,,,,,,,"2026","02","28"
"73","2026-02-28","18:14:01.45","5","3","Gluth, Braden","1000132157","Right","NOR_BIS","Benson, Cameron","813272","Left","MIZ_TIG","Undefined","5","Bottom","1","1","1","Slider","Splitter","BallCalled","Undefined","Undefined","Undefined","0","0","","73.46696","1.561206","0.430457","654.20614","121.103066","10:00","5.87434","1.29336","5.88439","-49.10762","3.15961","-2.27484","3.2322","1.50353","66.81914","-7.529754","0.021909","0.520339",,,,,,,,,,,,"1.2839","1.74252","-1.32684","50.0","5.97266","-0.71859","-106.58597","1.45888","1.46179","20.07611","-30.19008","MIZ_TIG","NOR_BIS","TaylorStadium","D1","SEC","20260228-TaylorStadium-3","8d3286e0-1503-11f1-9d47-ad81a36dfdfe","72.43827",,,"6.64782",,,,,,,"bef09457-2091-4c2d-8883-3b9e5841a581","2026-03-01","00:14:01.45","2026-02-28T18:14:01.4520000-06:00","2026-03-01T00:14:01.4520000Z","","v3","4806","471388","509f340b254c4b3a96c253b40ff1333c","Gustafson, Evan","1000308757","Right","NOR_BIS","e5205631-4066-44fa-9a80-7635c6e72602","54.61183","-107.45112","10.03805","5.88177","2.75989","-15.09504","-1.29452","-0.78158","0.73089",,,,,,,,,,,,,,,,,,,,,,,,,,,,,,,,,,,,,,,,,,,,,,,,,,,"High","High","High","","","","","",,,,,,,,,,,,,,,,,,,,,,,,,,,,,,,,,,,"2026","02","28"
"74","2026-02-28","18:14:23.10","5","4","Gluth, Braden","1000132157","Right","NOR_BIS","Benson, Cameron","813272","Left","MIZ_TIG","Undefined","5","Bottom","1","2","1","Fastball","Changeup","BallCalled","Undefined","Undefined","Undefined","0","0","","84.66991","-1.639281","-3.456876","2000.21721","242.722632","2:00","5.29714","1.83766","6.33734","-31.15234","7.44851","11.95292","1.18864","-0.35293","77.31683","-7.45968","-1.295774","0.447167",,,,,,,,,,,,"-7.24099","4.75055","-1.59113","50.0","5.16299","6.96643","-122.80373","-4.45829","-10.99416","25.62152","-24.96114","MIZ_TIG","NOR_BIS","TaylorStadium","D1","SEC","20260228-TaylorStadium-3","9a15c840-1503-11f1-9d47-ad81a36dfdfe","84.29161",,,"7.35308",,,,,,,"bef09457-2091-4c2d-8883-3b9e5841a581","2026-03-01","00:14:23.10","2026-02-28T18:14:23.1070000-06:00","2026-03-01T00:14:23.1070000Z","","v3","4806","471388","509f340b254c4b3a96c253b40ff1333c","Gustafson, Evan","1000308757","Right","NOR_BIS","30400e18-0333-4aa3-b6d6-67bd61d11186","54.16157","-123.66894","12.81076","5.29931","-3.61537","-12.48057","-1.83265","7.33769","-5.49708",,,,,,,,,,,,,,,,,,,,,,,,,,,,,,,,,,,,,,,,,,,,,,,,,,,"High","High","High","","","","","",,,,,,,,,,,,,,,,,,,,,,,,,,,,,,,,,,,"2026","02","28"
"75","2026-02-28","18:14:44.51","5","5","Reimers, Easton","1000462253","Right","NOR_BIS","Benson, Cameron","813272","Left","MIZ_TIG","Undefined","5","Bottom","1","3","1","Fastball","Changeup","BallCalled","Walk","Undefined","Undefined","0","0","","83.01572","-0.91574","-4.359226","1894.90469","244.147224","2:15","5.26607","1.81782","6.11971","-32.76411","8.1339","13.73489","1.68659","-1.07555","75.06474","-7.040606","-1.890936","0.46028",,,,,,,,,,,,"-8.44178","4.93673","-1.4902","50.0","5.17894","8.62224","-120.15256","-2.928","-12.16781","26.32353","-25.05835","MIZ_TIG","NOR_BIS","TaylorStadium","D1","SEC","20260228-TaylorStadium-3","a6c8aad0-1503-11f1-9d47-ad81a36dfdfe","81.89017",,,"7.95098",,,,,,,"bef09457-2091-4c2d-8883-3b9e5841a581","2026-03-01","00:14:44.51","2026-02-28T18:14:44.5190000-06:00","2026-03-01T00:14:44.5190000Z","","v3","4806","471388","509f340b254c4b3a96c253b40ff1333c","Gustafson, Evan","1000308757","Right","NOR_BIS","0d36ddc2-33fd-40c9-bf83-a5e75766f1e8","54.37727","-121.10775","13.16177","5.26869","-2.01871","-12.52917","-1.81108","9.06377","-6.0839",,,,,,,,,,,,,,,,,,,,,,,,,,,,,,,,,,,,,,,,,,,,,,,,,,,"High","High","High","","","","","",,,,,,,,,,,,,,,,,,,,,,,,,,,,,,,,,,,"2026","02","28"
"76","2026-02-28","18:17:55.60","6","1","Reimers, Easton","1000462253","Right","NOR_BIS","Maisonet, Eric","835908","Left","MIZ_TIG","Undefined","5","Bottom","1","0","0","Fastball","Four-Seam","BallCalled","Undefined","Undefined","Undefined","0","0","","86.78162","-0.699729","0.26812","2120.364363","216.342387","1:15","5.76211","1.49632","5.7769","-21.50548","15.71934","10.7039","3.31886","2.6378","79.37623","-4.740888","2.185176","0.439124",,,,,,,,,,,,"-5.34618","8.55516","-1.52477","50.0","5.69141","-1.04402","-126.04151","-2.20553","-8.60207","25.56661","-18.40868","MIZ_TIG","NOR_BIS","TaylorStadium","D1","SEC","20260228-TaylorStadium-3","18a699a0-1504-11f1-9d47-ad81a36dfdfe","85.83543",,,"7.40539",,,,,,,"bef09457-2091-4c2d-8883-3b9e5841a581","2026-03-01","00:17:55.60","2026-02-28T18:17:55.6020000-06:00","2026-03-01T00:17:55.6020000Z","","v3","4806","471388","509f340b254c4b3a96c253b40ff1333c","Gustafson, Evan","1000308757","Right","NOR_BIS","46b307f1-a738-4d07-9fd0-49ea36e6da1e","54.72039","-126.9954","12.7833","5.76088","-1.51871","-9.20434","-1.49181","-0.72307","-4.30103",,,,,,,,,,,,,,,,,,,,,,,,,,,,,,,,,,,,,,,,,,,,,,,,,,,"High","High","High","","","","","",,,,,,,,,,,,,,,,,,,,,,,,,,,,,,,,,,,"2026","02","28"
"77","2026-02-28","18:18:12.71","6","2","Reimers, Easton","1000462253","Right","NOR_BIS","Maisonet, Eric","835908","Left","MIZ_TIG","Undefined","5","Bottom","1","1","0","Fastball","Four-Seam","BallCalled","Undefined","Undefined","Undefined","0","0","","86.68188","-2.288068","-1.299502","2198.419194","225.496855","1:30","5.63125","1.39819","5.93707","-23.36029","13.66717","12.74068","1.56025","1.25416","79.692","-6.649248","0.990741","0.437959",,,,,,,,,,,,"-6.84819","7.97941","-1.30147","50.0","5.4354","2.32982","-125.86299","-5.75925","-11.0231","24.72194","-19.33007","MIZ_TIG","NOR_BIS","TaylorStadium","D1","SEC","20260228-TaylorStadium-3","22c75fa0-1504-11f1-9d47-ad81a36dfdfe","86.06385",,,"6.98988",,,,,,,"bef09457-2091-4c2d-8883-3b9e5841a581","2026-03-01","00:18:12.71","2026-02-28T18:18:12.7120000-06:00","2026-03-01T00:18:12.7120000Z","","v3","4806","471388","509f340b254c4b3a96c253b40ff1333c","Gustafson, Evan","1000308757","Right","NOR_BIS","f53a9d97-40ed-4470-8b08-d9fcd31bf53b","54.56129","-126.75575","12.36097","5.63077","-5.0612","-9.66503","-1.39279","2.72788","-5.51155",,,,,,,,,,,,,,,,,,,,,,,,,,,,,,,,,,,,,,,,,,,,,,,,,,,"High","High","High","","","","","",,,,,,,,,,,,,,,,,,,,,,,,,,,,,,,,,,,"2026","02","28"
"78","2026-02-28","18:18:36.96","6","3","Reimers, Easton","1000462253","Right","NOR_BIS","Maisonet, Eric","835908","Left","MIZ_TIG","Undefined","5","Bottom","1","2","0","Fastball","Four-Seam","InPlay","Undefined","FlyBall","Out","1","0","","86.65099","-2.139065","-0.988484","2199.477839","201.910174","12:45","5.69865","1.14589","5.94923","-18.29899","18.88257","7.1102","2.18856","0.82151","79.19867","-5.613555","0.289266","0.438869","80.78089","51.961953","2.801423",,"109.86556","116.77251","5.43485","200.06265","102.14714","3.238037","5.558113","-3.94319","10.67193","-1.07131","50.0","5.51817","1.88452","-125.80007","-5.2188","-6.3089","25.90195","-15.09955","MIZ_TIG","NOR_BIS","TaylorStadium","D1","SEC","20260228-TaylorStadium-3","313efca0-1504-11f1-9d47-ad81a36dfdfe","85.88536","117.75153",,"7.45233",,,,"1.2511","2.25126","-0.82733","bef09457-2091-4c2d-8883-3b9e5841a581","2026-03-01","00:18:36.96","2026-02-28T18:18:36.9610000-06:00","2026-03-01T00:18:36.9610000Z","FlyBall","v3","4806","471388","509f340b254c4b3a96c253b40ff1333c","Gustafson, Evan","1000308757","Right","NOR_BIS","8f6c31e4-568d-4597-b163-624cb62bbab5","54.54965","-126.73337","12.95098","5.69641","-4.67473","-7.54978","-1.14331","2.11184","-3.15445","180.987917","1.25616","72.81532","-20.28423","5.42298","-0.89167","0.06325","0.00456","-0.00102","4.0E-5","2.25203","93.2881","-21.60239","0.9605","0.35757","-0.23671","0.06368","-0.00836","4.3E-4","-0.8271","3.5638","-0.63733","0.13436","-0.01323","-0.00129","4.9E-4","-4.0E-5","0.0",,,,,,,,,,,,,,,,,,,,,,,"High","High","High","Medium","Low","","","",,,,,,,,,,,,,,,,,,,,,,,,,,,,,,,,"68.8218","20.19892","14.18071","2026","02","28"
"79","2026-02-28","18:19:22.37","7","1","Reimers, Easton","1000462253","Right","NOR_BIS","Parker, Sam","806179","Left","MIZ_TIG","Undefined","5","Bottom","2","0","0","ChangeUp","Changeup","StrikeCalled","Undefined","Undefined","Undefined","0","0","","81.56377","-0.653073","-2.518624","1718.517695","244.231968","2:15","5.14274","1.57382","6.57582","-32.75982","7.81016","13.75698","1.81358","0.4103","75.4391","-6.781983","-0.017485","0.458431",,,,,,,,,,,,"-7.87945","4.6417","-1.40623","50.0","5.08407","4.743","-118.63879","-2.26511","-11.32355","20.93138","-25.50347","MIZ_TIG","NOR_BIS","TaylorStadium","D1","SEC","20260228-TaylorStadium-3","4c533510-1504-11f1-9d47-ad81a36dfdfe","82.22059",,,"6.12468",,,,,,,"bef09457-2091-4c2d-8883-3b9e5841a581","2026-03-01","00:19:22.37","2026-02-28T18:19:22.3720000-06:00","2026-03-01T00:19:22.3720000Z","","v3","4806","471388","509f340b254c4b3a96c253b40ff1333c","Gustafson, Evan","1000308757","Right","NOR_BIS","a8ece408-4e0e-4132-a41d-eda326177a82","53.92498","-119.32926","10.46569","5.14491","-1.42382","-12.75174","-1.56886","5.11653","-5.66178",,,,,,,,,,,,,,,,,,,,,,,,,,,,,,,,,,,,,,,,,,,,,,,,,,,"High","High","High","","","","","",,,,,,,,,,,,,,,,,,,,,,,,,,,,,,,,,,,"2026","02","28"
"80","2026-02-28","18:19:39.13","7","2","Reimers, Easton","1000462253","Right","NOR_BIS","Parker, Sam","806179","Left","MIZ_TIG","Undefined","5","Bottom","2","0","1","Fastball","Four-Seam","BallCalled","Undefined","Undefined","Undefined","0","0","","87.70596","-2.379437","-0.068555","2209.325656","204.016128","12:45","5.72298","1.29895","5.75656","-18.14029","18.32068","7.65142","1.99511","1.87275","80.41246","-5.799843","1.301712","0.434596",,,,,,,,,,,,"-3.91945","10.33788","-1.29799","50.0","5.51464","-0.16932","-127.32031","-5.83518","-6.44525","25.70108","-15.17422","MIZ_TIG","NOR_BIS","TaylorStadium","D1","SEC","20260228-TaylorStadium-3","56592010-1504-11f1-9d47-ad81a36dfdfe","86.72988",,,"7.2935",,,,,,,"bef09457-2091-4c2d-8883-3b9e5841a581","2026-03-01","00:19:39.13","2026-02-28T18:19:39.1390000-06:00","2026-03-01T00:19:39.1390000Z","","v3","4806","471388","509f340b254c4b3a96c253b40ff1333c","Gustafson, Evan","1000308757","Right","NOR_BIS","c55a83e1-c205-4c36-9d9a-a24e5a893faa","54.74202","-128.27397","12.85054","5.72071","-5.27213","-7.58711","-1.29614","0.06983","-3.22262",,,,,,,,,,,,,,,,,,,,,,,,,,,,,,,,,,,,,,,,,,,,,,,,,,,"High","High","High","","","","","",,,,,,,,,,,,,,,,,,,,,,,,,,,,,,,,,,,"2026","02","28"
"81","2026-02-28","18:19:58.04","7","3","Reimers, Easton","1000462253","Right","NOR_BIS","Parker, Sam","806179","Left","MIZ_TIG","Undefined","5","Bottom","2","1","1","ChangeUp","Changeup","BallCalled","Undefined","Undefined","Undefined","0","0","","83.34225","-3.286229","-3.496661","1677.444623","240.720211","2:00","5.33756","1.33849","6.31454","-30.1638","9.76347","15.03469","-0.21205","-0.63344","76.35966","-8.904836","-0.777516","0.454785",,,,,,,,,,,,"-8.94146","6.42422","-1.0896","50.0","5.08188","6.83913","-120.76394","-7.82489","-13.13546","24.66658","-22.73656","MIZ_TIG","NOR_BIS","TaylorStadium","D1","SEC","20260228-TaylorStadium-3","618f74c0-1504-11f1-9d47-ad81a36dfdfe","82.87967",,,"6.98259",,,,,,,"bef09457-2091-4c2d-8883-3b9e5841a581","2026-03-01","00:19:58.04","2026-02-28T18:19:58.0420000-06:00","2026-03-01T00:19:58.0420000Z","","v3","4806","471388","509f340b254c4b3a96c253b40ff1333c","Gustafson, Evan","1000308757","Right","NOR_BIS","c2191b11-dd83-4ac0-ac81-ee573e072e37","54.18633","-121.61601","12.33329","5.33862","-7.03949","-11.36828","-1.33369","7.29287","-6.56773",,,,,,,,,,,,,,,,,,,,,,,,,,,,,,,,,,,,,,,,,,,,,,,,,,,"High","High","High","","","","","",,,,,,,,,,,,,,,,,,,,,,,,,,,,,,,,,,,"2026","02","28"
"82","2026-02-28","18:20:21.73","7","4","Reimers, Easton","1000462253","Right","NOR_BIS","Parker, Sam","806179","Left","MIZ_TIG","Undefined","5","Bottom","2","2","1","Fastball","Four-Seam","BallCalled","Undefined","Undefined","Undefined","0","0","","87.94437","-1.622273","-0.609291","2238.090589","220.036739","1:15","5.64934","1.03312","5.95753","-21.56698","14.39768","11.15323","2.3472","1.39751","80.62949","-5.671263","1.395972","0.431628",,,,,,,,,,,,"-5.87146","8.17741","-0.99082","50.0","5.50838","0.89478","-127.75382","-4.28516","-9.71794","25.95536","-18.63953","MIZ_TIG","NOR_BIS","TaylorStadium","D1","SEC","20260228-TaylorStadium-3","6fb03f30-1504-11f1-9d47-ad81a36dfdfe","87.32625",,,"7.31489",,,,,,,"bef09457-2091-4c2d-8883-3b9e5841a581","2026-03-01","00:20:21.73","2026-02-28T18:20:21.7330000-06:00","2026-03-01T00:20:21.7330000Z","","v3","4806","471388","509f340b254c4b3a96c253b40ff1333c","Gustafson, Evan","1000308757","Right","NOR_BIS","ca7c1cf8-4190-44a3-98b4-bc3b4df44ea7","54.54079","-128.67306","12.97768","5.64845","-3.62503","-9.31976","-1.0286","1.23895","-4.85897",,,,,,,,,,,,,,,,,,,,,,,,,,,,,,,,,,,,,,,,,,,,,,,,,,,"High","High","High","","","","","",,,,,,,,,,,,,,,,,,,,,,,,,,,,,,,,,,,"2026","02","28"
"83","2026-02-28","18:20:43.15","7","5","Reimers, Easton","1000462253","Right","NOR_BIS","Parker, Sam","806179","Left","MIZ_TIG","Undefined","5","Bottom","2","3","1","Fastball","Four-Seam","FoulBallNotFieldable","Undefined","Undefined","Undefined","0","0","","86.7996","-1.825209","-2.616838","2239.573112","204.507648","12:45","5.61278","1.15903","5.94403","-20.16037","16.70879","7.1067","2.23738","-0.67776","79.81755","-5.618037","-1.341628","0.437022","85.72628","19.431764","51.280942","3422.116864","63.23044","27.9315","90.01044","253.31601","151.68381","63.194567","2.823374","-4.38469","9.42906","-0.95469","50.0","5.4559","5.48181","-126.03168","-4.62609","-7.08679","24.44557","-16.93425","MIZ_TIG","NOR_BIS","TaylorStadium","D1","SEC","20260228-TaylorStadium-3","7c832ce0-1504-11f1-9d47-ad81a36dfdfe","86.24844","29.25833",,"6.98205",,,,"4.04876","2.61803","0.62917","bef09457-2091-4c2d-8883-3b9e5841a581","2026-03-01","00:20:43.15","2026-02-28T18:20:43.1590000-06:00","2026-03-01T00:20:43.1590000Z","LineDrive","v3","4806","471388","509f340b254c4b3a96c253b40ff1333c","Gustafson, Evan","1000308757","Right","NOR_BIS","f8f7cf1e-9c5e-41d6-88bb-49ef24bc1fdb","54.55689","-126.91247","12.22279","5.61159","-4.01593","-8.46713","-1.1568","5.73715","-3.5434",,"4.0488","74.16356","-19.18933","3.90577","-0.73581","0.04284","0.03138","-0.01098","0.00117","2.61801","41.82999","-17.89862","1.39483","-0.27967","0.09329","-0.03102","0.00702","-6.8E-4","0.62919","92.50991","-5.14556","0.15016","0.08673","-0.02467","-0.00115","0.00152","-1.9E-4",,,,,,,,,,,,,,,,,,,,,,,"High","High","High","High","Medium","","","",,,,,,,,,,,,,,,,,,,,,,,,,,,,,,,,,,,"2026","02","28"
"84","2026-02-28","18:21:12.40","7","6","Reimers, Easton","1000462253","Right","NOR_BIS","Parker, Sam","806179","Left","MIZ_TIG","Undefined","5","Bottom","2","3","2","Fastball","Four-Seam","StrikeCalled","Strikeout","Undefined","Undefined","0","0","","88.08124","-1.891992","-1.242149","2131.884822","212.108386","1:00","5.50453","1.38868","6.03904","-22.20812","13.29918","7.69764","1.90098","0.87984","81.34603","-6.042556","0.143913","0.428874",,,,,,,,,,,,"-4.2863","7.6576","-1.29594","50.0","5.34479","2.46608","-128.02819","-4.92316","-7.17737","24.23759","-19.35141","MIZ_TIG","NOR_BIS","TaylorStadium","D1","SEC","20260228-TaylorStadium-3","8de16f10-1504-11f1-9d47-ad81a36dfdfe","87.8869",,,"6.73521",,,,,,,"bef09457-2091-4c2d-8883-3b9e5841a581","2026-03-01","00:21:12.40","2026-02-28T18:21:12.4010000-06:00","2026-03-01T00:21:12.4010000Z","","v3","4806","471388","509f340b254c4b3a96c253b40ff1333c","Gustafson, Evan","1000308757","Right","NOR_BIS","e950312d-6aa7-48fe-a656-8cbc68fd581b","54.4608","-128.86991","12.11879","5.50409","-4.25113","-9.67571","-1.38591","2.71533","-3.58869",,,,,,,,,,,,,,,,,,,,,,,,,,,,,,,,,,,,,,,,,,,,,,,,,,,"High","High","High","","","","","",,,,,,,,,,,,,,,,,,,,,,,,,,,,,,,,,,,"2026","02","28"
"122","2026-02-28","18:51:58.86","1","1","Reimers, Easton","1000462253","Right","NOR_BIS","Patterson, Christopher","1000080435","Left","MIZ_TIG","Undefined","6","Bottom","0","0","0","Slider","Slider","InPlay","Undefined","FlyBall","Out","1","0","","78.75075","0.390623","-1.469704","2157.730767","132.161566","10:30","5.29753","1.48289","5.80779","-40.1951","4.78764","-3.80677","2.31133","-0.2014","72.59624","-7.010761","-2.152007","0.482719","105.07286","20.809312","-7.930812","1655.402883","109.05343","40.13026","-14.39432","355.38436","347.76709","-6.058689","4.345441","1.56528","2.71477","-1.35997","50.0","5.30538","3.07599","-114.44508","-0.4753","2.08335","20.41805","-28.5607","MIZ_TIG","NOR_BIS","TaylorStadium","D1","SEC","20260228-TaylorStadium-3","da824c50-1508-11f1-9d47-ad81a36dfdfe","78.08362","58.41152",,"6.15452",,,,"2.0015","2.40762","0.16739","bef09457-2091-4c2d-8883-3b9e5841a581","2026-03-01","00:51:58.86","2026-02-28T18:51:58.8620000-06:00","2026-03-01T00:51:58.8620000Z","LineDrive","v3","4806","471388","509f340b254c4b3a96c253b40ff1333c","Gustafson, Evan","1000308757","Right","NOR_BIS","cd078ad9-2d0e-4985-b4d6-e348b91980fd","54.69278","-115.27928","10.20903","5.30096","0.69157","-14.28035","-1.4839","2.99087","1.04168","181.55441","2.00211","142.65376","-29.7671","6.87933","-1.32269","0.1936","-0.01785","6.3E-4","2.0E-5","2.40698","54.77576","-14.21789","0.7801","-0.42584","0.19506","-0.05065","0.00704","-4.0E-4","0.16739","-19.87821","4.52719","-0.88706","0.21562","-0.05266","0.00941","-9.3E-4","4.0E-5",,,,,,,,,,,,,,,,,,,,,,,"High","High","High","High","High","","","",,,,,,,,,,,,,,,,,,,,,,,,,,,,,,,,"75.00737","15.46446","-6.3861","2026","02","28"
"123","2026-02-28","18:52:38.70","2","1","Reimers, Easton","1000462253","Right","NOR_BIS","Macon, Tyler","823527","Right","MIZ_TIG","Undefined","6","Bottom","1","0","0","FourSeamFastBall","Four-Seam","StrikeCalled","Undefined","Undefined","Undefined","0","0","","87.24266","-2.448747","-2.180105","2270.999442","201.996146","12:45","5.70679","1.10166","5.86041","-17.98934","19.08292","7.19307","1.92967","-0.32529","79.27123","-5.872313","-0.890745","0.438224",,,,,,,,,,,,"-4.30362","10.8443","-0.92887","50.0","5.4975","4.50873","-126.43853","-5.91901","-6.91967","27.40789","-14.73779","MIZ_TIG","NOR_BIS","TaylorStadium","D1","SEC","20260228-TaylorStadium-3","f24a18e0-1508-11f1-9d47-ad81a36dfdfe","86.01182",,,"7.97142",,,,,,,"bef09457-2091-4c2d-8883-3b9e5841a581","2026-03-01","00:52:38.70","2026-02-28T18:52:38.7010000-06:00","2026-03-01T00:52:38.7010000Z","","v3","4806","471388","509f340b254c4b3a96c253b40ff1333c","Gustafson, Evan","1000308757","Right","NOR_BIS","c9cbf945-a2ea-4ad3-8e97-f5b1492dc38f","54.63593","-127.43949","13.70394","5.70384","-5.38077","-7.36889","-1.09815","4.76144","-3.45984",,,,,,,,,,,,,,,,,,,,,,,,,,,,,,,,,,,,,,,,,,,,,,,,,,,"High","High","High","","","","","",,,,,,,,,,,,,,,,,,,,,,,,,,,,,,,,,,,"2026","02","28"
"124","2026-02-28","18:52:57.36","2","2","Reimers, Easton","1000462253","Right","NOR_BIS","Macon, Tyler","823527","Right","MIZ_TIG","Undefined","6","Bottom","1","0","1","Fastball","Four-Seam","FoulBallNotFieldable","Undefined","Undefined","Undefined","0","0","","87.21559","-0.934757","-1.526795","2261.41818","204.763654","12:45","5.76592","1.05259","5.9059","-19.92438","16.82111","7.21481","3.23749","0.23625","79.60562","-4.705042","-0.231853","0.436288","73.45756","65.169363","86.359039",,,,,,"42.76365",,,"-4.13603","9.24217","-0.93413","50.0","5.67949","3.07994","-126.64872","-2.66044","-6.70642","26.2767","-17.18825","MIZ_TIG","NOR_BIS","TaylorStadium","D1","SEC","20260228-TaylorStadium-3","fd50f920-1508-11f1-9d47-ad81a36dfdfe","86.39346","82.08883",,"7.60997",,,,"0.90631","3.19528","-0.23424","bef09457-2091-4c2d-8883-3b9e5841a581","2026-03-01","00:52:57.36","2026-02-28T18:52:57.3650000-06:00","2026-03-01T00:52:57.3650000Z","","v3","4806","471388","509f340b254c4b3a96c253b40ff1333c","Gustafson, Evan","1000308757","Right","NOR_BIS","bc30ec05-c460-4ee7-975c-163e21b4fd60","54.59265","-127.59804","13.13835","5.76438","-2.03947","-8.59412","-1.04977","3.32223","-3.35321",,"0.90633","2.87023","-8.81573","2.57962","0.07594","-0.36911","-0.25009","0.47309","-0.17052","3.19527","97.77788","-26.45376","3.04163","-0.69383","0.27076","-0.13546","0.04006","-0.00375","-0.23424","45.15107","-7.11266","1.51661","-0.14481","-0.0083","-0.12357","0.14656","-0.04831",,,,,,,,,,,,,,,,,,,,,,,"High","High","High","Low","Undefined","","","",,,,,,,,,,,,,,,,,,,,,,,,,,,,,,,,"70.67339","17.44344","-6.3363","2026","02","28"
"125","2026-02-28","18:53:19.83","2","3","Reimers, Easton","1000462253","Right","NOR_BIS","Macon, Tyler","823527","Right","MIZ_TIG","Undefined","6","Bottom","1","0","2","Fastball","Four-Seam","BallCalled","Undefined","Undefined","Undefined","0","0","","87.01255","0.624885","-3.257702","2218.627629","218.568024","1:15","5.67159","1.22801","6.25457","-21.72643","14.71993","10.82375","4.43826","-0.87737","79.37995","-3.496794","-1.306577","0.434509",,,,,,,,,,,,"-6.47496","7.8013","-0.99082","50.0","5.70722","6.75296","-126.27818","0.76044","-10.45984","25.60798","-19.57162","MIZ_TIG","NOR_BIS","TaylorStadium","D1","SEC","20260228-TaylorStadium-3","0ac249b0-1509-11f1-9d47-ad81a36dfdfe","86.74727",,,"7.63259",,,,,,,"bef09457-2091-4c2d-8883-3b9e5841a581","2026-03-01","00:53:19.83","2026-02-28T18:53:19.8310000-06:00","2026-03-01T00:53:19.8310000Z","","v3","4806","471388","509f340b254c4b3a96c253b40ff1333c","Gustafson, Evan","1000308757","Right","NOR_BIS","b96105e1-8509-4ba0-855c-582383dd5f7d","54.24301","-127.13571","12.80399","5.67078","1.41583","-9.78581","-1.22282","7.10323","-5.22992",,,,,,,,,,,,,,,,,,,,,,,,,,,,,,,,,,,,,,,,,,,,,,,,,,,"High","High","High","","","","","",,,,,,,,,,,,,,,,,,,,,,,,,,,,,,,,,,,"2026","02","28"
"126","2026-02-28","18:53:41.47","2","4","Reimers, Easton","1000462253","Right","NOR_BIS","Macon, Tyler","823527","Right","MIZ_TIG","Undefined","6","Bottom","1","1","2","Fastball","Four-Seam","StrikeSwinging","Strikeout","Undefined","Undefined","0","0","","87.51661","-0.75046","-1.29616","2228.12282","206.236706","12:45","5.64086","1.09998","5.85829","-19.40623","17.27221","7.91276","3.32623","0.55494","79.58099","-4.433721","0.122887","0.43589",,,,,,,,,,,,"-4.39032","9.39205","-0.99927","50.0","5.56866","2.53605","-127.02074","-2.23551","-7.1395","27.14408","-16.90078","MIZ_TIG","NOR_BIS","TaylorStadium","D1","SEC","20260228-TaylorStadium-3","17a5d930-1509-11f1-9d47-ad81a36dfdfe","86.47239",,,"7.93562",,,,,,,"bef09457-2091-4c2d-8883-3b9e5841a581","2026-03-01","00:53:41.47","2026-02-28T18:53:41.4730000-06:00","2026-03-01T00:53:41.4730000Z","","v3","4806","471388","509f340b254c4b3a96c253b40ff1333c","Gustafson, Evan","1000308757","Right","NOR_BIS","3ba30fd1-cbc3-4598-a246-4efa26eee2cf","54.63799","-128.00804","13.57204","5.63879","-1.62079","-8.45039","-1.09623","2.79573","-3.56975",,,,,,,,,,,,,,,,,,,,,,,,,,,,,"58.86807","3.005795","1.881088","1.124707","-2.5995","3.00326","-0.56731","-2.29608","5.46017","5.77276","69.55744","1.5569","55.22287","-2.236","70.78077","-6.23966","5.48539","11.19193","-13.08659","5.79327","46.68987","-2.45856","High","High","High","","","High","High","High",,,,,,,,,,,,,,,,,,,,,,,,,,,,,,,,,,,"2026","02","28"
"127","2026-02-28","18:54:15.42","3","1","Reimers, Easton","1000462253","Right","NOR_BIS","Woita, Jase","831805","Left","MIZ_TIG","Undefined","6","Bottom","2","0","0","Fastball","Four-Seam","StrikeCalled","Undefined","Undefined","Undefined","0","0","","87.19624","-1.120367","-1.870237","2210.422003","201.923735","12:45","5.51171","1.5738","5.92447","-21.22537","15.33532","5.7228","2.70263","0.31466","80.04015","-5.109607","-0.842953","0.43519",,,,,,,,,,,,"-3.42319","8.5015","-1.42736","50.0","5.40994","3.8995","-126.64854","-3.12676","-5.58379","24.82865","-18.30676","MIZ_TIG","NOR_BIS","TaylorStadium","D1","SEC","20260228-TaylorStadium-3","2be25c20-1509-11f1-9d47-ad81a36dfdfe","86.61152",,,"7.15609",,,,,,,"bef09457-2091-4c2d-8883-3b9e5841a581","2026-03-01","00:54:15.42","2026-02-28T18:54:15.4250000-06:00","2026-03-01T00:54:15.4250000Z","","v3","4806","471388","509f340b254c4b3a96c253b40ff1333c","Gustafson, Evan","1000308757","Right","NOR_BIS","5bfd49da-5a37-4ac1-85b1-ccf3aaab8a59","54.57381","-127.54206","12.41432","5.51061","-2.46795","-9.15338","-1.57131","4.10045","-2.79189",,,,,,,,,,,,,,,,,,,,,,,,,,,,,,,,,,,,,,,,,,,,,,,,,,,"High","High","High","","","","","",,,,,,,,,,,,,,,,,,,,,,,,,,,,,,,,,,,"2026","02","28"
"128","2026-02-28","18:54:31.13","3","2","Reimers, Easton","1000462253","Right","NOR_BIS","Woita, Jase","831805","Left","MIZ_TIG","Undefined","6","Bottom","2","0","1","Fastball","Four-Seam","BallCalled","Undefined","Undefined","Undefined","0","0","","87.73383","-1.050573","-0.462708","2316.921663","217.305028","1:15","5.63807","1.20328","5.96962","-20.45379","15.59965","11.04343","2.95943","1.69456","80.47282","-4.904816","1.522775","0.43216",,,,,,,,,,,,"-5.77118","8.62894","-1.17259","50.0","5.5434","0.57137","-127.49653","-2.95504","-9.52797","25.47793","-17.92803","MIZ_TIG","NOR_BIS","TaylorStadium","D1","SEC","20260228-TaylorStadium-3","3547c160-1509-11f1-9d47-ad81a36dfdfe","87.21868",,,"7.261",,,,,,,"bef09457-2091-4c2d-8883-3b9e5841a581","2026-03-01","00:54:31.13","2026-02-28T18:54:31.1360000-06:00","2026-03-01T00:54:31.1360000Z","","v3","4806","471388","509f340b254c4b3a96c253b40ff1333c","Gustafson, Evan","1000308757","Right","NOR_BIS","e0135016-5a5e-4f78-9416-ce6f4a6d91be","54.52866","-128.39832","12.73896","5.63676","-2.32048","-8.96402","-1.19878","0.90861","-4.76398",,,,,,,,,,,,,,,,,,,,,,,,,,,,,,,,,,,,,,,,,,,,,,,,,,,"High","High","High","","","","","",,,,,,,,,,,,,,,,,,,,,,,,,,,,,,,,,,,"2026","02","28"
"129","2026-02-28","18:54:49.97","3","3","Reimers, Easton","1000462253","Right","NOR_BIS","Woita, Jase","831805","Left","MIZ_TIG","Undefined","6","Bottom","2","1","1","Fastball","Four-Seam","InPlay","Undefined","FlyBall","Out","1","0","","86.96048","-2.530166","-2.777872","2183.334536","206.906801","1:00","5.52824","1.33877","5.80056","-18.5017","18.74962","8.89036","1.62887","-0.50604","79.38632","-6.031103","-1.187095","0.439281","92.21938","29.082139","-1.281998","4009.451935","109.74171","57.36168","-7.53209","319.14389","307.18964","-9.836169","5.311085","-5.37311","10.68709","-1.11598","50.0","5.30919","5.75539","-126.06204","-6.12368","-8.6234","26.26174","-15.02212","MIZ_TIG","NOR_BIS","TaylorStadium","D1","SEC","20260228-TaylorStadium-3","407c8f70-1509-11f1-9d47-ad81a36dfdfe","85.80487","79.89016",,"7.57416",,,,"2.42029","1.75986","0.49427","bef09457-2091-4c2d-8883-3b9e5841a581","2026-03-01","00:54:49.97","2026-02-28T18:54:49.9750000-06:00","2026-03-01T00:54:49.9750000Z","FlyBall","v3","4806","471388","509f340b254c4b3a96c253b40ff1333c","Gustafson, Evan","1000308757","Right","NOR_BIS","aabdf698-19a8-4940-b736-c5d0ae14cd53","54.69914","-127.03721","13.13087","5.52622","-5.56587","-7.51106","-1.33564","6.0756","-4.3117","157.380572","2.42517","118.07669","-24.49192","4.7584","-0.60622","0.00154","0.01303","-0.00155","5.0E-5","1.75947","65.74233","-14.81291","0.27665","0.18234","-0.11388","0.03607","-0.00527","2.9E-4","0.49551","-2.66999","-5.69576","1.86996","-0.3819","0.0564","-0.00762","9.4E-4","-6.0E-5",,,,,,,,,,,,,,,,,,,,,,,"High","High","High","High","Medium","","","",,,,,,,,,,,,,,,,,,,,,,,,,,,,,,,,"76.86722","7.27941","10.67187","2026","02","28"
"141","2026-02-28","19:04:21.20","1","1","Reimers, Easton","1000462253","Right","NOR_BIS","Serna, Mateo","806219","Left","MIZ_TIG","Undefined","7","Bottom","0","0","0","Fastball","Changeup","BallCalled","Undefined","Undefined","Undefined","0","0","","84.80467","-0.780254","-0.815761","2157.927504","213.130584","1:00","5.53299","1.46079","5.79465","-25.05781","13.67635","8.17233","2.71894","1.38296","78.05143","-5.450868","0.648882","0.447938",,,,,,,,,,,,"-4.36508","7.54099","-1.39853","50.0","5.45378","1.42064","-123.23813","-2.46968","-6.75584","23.03137","-20.50288","MIZ_TIG","NOR_BIS","TaylorStadium","D1","SEC","20260228-TaylorStadium-3","950735d0-150a-11f1-9d47-ad81a36dfdfe","84.14647",,,"6.75324",,,,,,,"bef09457-2091-4c2d-8883-3b9e5841a581","2026-03-01","01:04:21.20","2026-02-28T19:04:21.2020000-06:00","2026-03-01T01:04:21.2020000Z","","v3","4806","471388","509f340b254c4b3a96c253b40ff1333c","Gustafson, Evan","1000308757","Right","NOR_BIS","4df8722a-edee-431b-871b-525177fc7efb","54.70363","-124.11405","11.51568","5.53288","-1.68992","-10.25144","-1.45744","1.67758","-3.37792",,,,,,,,,,,,,,,,,,,,,,,,,,,,,,,,,,,,,,,,,,,,,,,,,,,"High","High","High","","","","","",,,,,,,,,,,,,,,,,,,,,,,,,,,,,,,,,,,"2026","02","28"
"142","2026-02-28","19:04:37.16","1","2","Reimers, Easton","1000462253","Right","NOR_BIS","Serna, Mateo","806219","Left","MIZ_TIG","Undefined","7","Bottom","0","1","0","Fastball","Four-Seam","BallCalled","Undefined","Undefined","Undefined","0","0","","86.97198","-2.27306","-0.743017","2202.661766","205.302264","12:45","5.6595","1.17582","5.95364","-20.15666","17.19119","7.49056","1.87043","1.11091","78.6286","-6.10324","0.603613","0.43985",,,,,,,,,,,,"-4.0413","9.91193","-1.12075","50.0","5.46752","1.31812","-126.07064","-5.58345","-6.41807","28.79413","-16.43269","MIZ_TIG","NOR_BIS","TaylorStadium","D1","SEC","20260228-TaylorStadium-3","9e7db210-150a-11f1-9d47-ad81a36dfdfe","85.69391",,,"8.34338",,,,,,,"bef09457-2091-4c2d-8883-3b9e5841a581","2026-03-01","01:04:37.16","2026-02-28T19:04:37.1670000-06:00","2026-03-01T01:04:37.1670000Z","","v3","4806","471388","509f340b254c4b3a96c253b40ff1333c","Gustafson, Evan","1000308757","Right","NOR_BIS","46431acc-2c09-4c76-8238-ae44ba58ddb3","54.54127","-127.10362","14.39706","5.65725","-4.99394","-8.21635","-1.17217","1.54837","-3.20903",,,,,,,,,,,,,,,,,,,,,,,,,,,,,,,,,,,,,,,,,,,,,,,,,,,"High","High","High","","","","","",,,,,,,,,,,,,,,,,,,,,,,,,,,,,,,,,,,"2026","02","28"
"143","2026-02-28","19:04:54.74","1","3","Reimers, Easton","1000462253","Right","NOR_BIS","Serna, Mateo","806219","Left","MIZ_TIG","Undefined","7","Bottom","0","2","0","Fastball","Cutter","InPlay","Undefined","GroundBall","Out","1","0","","85.28288","-2.18955","-0.731255","2212.012064","189.39862","12:15","5.80732","0.81737","5.92758","-22.97021","15.31217","2.33697","1.86037","0.33357","78.34271","-6.489125","-0.311265","0.445319","73.08804","-46.903133","68.882586",,,,,"2.62323","2.62323","29.980731","0.024025","-1.40929","8.82886","-0.76029","50.0","5.61921","1.48984","-123.86552","-5.43307","-2.19338","24.32996","-18.43314","MIZ_TIG","NOR_BIS","TaylorStadium","D1","SEC","20260228-TaylorStadium-3","a9032d50-150a-11f1-9d47-ad81a36dfdfe","84.64151","1.88536",,"6.94016",,,,"1.63666","1.88536","-0.33477","bef09457-2091-4c2d-8883-3b9e5841a581","2026-03-01","01:04:54.74","2026-02-28T19:04:54.7480000-06:00","2026-03-01T01:04:54.7480000Z","GroundBall","v3","4806","471388","509f340b254c4b3a96c253b40ff1333c","Gustafson, Evan","1000308757","Right","NOR_BIS","39ec3a0d-a684-4196-876b-1134b34920a3","54.57232","-124.76039","12.16498","5.80657","-4.75509","-9.21657","-0.81657","1.57051","-1.09669",,"1.6364","26.454",,,,,,,,"1.88613","-78.47349",,,,,,,,"-0.33545","68.49514",,,,,,,,,,,,,,,,,,,,,,,,,,,,,,"High","High","High","Estimated","Estimated","","","",,,,,,,,,,,,,,,,,,,,,,,,,,,,,,,,"82.8486","8.94619","-0.00463","2026","02","28"
"144","2026-02-28","19:05:33.85","2","1","Reimers, Easton","1000462253","Right","NOR_BIS","Ward, Blaize","1000263242","Left","MIZ_TIG","Undefined","7","Bottom","1","0","0","ChangeUp","Changeup","FoulBallNotFieldable","Undefined","Undefined","Undefined","0","0","","80.26548","-0.779945","-1.549789","1604.238366","245.511956","2:15","5.17849","1.53507","6.19235","-35.56561","7.17847","12.88048","1.4943","1.17726","73.89443","-7.388422","0.777644","0.470554",,,,,,,,,,,,"-7.06335","4.35792","-1.42444","50.0","5.10194","2.68225","-116.66546","-2.64644","-9.75546","21.51602","-26.15516","MIZ_TIG","NOR_BIS","TaylorStadium","D1","SEC","20260228-TaylorStadium-3","c04c2cf0-150a-11f1-9d47-ad81a36dfdfe","80.10226",,,"6.37105",,,,,,,"bef09457-2091-4c2d-8883-3b9e5841a581","2026-03-01","01:05:33.85","2026-02-28T19:05:33.8540000-06:00","2026-03-01T01:05:33.8540000Z","","v3","4806","471388","509f340b254c4b3a96c253b40ff1333c","Gustafson, Evan","1000308757","Right","NOR_BIS","fbc65d71-b7f0-4c20-92c1-682082941233","54.30668","-117.45703","10.75801","5.1816","-1.6842","-13.07758","-1.52972","3.04115","-4.87773",,,,,,,,,,,,,,,,,,,,,,,,,,,,,,,,,,,,,,,,,,,,,,,,,,,"High","High","High","","","","","",,,,,,,,,,,,,,,,,,,,,,,,,,,,,,,,,,,"2026","02","28"
"145","2026-02-28","19:05:56.37","2","2","Reimers, Easton","1000462253","Right","NOR_BIS","Ward, Blaize","1000263242","Left","MIZ_TIG","Undefined","7","Bottom","1","0","1","ChangeUp","Changeup","BallCalled","Undefined","Undefined","Undefined","0","0","","80.12442","1.407209","-1.923616","1605.452774","265.605259","2:45","5.24391","1.55718","6.33496","-40.55357","2.6741","15.4728","3.16114","1.07473","72.63903","-6.176913","0.876799","0.473208",,,,,,,,,,,,"-8.58237","1.44091","-1.42362","50.0","5.32791","3.33405","-116.3124","1.65517","-11.62205","24.15458","-30.2228","MIZ_TIG","NOR_BIS","TaylorStadium","D1","SEC","20260228-TaylorStadium-3","cdbe19c0-150a-11f1-9d47-ad81a36dfdfe","79.65297",,,"7.48539",,,,,,,"bef09457-2091-4c2d-8883-3b9e5841a581","2026-03-01","01:05:56.37","2026-02-28T19:05:56.3700000-06:00","2026-03-01T01:05:56.3700000Z","","v3","4806","471388","509f340b254c4b3a96c253b40ff1333c","Gustafson, Evan","1000308757","Right","NOR_BIS","676b652f-7309-477c-882b-6837ad312b1b","54.16305","-117.17375","12.07729","5.24967","2.73291","-15.1114","-1.5499","3.74849","-5.81102",,,,,,,,,,,,,,,,,,,,,,,,,,,,,,,,,,,,,,,,,,,,,,,,,,,"High","High","High","","","","","",,,,,,,,,,,,,,,,,,,,,,,,,,,,,,,,,,,"2026","02","28"
"146","2026-02-28","19:06:17.94","2","3","Reimers, Easton","1000462253","Right","NOR_BIS","Ward, Blaize","1000263242","Left","MIZ_TIG","Undefined","7","Bottom","1","1","1","ChangeUp","Four-Seam","BallCalled","Undefined","Undefined","Undefined","0","0","","86.59947","-2.412189","-3.374059","2175.467472","215.25765","1:15","5.62129","0.93734","5.98942","-24.77375","12.26768","7.87827","1.31603","-1.53678","79.81029","-7.020508","-1.959862","0.438042",,,,,,,,,,,,"-4.91339","7.28847","-0.67522","50.0","5.41693","7.08472","-125.58591","-6.0795","-7.89621","23.93998","-20.46092","MIZ_TIG","NOR_BIS","TaylorStadium","D1","SEC","20260228-TaylorStadium-3","daa18230-150a-11f1-9d47-ad81a36dfdfe","86.04763",,,"6.78918",,,,,,,"bef09457-2091-4c2d-8883-3b9e5841a581","2026-03-01","01:06:17.94","2026-02-28T19:06:17.9400000-06:00","2026-03-01T01:06:17.9400000Z","","v3","4806","471388","509f340b254c4b3a96c253b40ff1333c","Gustafson, Evan","1000308757","Right","NOR_BIS","2bf07b1a-cdc3-4f2a-b45b-78b6af2fb5c0","54.50924","-126.44257","11.96999","5.62138","-5.34734","-10.23046","-0.9338","7.36727","-3.9481",,,,,,,,,,,,,,,,,,,,,,,,,,,,,,,,,,,,,,,,,,,,,,,,,,,"High","High","High","","","","","",,,,,,,,,,,,,,,,,,,,,,,,,,,,,,,,,,,"2026","02","28"
"147","2026-02-28","19:06:38.41","2","4","Reimers, Easton","1000462253","Right","NOR_BIS","Ward, Blaize","1000263242","Left","MIZ_TIG","Undefined","7","Bottom","1","2","1","Fastball","Changeup","BallCalled","Undefined","Undefined","Undefined","0","0","","86.37626","-3.053726","-1.669143","2105.953198","227.8235","1:30","5.55973","1.21073","5.8132","-24.64521","12.99583","13.0091","0.66253","0.74231","79.26422","-7.631569","0.664333","0.441573",,,,,,,,,,,,"-7.11548","7.85815","-1.08177","50.0","5.29462","3.11697","-125.27532","-7.47658","-11.30576","25.34802","-19.68827","MIZ_TIG","NOR_BIS","TaylorStadium","D1","SEC","20260228-TaylorStadium-3","e6c5b950-150a-11f1-9d47-ad81a36dfdfe","85.35953",,,"7.11204",,,,,,,"bef09457-2091-4c2d-8883-3b9e5841a581","2026-03-01","01:06:38.41","2026-02-28T19:06:38.4180000-06:00","2026-03-01T01:06:38.4180000Z","","v3","4806","471388","509f340b254c4b3a96c253b40ff1333c","Gustafson, Evan","1000308757","Right","NOR_BIS","6214d92d-1e15-4059-9bcb-883a4ecc6c2b","54.68594","-126.21991","12.67401","5.55956","-6.7429","-9.84414","-1.20577","3.53827","-5.65288",,,,,,,,,,,,,,,,,,,,,,,,,,,,,,,,,,,,,,,,,,,,,,,,,,,"High","High","High","","","","","",,,,,,,,,,,,,,,,,,,,,,,,,,,,,,,,,,,"2026","02","28"
"148","2026-02-28","19:07:00.60","2","5","Reimers, Easton","1000462253","Right","NOR_BIS","Ward, Blaize","1000263242","Left","MIZ_TIG","Undefined","7","Bottom","1","3","1","Fastball","Four-Seam","StrikeCalled","Undefined","Undefined","Undefined","0","0","","86.26826","-1.503675","-2.956393","2216.583091","204.666188","12:45","5.55017","1.10932","6.28057","-19.43178","17.65036","7.55685","2.54275","-0.98828","78.81304","-5.206851","-1.592586","0.438282",,,,,,,,,,,,"-4.72335","9.93481","-0.89438","50.0","5.42939","6.16551","-125.18062","-3.80882","-7.49035","25.412","-16.41935","MIZ_TIG","NOR_BIS","TaylorStadium","D1","SEC","20260228-TaylorStadium-3","f3f87a40-150a-11f1-9d47-ad81a36dfdfe","86.00036",,,"7.45522",,,,,,,"bef09457-2091-4c2d-8883-3b9e5841a581","2026-03-01","01:07:00.60","2026-02-28T19:07:00.6030000-06:00","2026-03-01T01:07:00.6030000Z","","v3","4806","471388","509f340b254c4b3a96c253b40ff1333c","Gustafson, Evan","1000308757","Right","NOR_BIS","4731a7a9-6cb5-4d88-aa7c-04aa80d993fd","54.21649","-126.03367","12.706","5.548","-3.25764","-8.20968","-1.10557","6.41695","-3.74517",,,,,,,,,,,,,,,,,,,,,,,,,,,,,,,,,,,,,,,,,,,,,,,,,,,"High","High","High","","","","","",,,,,,,,,,,,,,,,,,,,,,,,,,,,,,,,,,,"2026","02","28"
"149","2026-02-28","19:07:21.57","2","6","Reimers, Easton","1000462253","Right","NOR_BIS","Ward, Blaize","1000263242","Left","MIZ_TIG","Undefined","7","Bottom","1","3","2","Fastball","Four-Seam","FoulBallNotFieldable","Undefined","Undefined","Undefined","0","0","","87.79974","-2.164684","-1.150168","2132.358309","204.692629","12:45","5.66142","0.88947","5.86204","-22.73537","13.36686","5.64559","1.75444","0.29128","80.87179","-6.401226","-0.136885","0.432452","86.33113","-16.214781","54.968625",,,,,"6.62586","6.26345","42.413211","0.048509","-3.21366","7.75185","-0.79962","50.0","5.47254","2.3317","-127.53962","-5.55199","-5.32118","24.9395","-19.33855","MIZ_TIG","NOR_BIS","TaylorStadium","D1","SEC","20260228-TaylorStadium-3","006fb360-150b-11f1-9d47-ad81a36dfdfe","87.15973","1.71778",,"6.92795",,,,"1.50114","1.71778","-0.36786","bef09457-2091-4c2d-8883-3b9e5841a581","2026-03-01","01:07:21.57","2026-02-28T19:07:21.5790000-06:00","2026-03-01T01:07:21.5790000Z","GroundBall","v3","4806","471388","509f340b254c4b3a96c253b40ff1333c","Gustafson, Evan","1000308757","Right","NOR_BIS","55525840-fcd3-49dd-9c81-cdbd784ed59e","54.6382","-128.44338","12.46975","5.66104","-4.85119","-9.66928","-0.88761","2.52453","-2.66059","180.0","1.5003","69.89906",,,,,,,,"1.7182","-35.41155",,,,,,,,"-0.36906","99.70995",,,,,,,,,,,,,,,,,,,,,,,,,,,,,,"High","High","High","Low","Low","","","",,,,,,,,,,,,,,,,,,,,,,,,,,,,,,,,,,,"2026","02","28"
"150","2026-02-28","19:07:57.32","2","7","Reimers, Easton","1000462253","Right","NOR_BIS","Ward, Blaize","1000263242","Left","MIZ_TIG","Undefined","7","Bottom","1","3","2","Fastball","Four-Seam","BallCalled","Walk","Undefined","Undefined","0","0","","86.48019","-2.722495","-1.669921","2238.380141","216.129051","1:15","5.44463","1.02775","6.13166","-24.25029","12.54068","8.36142","0.9044","0.18058","79.93656","-7.241106","-0.16142","0.436558",,,,,,,,,,,,"-4.77347","7.52591","-0.90454","50.0","5.22377","3.3396","-125.62005","-6.71721","-7.6858","23.63278","-20.05658","MIZ_TIG","NOR_BIS","TaylorStadium","D1","SEC","20260228-TaylorStadium-3","15c67ff0-150b-11f1-9d47-ad81a36dfdfe","86.34004",,,"6.54363",,,,,,,"bef09457-2091-4c2d-8883-3b9e5841a581","2026-03-01","01:07:57.32","2026-02-28T19:07:57.3250000-06:00","2026-03-01T01:07:57.3250000Z","","v3","4806","471388","509f340b254c4b3a96c253b40ff1333c","Gustafson, Evan","1000308757","Right","NOR_BIS","975e9e14-4238-4c33-94eb-23b18538e9ca","54.36871","-126.43926","11.81639","5.44456","-6.02196","-10.02829","-1.02492","3.60602","-3.8429",,,,,,,,,,,,,,,,,,,,,,,,,,,,,,,,,,,,,,,,,,,,,,,,,,,"High","High","High","","","","","",,,,,,,,,,,,,,,,,,,,,,,,,,,,,,,,,,,"2026","02","28"
"151","2026-02-28","19:08:32.21","3","1","Reimers, Easton","1000462253","Right","NOR_BIS","George, Jamal","805322","Right","MIZ_TIG","Undefined","7","Bottom","1","0","0","Slider","Slider","BallCalled","Undefined","Undefined","Undefined","0","0","","78.98528","-0.591521","-2.309128","2261.423931","71.725405","8:30","5.09864","1.73","5.82155","-45.54215","-0.53669","-5.89229","0.75305","-0.90902","72.72817","-8.928384","-3.365871","0.482841",,,,,,,,,,,,"2.35725","0.30992","-1.53753","50.0","5.02322","4.84374","-114.67372","-2.6438","3.12964","21.788","-31.76256","MIZ_TIG","NOR_BIS","TaylorStadium","D1","SEC","20260228-TaylorStadium-3","2ab1b970-150b-11f1-9d47-ad81a36dfdfe","78.06388",,,"6.25711",,,,,,,"bef09457-2091-4c2d-8883-3b9e5841a581","2026-03-01","01:08:32.21","2026-02-28T19:08:32.2190000-06:00","2026-03-01T01:08:32.2190000Z","","v3","4806","471388","509f340b254c4b3a96c253b40ff1333c","Gustafson, Evan","1000308757","Right","NOR_BIS","5ef16d1c-a3d9-49e2-b6de-e4a91a6118f1","54.67864","-115.55924","10.894","5.10444","-1.35289","-15.88128","-1.73181","4.71654","1.56482",,,,,,,,,,,,,,,,,,,,,,,,,,,,,,,,,,,,,,,,,,,,,,,,,,,"High","High","High","","","","","",,,,,,,,,,,,,,,,,,,,,,,,,,,,,,,,,,,"2026","02","28"
"152","2026-02-28","19:08:52.50","3","2","Reimers, Easton","1000462253","Right","NOR_BIS","George, Jamal","805322","Right","MIZ_TIG","Undefined","7","Bottom","1","1","0","Slider","Slider","BallCalled","Undefined","Undefined","Undefined","0","0","","80.17017","-0.272999","-2.257568","2209.770726","115.966574","9:45","5.03228","1.89154","5.93288","-40.83715","2.75614","-2.76713","1.37571","-0.43465","73.43287","-7.805263","-2.754615","0.475205",,,,,,,,,,,,"0.7574","1.93217","-1.70968","50.0","4.98756","4.69236","-116.3688","-1.84688","1.03347","22.83881","-29.53763","MIZ_TIG","NOR_BIS","TaylorStadium","D1","SEC","20260228-TaylorStadium-3","36c54ec0-150b-11f1-9d47-ad81a36dfdfe","79.31824",,,"6.7373",,,,,,,"bef09457-2091-4c2d-8883-3b9e5841a581","2026-03-01","01:08:52.50","2026-02-28T19:08:52.5000000-06:00","2026-03-01T01:08:52.5000000Z","","v3","4806","471388","509f340b254c4b3a96c253b40ff1333c","Gustafson, Evan","1000308757","Right","NOR_BIS","5260ac6c-ae68-4ce4-85be-a924a65f379d","54.56569","-117.26144","11.41941","5.03719","-0.69241","-14.76881","-1.89229","4.65197","0.51674",,,,,,,,,,,,,,,,,,,,,,,,,,,,,,,,,,,,,,,,,,,,,,,,,,,"High","High","High","","","","","",,,,,,,,,,,,,,,,,,,,,,,,,,,,,,,,,,,"2026","02","28"
"153","2026-02-28","19:09:14.92","3","3","Reimers, Easton","1000462253","Right","NOR_BIS","George, Jamal","805322","Right","MIZ_TIG","Undefined","7","Bottom","1","2","0","Fastball","Four-Seam","BallCalled","Undefined","Undefined","Undefined","0","0","","87.46128","-2.648965","-1.851693","2230.804289","214.09433","1:15","5.48557","1.23099","6.16142","-23.41344","12.73276","7.85044","1.08436","0.17404","80.33516","-7.03202","-0.435002","0.432716",,,,,,,,,,,,"-4.57953","7.66619","-1.09446","50.0","5.27236","3.7951","-126.96496","-6.58907","-7.48544","25.66344","-19.64329","MIZ_TIG","NOR_BIS","TaylorStadium","D1","SEC","20260228-TaylorStadium-3","44086360-150b-11f1-9d47-ad81a36dfdfe","87.10666",,,"7.12612",,,,,,,"bef09457-2091-4c2d-8883-3b9e5841a581","2026-03-01","01:09:14.92","2026-02-28T19:09:14.9220000-06:00","2026-03-01T01:09:14.9220000Z","","v3","4806","471388","509f340b254c4b3a96c253b40ff1333c","Gustafson, Evan","1000308757","Right","NOR_BIS","1c1effd1-e828-42ac-833c-2ea0836c63a1","54.33788","-127.83877","12.83172","5.48532","-5.92024","-9.82164","-1.22802","4.04997","-3.74272",,,,,,,,,,,,,,,,,,,,,,,,,,,,,,,,,,,,,,,,,,,,,,,,,,,"High","High","High","","","","","",,,,,,,,,,,,,,,,,,,,,,,,,,,,,,,,,,,"2026","02","28"
"154","2026-02-28","19:09:37.02","3","4","Reimers, Easton","1000462253","Right","NOR_BIS","George, Jamal","805322","Right","MIZ_TIG","Undefined","7","Bottom","1","3","0","Fastball","Four-Seam","BallCalled","Walk","Undefined","Undefined","0","0","","86.24412","-2.587345","-1.939439","2199.908807","217.031026","1:15","5.46201","1.12483","6.06329","-23.39123","14.04855","9.67812","1.11516","0.13571","78.93829","-6.973488","-0.196322","0.440391",,,,,,,,,,,,"-5.55807","8.35016","-0.97954","50.0","5.24858","3.8559","-125.14021","-6.36244","-8.79404","25.77934","-18.96238","MIZ_TIG","NOR_BIS","TaylorStadium","D1","SEC","20260228-TaylorStadium-3","512b6ce0-150b-11f1-9d47-ad81a36dfdfe","85.58866",,,"7.30583",,,,,,,"bef09457-2091-4c2d-8883-3b9e5841a581","2026-03-01","01:09:37.02","2026-02-28T19:09:37.0250000-06:00","2026-03-01T01:09:37.0250000Z","","v3","4806","471388","509f340b254c4b3a96c253b40ff1333c","Gustafson, Evan","1000308757","Right","NOR_BIS","a70ba813-3873-4b40-919c-cc1117f03407","54.4358","-126.05069","12.88967","5.46146","-5.69273","-9.48119","-1.12121","4.16649","-4.39702",,,,,,,,,,,,,,,,,,,,,,,,,,,,,,,,,,,,,,,,,,,,,,,,,,,"High","High","High","","","","","",,,,,,,,,,,,,,,,,,,,,,,,,,,,,,,,,,,"2026","02","28"
"155","2026-02-28","19:10:44.50","4","1","Reimers, Easton","1000462253","Right","NOR_BIS","Frost, Isaiah","801981","Left","MIZ_TIG","Undefined","7","Bottom","1","0","0","Fastball","Four-Seam","BallCalled","Undefined","Undefined","Undefined","0","0","","86.07636","-1.875149","-0.627601","2242.364946","210.197801","1:00","5.57662","1.05162","5.87512","-20.82635","16.82328","9.10607","2.09876","1.22754","78.96319","-5.791254","1.006981","0.441623",,,,,,,,,,,,"-4.81441","9.4743","-1.00608","50.0","5.41288","0.99516","-125.00601","-4.71577","-7.63589","24.64745","-17.14743","MIZ_TIG","NOR_BIS","TaylorStadium","D1","SEC","20260228-TaylorStadium-3","79922340-150b-11f1-9d47-ad81a36dfdfe","85.34978",,,"7.11316",,,,,,,"bef09457-2091-4c2d-8883-3b9e5841a581","2026-03-01","01:10:44.50","2026-02-28T19:10:44.5080000-06:00","2026-03-01T01:10:44.5080000Z","","v3","4806","471388","509f340b254c4b3a96c253b40ff1333c","Gustafson, Evan","1000308757","Right","NOR_BIS","14e09f59-0839-4210-a3a8-f3b89cfcc3eb","54.6229","-125.91421","12.32372","5.575","-4.08393","-8.57371","-1.04793","1.27653","-3.81795",,,,,,,,,,,,,,,,,,,,,,,,,,,,,,,,,,,,,,,,,,,,,,,,,,,"High","High","High","","","","","",,,,,,,,,,,,,,,,,,,,,,,,,,,,,,,,,,,"2026","02","28"
"156","2026-02-28","19:11:05.15","4","2","Reimers, Easton","1000462253","Right","NOR_BIS","Frost, Isaiah","801981","Left","MIZ_TIG","Undefined","7","Bottom","1","1","0","ChangeUp","Changeup","InPlay","Undefined","FlyBall","Out","1","0","","80.87058","-0.400447","-2.975073","1664.350217","254.804297","2:30","5.14124","1.36403","6.11412","-37.36313","5.34237","14.34922","1.65689","-0.19346","73.67939","-7.348974","-0.389611","0.470342","91.40153","37.521236","9.254852","3567.860801","108.97718","82.59317","14.96539","287.26304","207.47471","6.007498","5.593143","-8.33603","3.28965","-1.14322","50.0","5.09102","5.56817","-117.3427","-1.95519","-11.5245","23.95747","-27.62614","MIZ_TIG","NOR_BIS","TaylorStadium","D1","SEC","20260228-TaylorStadium-3","85b71db0-150b-11f1-9d47-ad81a36dfdfe","80.13843","105.70102",,"7.19118",,,,"1.95796","1.80513","0.20614","bef09457-2091-4c2d-8883-3b9e5841a581","2026-03-01","01:11:05.15","2026-02-28T19:11:05.1560000-06:00","2026-03-01T01:11:05.1560000Z","FlyBall","v3","4806","471388","509f340b254c4b3a96c253b40ff1333c","Gustafson, Evan","1000308757","Right","NOR_BIS","83cb5fe6-5370-4857-854e-6e3fc8a8ec4e","54.38547","-118.23468","11.97874","5.14467","-0.92662","-13.81307","-1.35852","5.99725","-5.76225","173.711708","1.96388","104.82665","-26.88832","6.77943","-1.17752","0.12076","-0.00409","-2.9E-4","2.0E-5","1.80214","81.6942","-16.79133","-0.25655","0.46706","-0.17138","0.03758","-0.00441","2.1E-4","0.20738","17.07467","-6.63255","1.93334","-0.39614","0.05419","-0.00421","1.4E-4","0.0",,,,,,,,,,,,,,,,,,,,,,,"High","High","High","High","Medium","","","",,,,,,,,,,,,,,,,,,,,,,,,,,,,,,,,"78.27649","13.30899","21.75389","2026","02","28"
"157","2026-02-28","19:11:49.73","5","1","Reimers, Easton","1000462253","Right","NOR_BIS","Maisonet, Eric","835908","Left","MIZ_TIG","Undefined","7","Bottom","2","0","0","ChangeUp","Changeup","StrikeCalled","Undefined","Undefined","Undefined","0","0","","81.19133","1.225776","-2.860015","1629.396233","259.236367","2:45","5.23279","1.42708","6.33485","-37.62356","4.69752","16.72009","3.22772","0.18485","73.22148","-5.834869","0.16299","0.46822",,,,,,,,,,,,"-9.51174","2.54831","-1.22553","50.0","5.30507","5.24424","-117.72791","1.40294","-13.14405","25.55653","-28.65263","MIZ_TIG","NOR_BIS","TaylorStadium","D1","SEC","20260228-TaylorStadium-3","a05ba460-150b-11f1-9d47-ad81a36dfdfe","80.50159",,,"7.96985",,,,,,,"bef09457-2091-4c2d-8883-3b9e5841a581","2026-03-01","01:11:49.73","2026-02-28T19:11:49.7370000-06:00","2026-03-01T01:11:49.7370000Z","","v3","4806","471388","509f340b254c4b3a96c253b40ff1333c","Gustafson, Evan","1000308757","Right","NOR_BIS","2bb0190f-9c7e-4b24-83b7-d83cffb9b1e8","54.16174","-118.6279","12.77826","5.2379","2.41197","-14.32632","-1.41836","5.70712","-6.57202",,,,,,,,,,,,,,,,,,,,,,,,,,,,,,,,,,,,,,,,,,,,,,,,,,,"High","High","High","","","","","",,,,,,,,,,,,,,,,,,,,,,,,,,,,,,,,,,,"2026","02","28"
"158","2026-02-28","19:12:08.44","5","2","Reimers, Easton","1000462253","Right","NOR_BIS","Maisonet, Eric","835908","Left","MIZ_TIG","Undefined","7","Bottom","2","0","1","Fastball","Four-Seam","BallCalled","Undefined","Undefined","Undefined","0","0","","86.3032","0.005206","-1.126489","2287.228535","209.482447","1:00","5.45998","1.3212","5.95925","-22.1193","15.15532","7.92485","3.62154","0.93686","79.05964","-4.161289","0.297501","0.439418",,,,,,,,,,,,"-4.35036","8.12122","-1.23606","50.0","5.44797","2.1411","-125.40543","-0.65523","-6.94967","24.61095","-19.20042","MIZ_TIG","NOR_BIS","TaylorStadium","D1","SEC","20260228-TaylorStadium-3","ab8093f0-150b-11f1-9d47-ad81a36dfdfe","85.77803",,,"7.24356",,,,,,,"bef09457-2091-4c2d-8883-3b9e5841a581","2026-03-01","01:12:08.44","2026-02-28T19:12:08.4420000-06:00","2026-03-01T01:12:08.4420000Z","","v3","4806","471388","509f340b254c4b3a96c253b40ff1333c","Gustafson, Evan","1000308757","Right","NOR_BIS","5fe394a3-ac18-4195-971e-4b0b0c064659","54.53857","-126.29299","12.30548","5.45911","0.0372","-9.60021","-1.3178","2.39173","-3.47484",,,,,,,,,,,,,,,,,,,,,,,,,,,,,,,,,,,,,,,,,,,,,,,,,,,"High","High","High","","","","","",,,,,,,,,,,,,,,,,,,,,,,,,,,,,,,,,,,"2026","02","28"
"159","2026-02-28","19:12:27.35","5","3","Reimers, Easton","1000462253","Right","NOR_BIS","Maisonet, Eric","835908","Left","MIZ_TIG","Undefined","7","Bottom","2","1","1","Fastball","Four-Seam","InPlay","Undefined","FlyBall","Out","1","0","","86.20943","-2.163091","-1.91707","2245.098395","207.531974","1:00","5.68826","1.08472","5.94458","-21.41521","16.46009","7.89524","1.89517","-0.03622","78.28606","-6.211299","-0.498817","0.442945","84.41964","41.737093","17.020209",,"104.46172","91.53875","34.46374","235.82593","125.66917","19.585327","5.374904","-4.65736","9.50111","-0.93655","50.0","5.50394","3.86744","-125.01718","-5.35681","-7.30141","27.42183","-17.27909","MIZ_TIG","NOR_BIS","TaylorStadium","D1","SEC","20260228-TaylorStadium-3","b6b64c60-150b-11f1-9d47-ad81a36dfdfe","85.09515","101.08216",,"7.92337",,,,"1.54837","1.94489","0.03892","bef09457-2091-4c2d-8883-3b9e5841a581","2026-03-01","01:12:27.35","2026-02-28T19:12:27.3510000-06:00","2026-03-01T01:12:27.3510000Z","FlyBall","v3","4806","471388","509f340b254c4b3a96c253b40ff1333c","Gustafson, Evan","1000308757","Right","NOR_BIS","3cf63698-5967-4d71-8e85-dd0b122a9c76","54.55373","-126.01206","13.71092","5.68691","-4.72991","-8.63954","-1.08167","4.13234","-3.65071","184.79885","1.55373","88.2362","-24.97847","6.5432","-1.10696","0.0852","0.0061","-0.00165","9.0E-5","1.94142","82.48398","-18.76856","0.413","0.27309","-0.12928","0.03282","-0.00432","2.2E-4","0.04047","27.01342","-5.87906","1.32757","-0.16798","-0.00362","0.00494","-6.6E-4","3.0E-5",,,,,,,,,,,,,,,,,,,,,,,"High","High","High","High","Low","","","",,,,,,,,,,,,,,,,,,,,,,,,,,,,,,,,"68.37716","23.60652","23.67496","2026","02","28"
"173","2026-02-28","19:26:32.47","1","1","Reimers, Easton","1000462253","Right","NOR_BIS","Parker, Sam","806179","Left","MIZ_TIG","Undefined","8","Bottom","0","0","0","ChangeUp","Changeup","BallCalled","Undefined","Undefined","Undefined","0","0","","79.14921","0.048625","-1.359928","1595.252478","256.238823","2:30","5.333","1.44481","6.43676","-38.9651","4.57425","13.25646","2.1306","1.29954","72.84296","-7.216281","1.046498","0.474911",,,,,,,,,,,,"-7.29642","2.7974","-1.35372","50.0","5.31909","2.27268","-115.12177","-1.00833","-9.80372","21.12811","-28.41535","MIZ_TIG","NOR_BIS","TaylorStadium","D1","SEC","20260228-TaylorStadium-3","ae8c3b60-150d-11f1-9d47-ad81a36dfdfe","79.36734",,,"6.30625",,,,,,,"bef09457-2091-4c2d-8883-3b9e5841a581","2026-03-01","01:26:32.47","2026-02-28T19:26:32.4710000-06:00","2026-03-01T01:26:32.4710000Z","","v3","4806","471388","509f340b254c4b3a96c253b40ff1333c","Gustafson, Evan","1000308757","Right","NOR_BIS","d66b58f5-9cf6-49d4-a16c-b36f46933c08","54.06331","-115.8651","10.56406","5.33698","-0.00862","-14.20767","-1.43974","2.6176","-4.90186",,,,,,,,,,,,,,,,,,,,,,,,,,,,,,,,,,,,,,,,,,,,,,,,,,,"High","High","High","","","","","",,,,,,,,,,,,,,,,,,,,,,,,,,,,,,,,,,,"2026","02","28"
"174","2026-02-28","19:26:48.51","1","2","Reimers, Easton","1000462253","Right","NOR_BIS","Parker, Sam","806179","Left","MIZ_TIG","Undefined","8","Bottom","0","1","0","ChangeUp","Changeup","FoulBallNotFieldable","Undefined","Undefined","Undefined","0","0","","78.80546","0.183437","-2.755232","1534.909536","254.472","2:30","5.20779","1.49393","6.05933","-39.46073","5.23414","13.80524","2.08938","0.09225","72.3375","-7.12976","-0.270295","0.481172","74.70167","-36.020084","87.5933",,,,,"5.36396","4.30273","35.847924","0.037899","-7.98103","3.00059","-1.28762","50.0","5.20059","5.0242","-114.46669","-0.80649","-10.5832","21.23746","-28.19515","MIZ_TIG","NOR_BIS","TaylorStadium","D1","SEC","20260228-TaylorStadium-3","b7f63480-150d-11f1-9d47-ad81a36dfdfe","78.3347","2.44952",,"6.46796",,,,"4.20641","2.44952","-0.22469","bef09457-2091-4c2d-8883-3b9e5841a581","2026-03-01","01:26:48.51","2026-02-28T19:26:48.5120000-06:00","2026-03-01T01:26:48.5120000Z","GroundBall","v3","4806","471388","509f340b254c4b3a96c253b40ff1333c","Gustafson, Evan","1000308757","Right","NOR_BIS","e14514c7-edaf-41af-8635-67e7a8c185df","54.44232","-115.28795","10.61873","5.2107","0.28382","-14.09758","-1.48982","5.43345","-5.2916",,"4.20634","3.73284",,,,,,,,"2.45075","-64.63218",,,,,,,,"-0.22638","88.8146",,,,,,,,,,,,,,,,,,,,,,,,,,,,,,"High","High","High","Low","Low","","","",,,,,,,,,,,,,,,,,,,,,,,,,,,,,,,,"66.77124","10.37738","19.90192","2026","02","28"
"175","2026-02-28","19:27:09.45","1","3","Reimers, Easton","1000462253","Right","NOR_BIS","Parker, Sam","806179","Left","MIZ_TIG","Undefined","8","Bottom","0","1","1","ChangeUp","Changeup","StrikeSwinging","Undefined","Undefined","Undefined","0","0","","78.76631","-0.406792","-2.266195","1628.065609","250.029654","2:15","5.1942","1.49105","6.15659","-37.45045","6.90784","15.34847","1.6972","0.67533","72.66429","-7.354014","0.503817","0.479357",,,,,,,,,,,,"-8.55796","4.08823","-1.32665","50.0","5.14401","3.98553","-114.4919","-1.91145","-11.4105","20.25011","-26.72311","MIZ_TIG","NOR_BIS","TaylorStadium","D1","SEC","20260228-TaylorStadium-3","c486e910-150d-11f1-9d47-ad81a36dfdfe","78.6313",,,"6.10201",,,,,,,"bef09457-2091-4c2d-8883-3b9e5841a581","2026-03-01","01:27:09.45","2026-02-28T19:27:09.4510000-06:00","2026-03-01T01:27:09.4510000Z","","v3","4806","471388","509f340b254c4b3a96c253b40ff1333c","Gustafson, Evan","1000308757","Right","NOR_BIS","6e1da20b-d14e-41fd-8c4f-6994bb056f2a","54.34406","-115.25767","10.12506","5.19719","-0.9009","-13.36156","-1.48552","4.41703","-5.70525",,,,,,,,,,,,,,,,,,,,,,,,,,,,,,,,,,,,,,,,,,,,,,,,,,,"High","High","High","","","","","",,,,,,,,,,,,,,,,,,,,,,,,,,,,,,,,,,,"2026","02","28"
"176","2026-02-28","19:27:27.85","1","4","Reimers, Easton","1000462253","Right","NOR_BIS","Parker, Sam","806179","Left","MIZ_TIG","Undefined","8","Bottom","0","1","2","Fastball","Four-Seam","BallCalled","Undefined","Undefined","Undefined","0","0","","85.90639","0.578309","-0.614124","2121.845296","204.309058","12:45","5.62579","1.12563","5.81873","-19.71572","18.57658","7.79855","4.52056","1.20449","77.65922","-3.184806","0.783273","0.445376",,,,,,,,,,,,"-4.13575","9.66371","-1.07988","50.0","5.66153","1.00601","-124.63596","0.6978","-6.44278","27.30463","-17.11969","MIZ_TIG","NOR_BIS","TaylorStadium","D1","SEC","20260228-TaylorStadium-3","cf6b4d30-150d-11f1-9d47-ad81a36dfdfe","84.63056",,,"8.24717",,,,,,,"bef09457-2091-4c2d-8883-3b9e5841a581","2026-03-01","01:27:27.85","2026-02-28T19:27:27.8570000-06:00","2026-03-01T01:27:27.8570000Z","","v3","4806","471388","509f340b254c4b3a96c253b40ff1333c","Gustafson, Evan","1000308757","Right","NOR_BIS","86c8f768-2306-483c-974f-5d6ec0cb3a53","54.67672","-125.65633","13.65232","5.6235","1.33756","-8.55985","-1.12197","1.24677","-3.22139",,,,,,,,,,,,,,,,,,,,,,,,,,,,,,,,,,,,,,,,,,,,,,,,,,,"High","High","High","","","","","",,,,,,,,,,,,,,,,,,,,,,,,,,,,,,,,,,,"2026","02","28"
"177","2026-02-28","19:27:54.54","1","5","Reimers, Easton","1000462253","Right","NOR_BIS","Parker, Sam","806179","Left","MIZ_TIG","Undefined","8","Bottom","0","2","2","ChangeUp","Changeup","BallCalled","Undefined","Undefined","Undefined","0","0","","80.83525","-0.963877","-2.403242","1719.15642","250.58728","2:15","5.22742","1.27123","6.37682","-35.75128","6.49587","14.41918","1.3605","0.26048","73.79856","-7.644633","0.210136","0.467811",,,,,,,,,,,,"-8.24937","4.09744","-1.10424","50.0","5.14145","4.41034","-117.38571","-3.00688","-11.42256","23.8061","-26.5005","MIZ_TIG","NOR_BIS","TaylorStadium","D1","SEC","20260228-TaylorStadium-3","df6b10d0-150d-11f1-9d47-ad81a36dfdfe","80.57202",,,"7.0367",,,,,,,"bef09457-2091-4c2d-8883-3b9e5841a581","2026-03-01","01:27:54.54","2026-02-28T19:27:54.5400000-06:00","2026-03-01T01:27:54.5400000Z","","v3","4806","471388","509f340b254c4b3a96c253b40ff1333c","Gustafson, Evan","1000308757","Right","NOR_BIS","622785b1-ea60-4767-b784-bf72ac9b806a","54.12247","-118.2188","11.90305","5.23045","-2.0795","-13.25025","-1.26557","4.81007","-5.71128",,,,,,,,,,,,,,,,,,,,,,,,,,,,,,,,,,,,,,,,,,,,,,,,,,,"High","High","High","","","","","",,,,,,,,,,,,,,,,,,,,,,,,,,,,,,,,,,,"2026","02","28"
"178","2026-02-28","19:28:13.99","1","6","Reimers, Easton","1000462253","Right","NOR_BIS","Parker, Sam","806179","Left","MIZ_TIG","Undefined","8","Bottom","0","3","2","Fastball","Four-Seam","FoulBallNotFieldable","Undefined","Undefined","Undefined","0","0","","88.33978","-2.793624","-1.998641","2185.404882","209.051094","1:00","5.74426","0.8611","5.8961","-19.01336","16.79308","8.6976","1.56253","-0.27043","81.00904","-6.372856","-0.437793","0.430677",,,,,,,,,,,,"-5.06485","9.74768","-0.70546","50.0","5.50831","4.12383","-128.18642","-6.83835","-8.43514","26.26687","-15.93994","MIZ_TIG","NOR_BIS","TaylorStadium","D1","SEC","20260228-TaylorStadium-3","eae79640-150d-11f1-9d47-ad81a36dfdfe","87.51898",,,"7.33074",,,,,,,"bef09457-2091-4c2d-8883-3b9e5841a581","2026-03-01","01:28:13.99","2026-02-28T19:28:13.9940000-06:00","2026-03-01T01:28:13.9940000Z","","v3","4806","471388","509f340b254c4b3a96c253b40ff1333c","Gustafson, Evan","1000308757","Right","NOR_BIS","2cd608e1-de0d-4207-969d-f7634c4b435c","54.60467","-129.12653","13.13344","5.74285","-6.26785","-7.96997","-0.85845","4.42573","-4.21757",,,,,,,,,,,,,,,,,,,,,,,,,,,,,,,,,,,,,,,,,,,,,,,,,,,"High","High","High","","","","","",,,,,,,,,,,,,,,,,,,,,,,,,,,,,,,,,,,"2026","02","28"
"179","2026-02-28","19:28:37.13","1","7","Reimers, Easton","1000462253","Right","NOR_BIS","Parker, Sam","806179","Left","MIZ_TIG","Undefined","8","Bottom","0","3","2","Fastball","Four-Seam","BallCalled","Walk","Undefined","Undefined","0","0","","87.19643","-2.073627","-0.55494","2063.676613","211.212214","1:00","5.54363","1.09773","5.83069","-21.06041","15.69524","8.81489","1.86011","1.31644","80.01778","-6.021211","1.026252","0.436349",,,,,,,,,,,,"-4.65925","8.93831","-1.05769","50.0","5.3619","0.8621","-126.62511","-5.23822","-7.58081","25.34157","-17.63099","MIZ_TIG","NOR_BIS","TaylorStadium","D1","SEC","20260228-TaylorStadium-3","f8d060c0-150d-11f1-9d47-ad81a36dfdfe","86.38149",,,"7.17865",,,,,,,"bef09457-2091-4c2d-8883-3b9e5841a581","2026-03-01","01:28:37.13","2026-02-28T19:28:37.1340000-06:00","2026-03-01T01:28:37.1340000Z","","v3","4806","471388","509f340b254c4b3a96c253b40ff1333c","Gustafson, Evan","1000308757","Right","NOR_BIS","29d9b5c0-f68e-48a4-9875-36eb80711120","54.66815","-127.55593","12.67079","5.54241","-4.59061","-8.8155","-1.09447","1.14054","-3.79041",,,,,,,,,,,,,,,,,,,,,,,,,,,,,,,,,,,,,,,,,,,,,,,,,,,"High","High","High","","","","","",,,,,,,,,,,,,,,,,,,,,,,,,,,,,,,,,,,"2026","02","28"
"180","2026-02-28","19:29:28.78","2","1","Reimers, Easton","1000462253","Right","NOR_BIS","Patterson, Christopher","1000080435","Left","MIZ_TIG","Undefined","8","Bottom","0","0","0","Slider","Slider","HitByPitch","Undefined","Undefined","Undefined","0","0","","79.38991","1.948777","0.237331","2128.606222","137.78216","10:30","5.23924","1.75288","5.51913","-41.28668","3.47788","-1.94484","3.6215","1.81272","72.91848","-5.628432","-0.109297","0.481547",,,,,,,,,,,,"1.05756","1.56878","-1.77216","50.0","5.38093","-0.40354","-115.30958","2.56272","1.4291","20.70658","-30.05412","MIZ_TIG","NOR_BIS","TaylorStadium","D1","SEC","20260228-TaylorStadium-3","1784ca60-150e-11f1-9d47-ad81a36dfdfe","78.27367",,,"6.47142",,,,,,,"bef09457-2091-4c2d-8883-3b9e5841a581","2026-03-01","01:29:28.78","2026-02-28T19:29:28.7890000-06:00","2026-03-01T01:29:28.7890000Z","","v3","4806","471388","509f340b254c4b3a96c253b40ff1333c","Gustafson, Evan","1000308757","Right","NOR_BIS","4b6f9ace-b644-48f7-89fb-0fdd1ae55db6","54.98209","-116.20079","10.35329","5.24279","3.85625","-15.02706","-1.75346","-0.46505","0.71455",,,,,,,,,,,,,,,,,,,,,,,,,,,,,,,,,,,,,,,,,,,,,,,,,,,"High","High","High","","","","","",,,,,,,,,,,,,,,,,,,,,,,,,,,,,,,,,,,"2026","02","28"
"181","2026-02-28","19:33:28.37","3","1","Reimers, Easton","1000462253","Right","NOR_BIS","Macon, Tyler","823527","Right","MIZ_TIG","Undefined","8","Bottom","0","0","0","Fastball","Changeup","StrikeCalled","Undefined","Undefined","Undefined","0","0","","80.05579","0.356806","-1.743115","1924.450228","204.330811","12:45","5.09613","1.71736","5.83082","-26.97836","16.53946","6.8813","3.17976","0.66999","73.44446","-4.69707","-0.510287","0.474794",,,,,,,,,,,,"-3.96425","8.75646","-1.57907","50.0","5.10934","3.27364","-116.2736","-0.06047","-5.45102","20.90029","-20.13359","MIZ_TIG","NOR_BIS","TaylorStadium","D1","SEC","20260228-TaylorStadium-3","a671d740-150e-11f1-9d47-ad81a36dfdfe","79.38699",,,"6.61133",,,,,,,"bef09457-2091-4c2d-8883-3b9e5841a581","2026-03-01","01:33:28.37","2026-02-28T19:33:28.3740000-06:00","2026-03-01T01:33:28.3740000Z","","v3","4806","471388","509f340b254c4b3a96c253b40ff1333c","Gustafson, Evan","1000308757","Right","NOR_BIS","4b5420c1-c32e-4de3-b1ea-02e382bebf5e","54.66677","-117.10945","10.45014","5.09566","0.74472","-10.06679","-1.71435","3.49164","-2.72551",,,,,,,,,,,,,,,,,,,,,,,,,,,,,,,,,,,,,,,,,,,,,,,,,,,"High","High","High","","","","","",,,,,,,,,,,,,,,,,,,,,,,,,,,,,,,,,,,"2026","02","28"
"182","2026-02-28","19:34:20.84","3","2","Reimers, Easton","1000462253","Right","NOR_BIS","Macon, Tyler","823527","Right","MIZ_TIG","Undefined","8","Bottom","0","0","2","Fastball","Changeup","BallCalled","Undefined","Undefined","Undefined","0","0","","85.20118","0.386227","-2.810766","2114.452348","211.264638","1:00","5.48752","1.39257","5.99389","-23.93391","13.85891","7.80217","3.85138","-0.5641","78.96488","-4.082974","-1.410294","0.442462",,,,,,,,,,,,"-4.65973","7.36248","-1.17523","50.0","5.50459","5.77382","-123.85093","0.10377","-7.35677","20.9213","-20.55023","MIZ_TIG","NOR_BIS","TaylorStadium","D1","SEC","20260228-TaylorStadium-3","c5a534e0-150e-11f1-9d47-ad81a36dfdfe","85.18795",,,"6.23631",,,,,,,"bef09457-2091-4c2d-8883-3b9e5841a581","2026-03-01","01:34:20.84","2026-02-28T19:34:20.8460000-06:00","2026-03-01T01:34:20.8460000Z","","v3","4806","471388","509f340b254c4b3a96c253b40ff1333c","Gustafson, Evan","1000308757","Right","NOR_BIS","720e9e41-950d-4644-9ce7-f9619e0661bb","54.50609","-124.60979","10.46065","5.48731","0.84917","-10.27512","-1.3895","6.04066","-3.67839",,,,,,,,,,,,,,,,,,,,,,,,,,,,,,,,,,,,,,,,,,,,,,,,,,,"High","High","High","","","","","",,,,,,,,,,,,,,,,,,,,,,,,,,,,,,,,,,,"2026","02","28"
"183","2026-02-28","19:34:38.95","3","3","Reimers, Easton","1000462253","Right","NOR_BIS","Macon, Tyler","823527","Right","MIZ_TIG","Undefined","8","Bottom","0","1","2","Fastball","Changeup","InPlay","Undefined","LineDrive","Single","0","1","","85.1962","0.047316","-2.138541","2093.971407","215.705943","1:15","5.39268","1.36865","5.95164","-25.15332","12.73776","8.41146","3.34048","0.08531","78.88545","-4.639984","-0.628283","0.443037","77.86641","18.587312","25.693371","3879.212345","93.03773","24.81456","58.6852","207.28175","172.18127","39.621627","2.645492","-4.84571","6.85981","-1.20334","50.0","5.38216","4.29782","-123.89267","-0.6825","-7.63726","21.49844","-21.36235","MIZ_TIG","NOR_BIS","TaylorStadium","D1","SEC","20260228-TaylorStadium-3","d06a9f50-150e-11f1-9d47-ad81a36dfdfe","85.0774","24.83072",,"6.31076",,,,"0.21486","3.24501","-0.10617","bef09457-2091-4c2d-8883-3b9e5841a581","2026-03-01","01:34:38.95","2026-02-28T19:34:38.9590000-06:00","2026-03-01T01:34:38.9590000Z","LineDrive","v3","4806","471388","509f340b254c4b3a96c253b40ff1333c","Gustafson, Evan","1000308757","Right","NOR_BIS","012d8998-a92e-435c-9398-9fb8eb546296","54.54898","-124.67954","10.74922","5.39283","0.09938","-10.68118","-1.36575","4.57735","-3.81863","241.095577","0.21484","97.54489","-19.90801","3.37083","-0.56786","0.0308","0.0161","-0.00502","4.9E-4","3.24503","36.40166","-16.61128","1.28762","-0.28308","0.09612","-0.02718","0.00511","-4.3E-4","-0.10609","46.92843","2.97413","-1.04403","0.0328","0.14601","-0.07406","0.01663","-0.00148",,,,,,,,,,,,,,,,,,,,,,,"High","High","High","High","High","","","",,,,,,,,,,,,,,,,,,,,,,,,,,,,,,,,"60.5593","10.12751","2.44549","2026","02","28"
"184","2026-02-28","19:38:32.36","4","1","Hart, Hudson","10149401","Right","NOR_BIS","Woita, Jase","831805","Left","MIZ_TIG","Undefined","8","Bottom","0","0","0","Fastball","Four-Seam","BallCalled","Undefined","Undefined","StolenBase","0","0","","90.66067","0.673047","-1.911737","2362.47192","204.167735","12:45","5.73374","1.78972","6.25355","-16.82839","17.25091","7.18548","4.95241","0.6249","81.33863","-2.588956","-0.614479","0.420162",,,,,,,,,,,,"-4.30831","9.04473","-1.65088","50.0","5.77528","4.07912","-131.46691","1.10488","-7.411","32.32514","-16.61567","MIZ_TIG","NOR_BIS","TaylorStadium","D1","SEC","20260228-TaylorStadium-3","5b7ae730-150f-11f1-9d47-ad81a36dfdfe","89.70931",,,"9.32204",,,,,,,"bef09457-2091-4c2d-8883-3b9e5841a581","2026-03-01","01:38:32.36","2026-02-28T19:38:32.3620000-06:00","2026-03-01T01:38:32.3620000Z","","v3","4806","471388","509f340b254c4b3a96c253b40ff1333c","Gustafson, Evan","1000308757","Right","NOR_BIS","de5a8769-4be3-464f-b43a-c42a038d4171","54.24067","-132.5055","16.16257","5.7312","1.63873","-8.30783","-1.78576","4.31723","-3.7055",,,,,,,,,,,,,,,,,,,,,,,,,,,,,,,,,,,,,,,,,,,,,,,,,,,"High","High","High","","","","","",,,,,,,,,,,,,,,,,,,,,,,,,,,,,,,,,,,"2026","02","28"
"185","2026-02-28","19:38:53.89","4","2","Hart, Hudson","10149401","Right","NOR_BIS","Woita, Jase","831805","Left","MIZ_TIG","Undefined","8","Bottom","0","1","0","Fastball","Four-Seam","BallCalled","Undefined","Undefined","Undefined","0","0","","92.02728","-0.614704","-0.93168","2503.836598","216.224025","1:15","5.82162","1.68244","6.27198","-16.90828","15.77922","10.75914","3.84583","1.72009","83.53145","-3.858182","1.013301","0.411493",,,,,,,,,,,,"-5.80898","8.67815","-1.61826","50.0","5.76772","1.71257","-133.66701","-1.90617","-10.43811","30.64339","-16.58039","MIZ_TIG","NOR_BIS","TaylorStadium","D1","SEC","20260228-TaylorStadium-3","68822b50-150f-11f1-9d47-ad81a36dfdfe","91.59929",,,"8.49583",,,,,,,"bef09457-2091-4c2d-8883-3b9e5841a581","2026-03-01","01:38:53.89","2026-02-28T19:38:53.8940000-06:00","2026-03-01T01:38:53.8940000Z","","v3","4806","471388","509f340b254c4b3a96c253b40ff1333c","Gustafson, Evan","1000308757","Right","NOR_BIS","d9602764-30e4-4f19-ab35-78442f822672","54.22452","-134.632","15.3217","5.81952","-1.38403","-8.29019","-1.67737","2.04127","-5.21906",,,,,,,,,,,,,,,,,,,,,,,,,,,,,,,,,,,,,,,,,,,,,,,,,,,"High","High","High","","","","","",,,,,,,,,,,,,,,,,,,,,,,,,,,,,,,,,,,"2026","02","28"
"186","2026-02-28","19:39:14.57","4","3","Hart, Hudson","10149401","Right","NOR_BIS","Woita, Jase","831805","Left","MIZ_TIG","Undefined","8","Bottom","0","2","0","Fastball","Four-Seam","FoulBallNotFieldable","Undefined","Undefined","Undefined","0","0","","91.83942","-2.079435","-2.351607","2447.815741","196.368675","12:30","5.81257","1.54041","6.33751","-11.3369","21.95584","6.07256","2.95081","-0.11991","82.17224","-4.348259","-1.254022","0.415285","71.57912","23.038969","-169.718144","1882.534169","-108.56829","19.17699","-17.68752","163.94315","52.65143","-171.482736","2.021073","-3.98024","12.52131","-1.37196","50.0","5.65564","5.2138","-133.07968","-5.06142","-6.97568","34.61099","-10.22951","MIZ_TIG","NOR_BIS","TaylorStadium","D1","SEC","20260228-TaylorStadium-3","74e58e50-150f-11f1-9d47-ad81a36dfdfe","90.76283","21.48846",,"9.66718",,,,"1.98597","3.04555","0.10447","bef09457-2091-4c2d-8883-3b9e5841a581","2026-03-01","01:39:14.57","2026-02-28T19:39:14.5700000-06:00","2026-03-01T01:39:14.5700000Z","LineDrive","v3","4806","471388","509f340b254c4b3a96c253b40ff1333c","Gustafson, Evan","1000308757","Right","NOR_BIS","621281a6-5350-4a7d-a44b-600b3ae857d3","54.15924","-134.15704","17.3055","5.80824","-4.743","-5.11476","-1.53763","5.43094","-3.48784","15.897962","1.98598","-95.05872","7.13414","-0.32627","0.13274","-0.01783","-0.01608","0.01358","-0.00301","3.04556","41.08631","-24.8556","2.59684","-0.74468","0.45019","-0.23628","0.07113","-0.00878","0.10447","-17.24411","2.85556","-0.25135","0.05011","0.02501","-0.02726","0.01143","-0.00187",,,,,,,,,,,,,,,,,,,,,,,"High","High","High","High","Low","","","",,,,,,,,,,,,,,,,,,,,,,,,,,,,,,,,"85.85691","8.54812","5.48187","2026","02","28"
"187","2026-02-28","19:39:39.42","4","4","Hart, Hudson","10149401","Right","NOR_BIS","Woita, Jase","831805","Left","MIZ_TIG","Undefined","8","Bottom","0","2","1","Fastball","Four-Seam","InPlay","Undefined","GroundBall","Single","0","2","","93.25836","-1.615163","-2.164301","2502.63838","213.587265","1:00","5.79709","1.43182","6.35239","-17.37316","14.4004","8.85355","2.86119","0.17654","84.73411","-4.935536","-0.562345","0.405699","104.11573","-10.974984","-8.184231",,,,,"15.54137","15.49266","-7.843925","0.092892","-5.2791","8.31079","-1.27885","50.0","5.67163","4.75248","-135.39456","-4.32403","-9.72728","31.59344","-16.86051","MIZ_TIG","NOR_BIS","TaylorStadium","D1","SEC","20260228-TaylorStadium-3","837a2930-150f-11f1-9d47-ad81a36dfdfe","92.90729","2.8198",,"8.52425",,,,"1.68294","2.8198","-0.13055","bef09457-2091-4c2d-8883-3b9e5841a581","2026-03-01","01:39:39.42","2026-02-28T19:39:39.4290000-06:00","2026-03-01T01:39:39.4290000Z","GroundBall","v3","4806","471388","509f340b254c4b3a96c253b40ff1333c","Gustafson, Evan","1000308757","Right","NOR_BIS","32afb6eb-3711-46dd-8c36-90c0aecad6ac","54.14656","-136.3587","15.79672","5.79574","-3.8095","-8.43025","-1.42842","5.04933","-4.86364","105.077097","1.68296","148.38062","-8.16268",,,,,,,"2.81981","-29.07382","-13.82852",,,,,,,"-0.13054","-21.34116","-0.93184",,,,,,,,,,,,,,,,,,,,,,,,,,,,,"High","High","High","High","High","","","",,,,,,,,,,,,,,,,,,,,,,,,,,,,,,,,"75.16214","2.08962","-10.04595","2026","02","28"
"188","2026-02-28","19:40:30.89","5","1","Hart, Hudson","10149401","Right","NOR_BIS","Serna, Mateo","806219","Left","MIZ_TIG","Undefined","8","Bottom","0","0","0","Fastball","Four-Seam","BallCalled","Undefined","Undefined","Undefined","0","0","","92.36158","-2.088293","-1.33017","2419.768627","215.647212","1:15","5.74131","1.52245","6.25674","-15.12379","17.13028","11.55993","2.55396","1.25898","84.5669","-4.983539","0.758933","0.408756",,,,,,,,,,,,"-6.33461","9.75969","-1.42903","50.0","5.57859","2.62829","-134.17518","-5.30775","-11.56534","28.6208","-14.35538","MIZ_TIG","NOR_BIS","TaylorStadium","D1","SEC","20260228-TaylorStadium-3","a237e1a0-150f-11f1-9d47-ad81a36dfdfe","92.21265",,,"7.79468",,,,,,,"bef09457-2091-4c2d-8883-3b9e5841a581","2026-03-01","01:40:30.89","2026-02-28T19:40:30.8970000-06:00","2026-03-01T01:40:30.8970000Z","","v3","4806","471388","509f340b254c4b3a96c253b40ff1333c","Gustafson, Evan","1000308757","Right","NOR_BIS","eaf2a854-4e57-46fb-81b7-186a040a1012","54.24175","-135.07695","14.3104","5.7387","-4.85544","-7.17769","-1.51758","2.99268","-5.78267",,,,,,,,,,,,,,,,,,,,,,,,,,,,,,,,,,,,,,,,,,,,,,,,,,,"High","High","High","","","","","",,,,,,,,,,,,,,,,,,,,,,,,,,,,,,,,,,,"2026","02","28"
"189","2026-02-28","19:40:48.53","5","2","Hart, Hudson","10149401","Right","NOR_BIS","Serna, Mateo","806219","Left","MIZ_TIG","Undefined","8","Bottom","0","1","0","Fastball","Four-Seam","BallCalled","Undefined","Undefined","Undefined","0","0","","92.22976","-1.530884","-1.694559","2467.670782","222.720205","1:30","5.81455","1.66121","6.07556","-17.47048","15.67918","13.35123","2.94122","1.20541","82.95952","-4.880017","0.709776","0.414392",,,,,,,,,,,,"-7.33831","8.89965","-1.53656","50.0","5.68675","3.35622","-133.69918","-4.08089","-13.06272","33.28319","-16.33199","MIZ_TIG","NOR_BIS","TaylorStadium","D1","SEC","20260228-TaylorStadium-3","acada570-150f-11f1-9d47-ad81a36dfdfe","90.95846",,,"9.27024",,,,,,,"bef09457-2091-4c2d-8883-3b9e5841a581","2026-03-01","01:40:48.53","2026-02-28T19:40:48.5380000-06:00","2026-03-01T01:40:48.5380000Z","","v3","4806","471388","509f340b254c4b3a96c253b40ff1333c","Gustafson, Evan","1000308757","Right","NOR_BIS","ae2ab11c-1a3d-4bc5-bf7d-fd3d406cac03","54.41908","-134.79478","16.6416","5.81223","-3.54328","-8.166","-1.65412","3.78621","-6.53136",,,,,,,,,,,,,,,,,,,,,,,,,,,,,,,,,,,,,,,,,,,,,,,,,,,"High","High","High","","","","","",,,,,,,,,,,,,,,,,,,,,,,,,,,,,,,,,,,"2026","02","28"
"190","2026-02-28","19:41:09.82","5","3","Hart, Hudson","10149401","Right","NOR_BIS","Serna, Mateo","806219","Left","MIZ_TIG","Undefined","8","Bottom","0","2","0","Fastball","Four-Seam","StrikeCalled","Undefined","Undefined","Undefined","0","0","","92.17805","-2.086797","-3.364416","2435.700256","216.540954","1:15","5.76385","1.57177","6.41028","-18.35662","13.72835","9.47024","2.31128","-0.73598","84.91435","-5.559448","-1.651586","0.407683",,,,,,,,,,,,"-5.78591","7.99717","-1.33489","50.0","5.60568","7.48166","-133.82449","-5.42148","-10.57693","26.7064","-17.55489","MIZ_TIG","NOR_BIS","TaylorStadium","D1","SEC","20260228-TaylorStadium-3","b97177f0-150f-11f1-9d47-ad81a36dfdfe","92.45533",,,"7.26371",,,,,,,"bef09457-2091-4c2d-8883-3b9e5841a581","2026-03-01","01:41:09.82","2026-02-28T19:41:09.8260000-06:00","2026-03-01T01:41:09.8260000Z","","v3","4806","471388","509f340b254c4b3a96c253b40ff1333c","Gustafson, Evan","1000308757","Right","NOR_BIS","81d4087c-cce4-465a-bbb3-89c9e540a2d6","54.08907","-134.63804","13.3532","5.76269","-4.88671","-8.77745","-1.56771","7.80387","-5.28846",,,,,,,,,,,,,,,,,,,,,,,,,,,,,,,,,,,,,,,,,,,,,,,,,,,"High","High","High","","","","","",,,,,,,,,,,,,,,,,,,,,,,,,,,,,,,,,,,"2026","02","28"
"191","2026-02-28","19:41:28.88","5","4","Hart, Hudson","10149401","Right","NOR_BIS","Serna, Mateo","806219","Left","MIZ_TIG","Undefined","8","Bottom","0","2","1","Fastball","Sinker","BallCalled","Undefined","Undefined","Undefined","0","0","","91.862","-2.829071","-1.70923","2415.124608","228.55372","1:30","5.75867","1.39296","6.22655","-19.85576","12.54489","13.15568","1.4905","0.91178","85.01224","-6.546364","0.668012","0.409683",,,,,,,,,,,,"-7.24772","7.50737","-1.27152","50.0","5.537","3.4434","-133.48229","-7.21982","-13.21678","25.84398","-18.48383","MIZ_TIG","NOR_BIS","TaylorStadium","D1","SEC","20260228-TaylorStadium-3","c4b5d660-150f-11f1-9d47-ad81a36dfdfe","92.00384",,,"6.84976",,,,,,,"bef09457-2091-4c2d-8883-3b9e5841a581","2026-03-01","01:41:28.88","2026-02-28T19:41:28.8810000-06:00","2026-03-01T01:41:28.8810000Z","","v3","4806","471388","509f340b254c4b3a96c253b40ff1333c","Gustafson, Evan","1000308757","Right","NOR_BIS","efc5989b-357f-456e-a747-3c42a8365dbb","54.27399","-134.30725","12.92199","5.75804","-6.6298","-9.24192","-1.38817","3.86529","-6.60839",,,,,,,,,,,,,,,,,,,,,,,,,,,,,,,,,,,,,,,,,,,,,,,,,,,"High","High","High","","","","","",,,,,,,,,,,,,,,,,,,,,,,,,,,,,,,,,,,"2026","02","28"
"192","2026-02-28","19:41:49.96","5","5","Hart, Hudson","10149401","Right","NOR_BIS","Serna, Mateo","806219","Left","MIZ_TIG","Undefined","8","Bottom","0","3","1","Fastball","Four-Seam","BallCalled","Walk","Undefined","Undefined","0","0","","90.47745","-3.49103","-3.433751","2419.748258","212.362223","1:00","5.69067","1.56826","6.40137","-18.44706","15.03717","8.87579","0.93332","-0.85354","83.26816","-6.977006","-1.82853","0.416477",,,,,,,,,,,,"-5.54138","9.09646","-1.32575","50.0","5.43107","7.5194","-131.16333","-8.53995","-9.70219","26.43149","-16.24746","MIZ_TIG","NOR_BIS","TaylorStadium","D1","SEC","20260228-TaylorStadium-3","d159ebe0-150f-11f1-9d47-ad81a36dfdfe","90.50295",,,"7.2093",,,,,,,"bef09457-2091-4c2d-8883-3b9e5841a581","2026-03-01","01:41:49.96","2026-02-28T19:41:49.9680000-06:00","2026-03-01T01:41:49.9680000Z","","v3","4806","471388","509f340b254c4b3a96c253b40ff1333c","Gustafson, Evan","1000308757","Right","NOR_BIS","4365ebf2-bd35-4d25-812e-c1c880f8f9e5","54.09822","-131.9866","13.21575","5.68919","-8.03389","-8.12373","-1.56467","7.82159","-4.85109",,,,,,,,,,,,,,,,,,,,,,,,,,,,,,,,,,,,,,,,,,,,,,,,,,,"High","High","High","","","","","",,,,,,,,,,,,,,,,,,,,,,,,,,,,,,,,,,,"2026","02","28"
"193","2026-02-28","19:42:33.10","6","1","Hart, Hudson","10149401","Right","NOR_BIS","Ward, Blaize","1000263242","Left","MIZ_TIG","Undefined","8","Bottom","0","0","0","Fastball","Four-Seam","StrikeCalled","Undefined","Undefined","Undefined","0","0","","91.31353","-1.814503","-3.331474","2454.131081","214.942397","1:15","5.643","1.63107","6.54449","-19.32351","13.43957","8.66142","2.36526","-0.70588","83.50731","-5.489463","-1.760911","0.411968",,,,,,,,,,,,"-5.44319","7.87099","-1.40361","50.0","5.50877","7.3656","-132.51652","-4.74907","-9.67795","28.34743","-18.17951","MIZ_TIG","NOR_BIS","TaylorStadium","D1","SEC","20260228-TaylorStadium-3","eb104200-150f-11f1-9d47-ad81a36dfdfe","91.49358",,,"7.80622",,,,,,,"bef09457-2091-4c2d-8883-3b9e5841a581","2026-03-01","01:42:33.10","2026-02-28T19:42:33.1070000-06:00","2026-03-01T01:42:33.1070000Z","","v3","4806","471388","509f340b254c4b3a96c253b40ff1333c","Gustafson, Evan","1000308757","Right","NOR_BIS","44ab7b75-c75c-4d99-bb66-54b516b636dc","53.95347","-133.35955","14.17372","5.64196","-4.20843","-9.08975","-1.62694","7.65341","-4.83897",,,,,,,,,,,,,,,,,,,,,,,,,,,,,,,,,,,,,,,,,,,,,,,,,,,"High","High","High","","","","","",,,,,,,,,,,,,,,,,,,,,,,,,,,,,,,,,,,"2026","02","28"
"194","2026-02-28","19:42:53.69","6","2","Hart, Hudson","10149401","Right","NOR_BIS","Ward, Blaize","1000263242","Left","MIZ_TIG","Undefined","8","Bottom","0","0","1","Fastball","Four-Seam","StrikeCalled","Undefined","Undefined","Undefined","0","0","","92.60248","-2.501932","-2.914571","2516.853685","220.229171","1:15","5.80338","1.44845","6.30086","-16.34816","15.75694","12.47001","2.13143","-0.20004","84.78968","-5.617427","-0.662045","0.40781",,,,,,,,,,,,"-7.25658","9.17973","-1.23989","50.0","5.61127","6.31991","-134.36959","-6.34287","-13.28922","28.65897","-15.36291","MIZ_TIG","NOR_BIS","TaylorStadium","D1","SEC","20260228-TaylorStadium-3","f782c030-150f-11f1-9d47-ad81a36dfdfe","92.42638",,,"7.81281",,,,,,,"bef09457-2091-4c2d-8883-3b9e5841a581","2026-03-01","01:42:53.69","2026-02-28T19:42:53.6900000-06:00","2026-03-01T01:42:53.6900000Z","","v3","4806","471388","509f340b254c4b3a96c253b40ff1333c","Gustafson, Evan","1000308757","Right","NOR_BIS","4c186d37-9936-400d-ab4c-751e97b3c02a","54.19808","-135.26201","14.32949","5.80134","-5.86448","-7.68146","-1.44313","6.73373","-6.64461",,,,,,,,,,,,,,,,,,,,,,,,,,,,,,,,,,,,,,,,,,,,,,,,,,,"High","High","High","","","","","",,,,,,,,,,,,,,,,,,,,,,,,,,,,,,,,,,,"2026","02","28"
"195","2026-02-28","19:43:16.45","6","3","Hart, Hudson","10149401","Right","NOR_BIS","Ward, Blaize","1000263242","Left","MIZ_TIG","Undefined","8","Bottom","0","0","2","Fastball","Four-Seam","StrikeSwinging","Strikeout","Undefined","Undefined","0","0","","92.00266","-0.613805","-2.473057","2435.828805","212.656382","1:00","5.68985","1.57749","6.31879","-17.48918","14.91761","8.92067","3.66653","0.04169","84.19411","-3.94651","-0.86094","0.409722",,,,,,,,,,,,"-5.28646","8.22386","-1.40051","50.0","5.63636","5.40097","-133.66092","-1.93534","-9.58669","28.15275","-17.26057","MIZ_TIG","NOR_BIS","TaylorStadium","D1","SEC","20260228-TaylorStadium-3","04d5b350-1510-11f1-9d47-ad81a36dfdfe","91.99513",,,"7.80855",,,,,,,"bef09457-2091-4c2d-8883-3b9e5841a581","2026-03-01","01:43:16.45","2026-02-28T19:43:16.4590000-06:00","2026-03-01T01:43:16.4590000Z","","v3","4806","471388","509f340b254c4b3a96c253b40ff1333c","Gustafson, Evan","1000308757","Right","NOR_BIS","f7c3d894-a460-4a32-923d-5683a9b59705","54.17951","-134.53836","14.07638","5.68829","-1.39738","-8.63028","-1.57349","5.69976","-4.79334",,,,,,,,,,,,,,,,,,,,,,,,,,,,,,,,,,,,,,,,,,,,,,,,,,,"High","High","High","","","","","",,,,,,,,,,,,,,,,,,,,,,,,,,,,,,,,,,,"2026","02","28"
"196","2026-02-28","19:43:51.06","7","1","Hart, Hudson","10149401","Right","NOR_BIS","George, Jamal","805322","Right","MIZ_TIG","Undefined","8","Bottom","1","0","0","Fastball","Four-Seam","BallCalled","Undefined","Undefined","Undefined","0","0","","91.74779","-1.616083","-3.712322","2355.346718","206.967374","1:00","5.82999","1.23492","6.45172","-14.52957","18.01277","8.64276","3.13096","-1.46021","83.88269","-4.419778","-2.149728","0.410578",,,,,,,,,,,,"-5.50634","10.15213","-0.97523","50.0","5.70839","8.28264","-133.10414","-4.12663","-9.8939","28.14879","-13.93247","MIZ_TIG","NOR_BIS","TaylorStadium","D1","SEC","20260228-TaylorStadium-3","1980fda0-1510-11f1-9d47-ad81a36dfdfe","91.80338",,,"7.8651",,,,,,,"bef09457-2091-4c2d-8883-3b9e5841a581","2026-03-01","01:43:51.06","2026-02-28T19:43:51.0620000-06:00","2026-03-01T01:43:51.0620000Z","","v3","4806","471388","509f340b254c4b3a96c253b40ff1333c","Gustafson, Evan","1000308757","Right","NOR_BIS","04ee8a0c-4652-4ea4-b2d3-7c82355ff177","54.04636","-133.95713","14.07439","5.82705","-3.70444","-6.96624","-1.23076","8.58245","-4.94695",,,,,,,,,,,,,,,,,,,,,,,,,,,,,,,,,,,,,,,,,,,,,,,,,,,"High","High","High","","","","","",,,,,,,,,,,,,,,,,,,,,,,,,,,,,,,,,,,"2026","02","28"
"197","2026-02-28","19:44:10.90","7","2","Hart, Hudson","10149401","Right","NOR_BIS","George, Jamal","805322","Right","MIZ_TIG","Undefined","8","Bottom","1","1","0","Fastball","Four-Seam","StrikeSwinging","Undefined","Undefined","Undefined","0","0","","91.29683","-1.44409","-2.657753","2404.278538","212.60826","1:00","5.80197","1.44207","6.49706","-15.14576","17.79418","10.68111","3.21255","-0.10921","82.99072","-4.377635","-0.721241","0.413079",,,,,,,,,,,,"-6.33807","10.04965","-1.26005","50.0","5.69374","5.71745","-132.53158","-3.71918","-11.21364","29.71455","-14.39369","MIZ_TIG","NOR_BIS","TaylorStadium","D1","SEC","20260228-TaylorStadium-3","2554cad0-1510-11f1-9d47-ad81a36dfdfe","91.24761",,,"8.3061",,,,,,,"bef09457-2091-4c2d-8883-3b9e5841a581","2026-03-01","01:44:10.90","2026-02-28T19:44:10.9030000-06:00","2026-03-01T01:44:10.9030000Z","","v3","4806","471388","509f340b254c4b3a96c253b40ff1333c","Gustafson, Evan","1000308757","Right","NOR_BIS","2ff97d59-4f93-4146-aca9-7cedc72793f1","54.00046","-133.4255","14.85727","5.79911","-3.28617","-7.19685","-1.43712","6.0548","-5.60682",,,,,,,,,,,,,,,,,,,,,,,,,,,,,,,,,,,,,,,,,,,,,,,,,,,"High","High","High","","","","","",,,,,,,,,,,,,,,,,,,,,,,,,,,,,,,,,,,"2026","02","28"
"198","2026-02-28","19:44:31.18","7","3","Hart, Hudson","10149401","Right","NOR_BIS","George, Jamal","805322","Right","MIZ_TIG","Undefined","8","Bottom","1","1","1","Fastball","Four-Seam","StrikeCalled","Undefined","Undefined","Undefined","0","0","","92.10755","-2.593724","-3.53245","2471.055125","220.278357","1:15","5.97429","1.21712","6.39728","-15.83961","16.58005","13.16351","2.26279","-0.93873","84.18084","-5.628232","-1.152604","0.409804",,,,,,,,,,,,"-7.82414","9.68064","-0.96896","50.0","5.78021","7.7041","-133.56377","-6.4889","-14.13438","28.75142","-14.68586","MIZ_TIG","NOR_BIS","TaylorStadium","D1","SEC","20260228-TaylorStadium-3","3168ae40-1510-11f1-9d47-ad81a36dfdfe","91.97685",,,"7.9267",,,,,,,"bef09457-2091-4c2d-8883-3b9e5841a581","2026-03-01","01:44:31.18","2026-02-28T19:44:31.1870000-06:00","2026-03-01T01:44:31.1870000Z","","v3","4806","471388","509f340b254c4b3a96c253b40ff1333c","Gustafson, Evan","1000308757","Right","NOR_BIS","7a423ea2-f332-444a-a669-b61750b9aee9","54.10157","-134.44379","14.37571","5.97194","-6.0394","-7.34293","-1.21139","8.13673","-7.06719",,,,,,,,,,,,,,,,,,,,,,,,,,,,,,,,,,,,,,,,,,,,,,,,,,,"High","High","High","","","","","",,,,,,,,,,,,,,,,,,,,,,,,,,,,,,,,,,,"2026","02","28"
"199","2026-02-28","19:44:51.00","7","4","Hart, Hudson","10149401","Right","NOR_BIS","George, Jamal","805322","Right","MIZ_TIG","Undefined","8","Bottom","1","1","2","Fastball","Sinker","FoulBallNotFieldable","Undefined","Undefined","Undefined","0","0","","92.19282","-0.049223","-2.792172","2439.36687","228.733484","1:30","5.7448","1.59489","6.07081","-18.67875","13.95363","14.73855","4.14263","0.23727","84.18162","-3.587399","-0.141579","0.411146","69.95083","-11.924162","65.347805",,,,,"16.826","16.826","65.027026","0.17233","-8.36831","7.51382","-1.38629","50.0","5.73097","5.90176","-133.87613","-0.69503","-15.19961","28.6841","-18.5265","MIZ_TIG","NOR_BIS","TaylorStadium","D1","SEC","20260228-TaylorStadium-3","3d2d3930-1510-11f1-9d47-ad81a36dfdfe","91.67662","4.0359",,"8.01121",,,,"0.10602","4.0359","-0.246","bef09457-2091-4c2d-8883-3b9e5841a581","2026-03-01","01:44:51.00","2026-02-28T19:44:51.0030000-06:00","2026-03-01T01:44:51.0030000Z","GroundBall","v3","4806","471388","509f340b254c4b3a96c253b40ff1333c","Gustafson, Evan","1000308757","Right","NOR_BIS","43eb027a-3dbb-4ad9-961a-ed157a57f7ba","54.42881","-134.8217","14.34205","5.74381","-0.0843","-9.26325","-1.5891","6.40281","-7.5998","274.818098","0.10624","41.85284","-7.24532",,,,,,,"4.03606","-21.20977","-12.834",,,,,,,"-0.24582","91.21818","-7.44443",,,,,,,,,,,,,,,,,,,,,,,,,,,,,"High","High","High","High","High","","","",,,,,,,,,,,,,,,,,,,,,,,,,,,,,,,,"52.15828","-0.74143","24.06004","2026","02","28"
"200","2026-02-28","19:45:17.15","7","5","Hart, Hudson","10149401","Right","NOR_BIS","George, Jamal","805322","Right","MIZ_TIG","Undefined","8","Bottom","1","1","2","Slider","Slider","BallCalled","Undefined","Undefined","Undefined","0","0","","79.3335","0.899685","-3.57384","2169.193595","85.390819","8:45","5.44333","1.78543","5.88072","-43.69006","1.01941","-5.0702","2.63971","-1.96036","72.60777","-7.142451","-4.480671","0.48125",,,,,,,,,,,,"1.54311","0.72047","-1.49362","50.0","5.49113","7.37523","-115.00371","0.41884","2.05709","22.24429","-31.2136","MIZ_TIG","NOR_BIS","TaylorStadium","D1","SEC","20260228-TaylorStadium-3","4cddcb60-1510-11f1-9d47-ad81a36dfdfe","78.32188",,,"6.72573",,,,,,,"bef09457-2091-4c2d-8883-3b9e5841a581","2026-03-01","01:45:17.15","2026-02-28T19:45:17.1560000-06:00","2026-03-01T01:45:17.1560000Z","","v3","4806","471388","509f340b254c4b3a96c253b40ff1333c","Gustafson, Evan","1000308757","Right","NOR_BIS","7af82d1c-bbc8-4aa6-9cfe-ae40d581492a","54.6179","-115.89347","11.12215","5.4494","1.66737","-15.6068","-1.78698","7.29295","1.02854",,,,,,,,,,,,,,,,,,,,,,,,,,,,,,,,,,,,,,,,,,,,,,,,,,,"High","High","High","","","","","",,,,,,,,,,,,,,,,,,,,,,,,,,,,,,,,,,,"2026","02","28"
"201","2026-02-28","19:45:37.49","7","6","Hart, Hudson","10149401","Right","NOR_BIS","George, Jamal","805322","Right","MIZ_TIG","Undefined","8","Bottom","1","2","2","Slider","Slider","StrikeSwinging","Strikeout","Undefined","Undefined","0","0","","79.14991","-0.259118","-2.065378","2119.275232","70.683128","8:15","5.3822","1.78682","5.55135","-45.53416","-0.31626","-4.92016","1.3454","-0.55398","72.8567","-8.562605","-2.943519","0.483979",,,,,,,,,,,,"1.91469","0.31567","-1.60474","50.0","5.32952","4.33328","-114.89908","-2.04048","2.55546","21.61017","-31.75272","MIZ_TIG","NOR_BIS","TaylorStadium","D1","SEC","20260228-TaylorStadium-3","58e94a60-1510-11f1-9d47-ad81a36dfdfe","77.88032",,,"6.29321",,,,,,,"bef09457-2091-4c2d-8883-3b9e5841a581","2026-03-01","01:45:37.49","2026-02-28T19:45:37.4940000-06:00","2026-03-01T01:45:37.4940000Z","","v3","4806","471388","509f340b254c4b3a96c253b40ff1333c","Gustafson, Evan","1000308757","Right","NOR_BIS","41348917-8de0-4b7a-bb8b-cec655e79921","54.94893","-115.82613","10.80509","5.38783","-0.67832","-15.87636","-1.78828","4.22365","1.27773",,,,,,,,,,,,,,,,,,,,,,,,,,,,,,,,,,,,,,,,,,,,,,,,,,,"High","High","High","","","","","",,,,,,,,,,,,,,,,,,,,,,,,,,,,,,,,,,,"2026","02","28"
"202","2026-02-28","19:46:09.20","8","1","Hart, Hudson","10149401","Right","NOR_BIS","Frost, Isaiah","801981","Left","MIZ_TIG","Undefined","8","Bottom","2","0","0","Fastball","Four-Seam","BallCalled","Undefined","Undefined","Undefined","0","0","","92.72761","-2.304237","-4.102808","2465.529569","207.597066","1:00","5.74276","1.42463","6.45222","-15.33438","16.9117","8.25099","2.34139","-1.66353","83.97659","-5.266087","-2.612041","0.408705",,,,,,,,,,,,"-5.64485","9.9289","-1.1375","50.0","5.57232","9.31059","-134.33014","-5.82629","-10.20073","32.08895","-14.23167","MIZ_TIG","NOR_BIS","TaylorStadium","D1","SEC","20260228-TaylorStadium-3","6bdef570-1510-11f1-9d47-ad81a36dfdfe","92.22409",,,"8.75103",,,,,,,"bef09457-2091-4c2d-8883-3b9e5841a581","2026-03-01","01:46:09.20","2026-02-28T19:46:09.2000000-06:00","2026-03-01T01:46:09.2000000Z","","v3","4806","471388","509f340b254c4b3a96c253b40ff1333c","Gustafson, Evan","1000308757","Right","NOR_BIS","3179baf4-0de5-477f-89ed-9bdda4c02ee7","54.04775","-135.29361","16.04448","5.74084","-5.39898","-7.11584","-1.42165","9.61687","-5.10036",,,,,,,,,,,,,,,,,,,,,,,,,,,,,,,,,,,,,,,,,,,,,,,,,,,"High","High","High","","","","","",,,,,,,,,,,,,,,,,,,,,,,,,,,,,,,,,,,"2026","02","28"
"203","2026-02-28","19:46:29.64","8","2","Hart, Hudson","10149401","Right","NOR_BIS","Frost, Isaiah","801981","Left","MIZ_TIG","Undefined","8","Bottom","2","1","0","Fastball","Four-Seam","FoulBallNotFieldable","Undefined","Undefined","Undefined","0","0","","90.68172","-1.93282","-2.284705","2425.086276","212.003657","1:00","5.90941","1.36435","6.38191","-16.98339","16.62694","9.6756","2.71397","0.06775","82.34434","-5.194768","-0.533239","0.417261","70.1703","41.414497","-149.436958","3008.921389","-98.73605","47.33837","-48.48902","217.57308","63.76742","-160.985738","3.170465","-5.74918","9.6013","-1.20408","50.0","5.76212","4.86363","-131.6118","-4.90314","-10.00213","30.05218","-15.47025","MIZ_TIG","NOR_BIS","TaylorStadium","D1","SEC","20260228-TaylorStadium-3","7811d290-1510-11f1-9d47-ad81a36dfdfe","90.33302","47.51489",,"8.33738",,,,"1.18777","2.5492","0.08281","bef09457-2091-4c2d-8883-3b9e5841a581","2026-03-01","01:46:29.64","2026-02-28T19:46:29.6400000-06:00","2026-03-01T01:46:29.6400000Z","FlyBall","v3","4806","471388","509f340b254c4b3a96c253b40ff1333c","Gustafson, Evan","1000308757","Right","NOR_BIS","db88ced0-405a-4380-8c2f-e695b47b83e1","54.1167","-132.54848","15.02609","5.90743","-4.42096","-7.73512","-1.36053","5.17538","-5.00106","18.798064","1.18775","-66.45691","2.87224","-1.31204","0.15406","0.04506","-0.02493","0.00497","-3.9E-4","2.54952","68.06631","-30.922","4.62294","-0.60892","-0.09702","0.07463","-0.01535","0.00112","0.08257","-39.23971","3.92262","1.48668","-0.60867","0.03453","0.06242","-0.02104","0.0021",,,,,,,,,,,,,,,,,,,,,,,"High","High","High","High","Low","","","",,,,,,,,,,,,,,,,,,,,,,,,,,,,,,,,,,,"2026","02","28"
"204","2026-02-28","19:46:52.77","8","3","Hart, Hudson","10149401","Right","NOR_BIS","Frost, Isaiah","801981","Left","MIZ_TIG","Undefined","8","Bottom","2","1","1","Fastball","Four-Seam","FoulBallNotFieldable","Undefined","Undefined","Undefined","0","0","","92.313","-2.053328","-2.167113","2375.384809","205.134822","12:45","5.8021","1.45734","6.3591","-16.26985","16.33087","7.12134","2.55437","0.05536","83.48027","-5.186586","-0.878594","0.410946","55.51529","35.944288","-166.477076","2447.38575","-107.25319","19.32446","-24.42825","137.90389","73.78048","-167.642049","2.442045","-4.41433","9.50823","-1.30363","50.0","5.64563","4.77778","-133.92426","-5.24938","-7.91431","32.387","-15.12707","MIZ_TIG","NOR_BIS","TaylorStadium","D1","SEC","20260228-TaylorStadium-3","85d42950-1510-11f1-9d47-ad81a36dfdfe","91.72106","28.95825",,"8.83273",,,,"2.60563","2.78288","-0.07432","bef09457-2091-4c2d-8883-3b9e5841a581","2026-03-01","01:46:52.77","2026-02-28T19:46:52.7780000-06:00","2026-03-01T01:46:52.7780000Z","Popup","v3","4806","471388","509f340b254c4b3a96c253b40ff1333c","Gustafson, Evan","1000308757","Right","NOR_BIS","dc76157b-dea8-4c1c-b189-595ec0827b52","54.13933","-134.92156","16.1935","5.80011","-4.78357","-7.56353","-1.45451","5.02149","-3.95716","5.017696","2.60553","-64.08628","2.17287","0.74663","-0.29792","0.0701","0.03549","-0.02329","0.00347","2.78298","47.78922","-23.93825","2.21288","-0.17159","-0.19345","0.12039","-0.02816","0.00237","-0.07437","-15.41205","1.03766","0.23691","-0.10085","0.02438","0.01481","-0.00945","0.00141",,,,,,,,,,,,,,,,,,,,,,,"High","High","High","High","Medium","","","",,,,,,,,,,,,,,,,,,,,,,,,,,,,,,,,,,,"2026","02","28"
"205","2026-02-28","19:47:16.96","8","4","Hart, Hudson","10149401","Right","NOR_BIS","Frost, Isaiah","801981","Left","MIZ_TIG","Undefined","8","Bottom","2","1","2","Fastball","Four-Seam","FoulBallNotFieldable","Undefined","Undefined","Undefined","0","0","","92.1297","-1.598","-3.58252","2489.63136","212.602921","1:00","5.70518","1.59509","6.2488","-15.11351","17.6778","10.58831","2.96868","-0.83087","83.52224","-4.514933","-1.674681","0.412146","71.8875","12.217202","-166.103628","1339.080633","-106.17517","8.74314","-28.7547","148.45389","51.79704","-164.172629","1.6949","-6.5765","9.9856","-1.33356","50.0","5.57863","7.92006","-133.55138","-4.1379","-11.78492","30.85919","-14.28013","MIZ_TIG","NOR_BIS","TaylorStadium","D1","SEC","20260228-TaylorStadium-3","94361b70-1510-11f1-9d47-ad81a36dfdfe","91.45416","11.34007",,"8.60746",,,,"0.44521","2.89571","0.87968","bef09457-2091-4c2d-8883-3b9e5841a581","2026-03-01","01:47:16.96","2026-02-28T19:47:16.9670000-06:00","2026-03-01T01:47:16.9670000Z","GroundBall","v3","4806","471388","509f340b254c4b3a96c253b40ff1333c","Gustafson, Evan","1000308757","Right","NOR_BIS","ba0258d7-0d28-42f7-8f64-fa8e136642a6","54.2496","-134.52973","15.4296","5.70263","-3.68516","-7.14007","-1.59058","8.29369","-5.89246","219.236545","0.44521","-100.03097","11.85715","-2.12707","0.40236","-0.06928","0.01181","-0.0019","1.7E-4","2.89571","22.31193","-15.28598","0.78982","-0.11062","0.02177","-0.00185","2.2E-4","-4.0E-5","0.87968","-24.74844","0.11806","0.09614","-0.04186","0.01128","-0.00233","3.7E-4","-3.0E-5",,,,,,,,,,,,,,,,,,,,,,,"High","High","High","High","Low","","","",,,,,,,,,,,,,,,,,,,,,,,,,,,,,,,,"61.04035","-5.48417","-16.9623","2026","02","28"
"206","2026-02-28","19:47:46.76","8","5","Hart, Hudson","10149401","Right","NOR_BIS","Frost, Isaiah","801981","Left","MIZ_TIG","Undefined","8","Bottom","2","1","2","Fastball","Four-Seam","StrikeSwinging","Strikeout","Undefined","Undefined","0","0","","92.10126","-0.594733","-2.598717","2384.38978","206.474921","1:00","5.70137","1.51675","6.29615","-17.20198","15.68099","7.22544","3.71928","-0.27732","82.9983","-3.906663","-1.293891","0.412721",,,,,,,,,,,,"-4.53496","8.6493","-1.32868","50.0","5.64915","5.74914","-133.5564","-1.86164","-8.07952","32.42169","-16.76447","MIZ_TIG","NOR_BIS","TaylorStadium","D1","SEC","20260228-TaylorStadium-3","a6139fc0-1510-11f1-9d47-ad81a36dfdfe","91.3266",,,"9.10296",,,,,,,"bef09457-2091-4c2d-8883-3b9e5841a581","2026-03-01","01:47:46.76","2026-02-28T19:47:46.7660000-06:00","2026-03-01T01:47:46.7660000Z","","v3","4806","471388","509f340b254c4b3a96c253b40ff1333c","Gustafson, Evan","1000308757","Right","NOR_BIS","72045a55-be50-49d4-bc2c-846189b78359","54.19876","-134.57182","16.21084","5.69923","-1.3366","-8.38223","-1.5127","6.00218","-4.03976",,,,,,,,,,,,,,,,,,,,,,,,,,,,,,,,,,,,,,,,,,,,,,,,,,,"High","High","High","","","","","",,,,,,,,,,,,,,,,,,,,,,,,,,,,,,,,,,,"2026","02","28"
"9","2026-02-27","18:08:03.70","1","1","Puetz, Parker","1000213729","Right","NOR_BIS","Woita, Jase","831805","Left","MIZ_TIG","Undefined","1","Bottom","0","0","0","Fastball","Four-Seam","BallCalled","Undefined","Undefined","Undefined","0","0","","92.65496","1.390795","-1.286823","2284.68925","213.521864","1:00","5.28311","1.74852","6.10491","-15.98359","16.51548","10.22658","5.23788","1.41052","83.84733","-1.684015","0.555082","0.410305",,,,,,,,,,,,"-5.58536","8.38217","-1.65446","50.0","5.38138","2.56326","-134.46832","2.81905","-10.15524","31.05723","-16.93365","MIZ_TIG","NOR_BIS","TaylorStadium","D1","SEC","20260227-TaylorStadium-1","8d5d0110-1439-11f1-8b2a-372dde908e8b","91.86438",,,"8.80763",,,,,,,"1b302c73-8876-476a-9477-a2ba524ff780","2026-02-28","00:08:03.70","2026-02-27T18:08:03.7048832-06:00","2026-02-28T00:08:03.7048832Z","","v3","4806","471388","9d219402a542450a8ca9d307da9f26b3","Freiter, Bennett","1000119083","Right","NOR_BIS","1d5e259f-4921-40a3-a3fa-bc9e90568361","54.39051","-135.47857","15.52862","5.28072","3.36988","-8.46682","-1.74321","2.8936","-5.07762",,,,,,,,,,,,,,,,,,,,,,,,,,,,,,,,,,,,,,,,,,,,,,,,,,,"High","High","High","","","","","",,,,,,,,,,,,,,,,,,,,,,,,,,,,,,,,,,,"2026","02","27"
"10","2026-02-27","18:08:20.72","1","2","Puetz, Parker","1000213729","Right","NOR_BIS","Woita, Jase","831805","Left","MIZ_TIG","Undefined","1","Bottom","0","1","0","Fastball","Four-Seam","InPlay","Undefined","LineDrive","Single","0","0","","92.07909","-1.424528","-3.358536","2230.437405","223.153425","1:30","5.27105","1.64599","6.09659","-19.59316","13.37198","11.49253","2.31818","-0.50622","83.63505","-5.134435","-1.292051","0.413237","96.93813","11.54809","15.877212","1104.611429","104.9232","16.59676","33.03046","242.46934","242.46934","19.8075","2.246277","-6.9617","7.6578","-1.39328","50.0","5.1509","7.35281","-133.51518","-3.93616","-12.47993","30.59677","-18.44628","MIZ_TIG","NOR_BIS","TaylorStadium","D1","SEC","20260227-TaylorStadium-1","977da000-1439-11f1-8b2a-372dde908e8b","91.21272","17.03945",,"8.44404",,,,"2.53522","2.41748","0.46762","1b302c73-8876-476a-9477-a2ba524ff780","2026-02-28","00:08:20.72","2026-02-27T18:08:20.7258112-06:00","2026-02-28T00:08:20.7258112Z","LineDrive","v3","4806","471388","9d219402a542450a8ca9d307da9f26b3","Freiter, Bennett","1000119083","Right","NOR_BIS","3a305205-37d2-48f5-a5ca-7b58ce47592c","54.40267","-134.52033","15.29838","5.27025","-3.33018","-9.22314","-1.64157","7.7628","-6.23997","223.464136","2.5352","133.98455","-21.25917","4.16365","-0.86535","0.13388","0.00817","-0.01068","0.00171","2.41751","28.46074","-14.58393","0.79353","-0.11374","0.0663","-0.04944","0.01833","-0.00245","0.46766","38.10666","-0.32919","-0.42856","0.15617","0.01827","-0.05396","0.02272","-0.00313",,,,,,,,,,,,,,,,,,,,,,,"High","High","High","High","High","","","",,,,,,,,,,,,,,,,,,,,,,,,,,,,,,,,"76.7551","8.6171","8.30841","2026","02","27"
"11","2026-02-27","18:09:27.88","2","1","Puetz, Parker","1000213729","Right","NOR_BIS","Macon, Tyler","823527","Right","MIZ_TIG","Undefined","1","Bottom","0","0","0","Fastball","Four-Seam","FoulBallNotFieldable","Undefined","Undefined","Undefined","0","0","","91.52917","-1.101529","-3.579799","2341.063443","218.905068","1:15","5.38098","1.51461","6.10268","-17.12922","16.55261","12.3578","2.93272","-0.77052","82.26672","-4.396623","-1.358853","0.417705","75.96261","20.059359","162.584932","3693.640519","-106.87325","17.2939","26.04037","166.72873","52.31277","168.745701","1.901258","-7.38575","9.18985","-1.2446","50.0","5.28691","7.72763","-132.49452","-3.02677","-12.93316","32.24761","-16.08176","MIZ_TIG","NOR_BIS","TaylorStadium","D1","SEC","20260227-TaylorStadium-1","bf9af150-1439-11f1-8b2a-372dde908e8b","90.23704","19.0004",,"9.26245",,,,"0.46584","2.85104","0.77782","1b302c73-8876-476a-9477-a2ba524ff780","2026-02-28","00:09:27.88","2026-02-27T18:09:27.8848000-06:00","2026-02-28T00:09:27.8848000Z","LineDrive","v3","4806","471388","9d219402a542450a8ca9d307da9f26b3","Freiter, Bennett","1000119083","Right","NOR_BIS","fc6783ce-e8dc-4d80-ab4d-fe42190010cd","54.3903","-133.5588","16.12381","5.37804","-2.49602","-8.04088","-1.50668","8.15447","-6.46658","305.293099","0.46587","-99.85966","8.38875","-1.29802","0.82185","-0.5528","0.25895","-0.06699","0.0073","2.85107","38.20883","-24.4359","2.24873","0.07658","-0.39707","0.21928","-0.05769","0.00625","0.77785","31.31737","-9.91103","1.33562","0.24607","-0.42911","0.21992","-0.05717","0.00619",,,,,,,,,,,,,,,,,,,,,,,"High","High","High","High","Low","","","",,,,,,,,,,,,,,,,,,,,,,,,,,,,,,,,"73.10536","15.56504","5.47469","2026","02","27"
"12","2026-02-27","18:09:49.05","2","2","Puetz, Parker","1000213729","Right","NOR_BIS","Macon, Tyler","823527","Right","MIZ_TIG","Undefined","1","Bottom","0","0","1","Slider","Slider","BallCalled","Undefined","Undefined","Undefined","0","0","","82.7867","0.752891","-1.610749","2644.979804","73.782518","8:30","5.06879","1.76874","5.43004","-45.47975","-2.89284","-15.6004","1.98425","-1.04024","74.21253","-7.586885","-4.386556","0.469688",,,,,,,,,,,,"7.17032","-1.15095","-1.61525","50.0","5.10486","4.04719","-119.827","-0.07623","10.13747","29.10922","-33.80127","MIZ_TIG","NOR_BIS","TaylorStadium","D1","SEC","20260227-TaylorStadium-1","cc2e16e0-1439-11f1-8b2a-372dde908e8b","80.24996",,,"8.57417",,,,,,,"1b302c73-8876-476a-9477-a2ba524ff780","2026-02-28","00:09:49.05","2026-02-27T18:09:49.0564096-06:00","2026-02-28T00:09:49.0564096Z","","v3","4806","471388","9d219402a542450a8ca9d307da9f26b3","Freiter, Bennett","1000119083","Right","NOR_BIS","063fa79b-20a4-4649-9706-7c98b352f348","55.06533","-121.05125","14.55461","5.07817","1.34535","-16.90063","-1.7765","3.62083","5.06873",,,,,,,,,,,,,,,,,,,,,,,,,,,,,,,,,,,,,,,,,,,,,,,,,,,"High","High","High","","","","","",,,,,,,,,,,,,,,,,,,,,,,,,,,,,,,,,,,"2026","02","27"
"13","2026-02-27","18:10:12.44","2","3","Puetz, Parker","1000213729","Right","NOR_BIS","Macon, Tyler","823527","Right","MIZ_TIG","Undefined","1","Bottom","0","1","1","Slider","Slider","BallCalled","Undefined","Undefined","Undefined","0","0","","81.94351","-0.308379","-2.881314","2680.067254","77.739297","8:30","5.18152","1.73375","5.58773","-45.42302","-2.15469","-17.47651","1.10794","-2.41546","73.78841","-8.625019","-5.994888","0.473431",,,,,,,,,,,,"7.69638","-0.3937","-1.47514","50.0","5.12642","6.70309","-118.55491","-2.22986","10.65083","28.50587","-32.71886","MIZ_TIG","NOR_BIS","TaylorStadium","D1","SEC","20260227-TaylorStadium-1","da2fe7a0-1439-11f1-8b2a-372dde908e8b","79.61553",,,"8.1551",,,,,,,"1b302c73-8876-476a-9477-a2ba524ff780","2026-02-28","00:10:12.44","2026-02-27T18:10:12.4429312-06:00","2026-02-28T00:10:12.4429312Z","","v3","4806","471388","9d219402a542450a8ca9d307da9f26b3","Freiter, Bennett","1000119083","Right","NOR_BIS","209477bf-8e54-4bf8-bbc7-01f89530515a","54.9078","-119.72915","14.25293","5.19051","-0.88208","-16.35943","-1.74222","6.26435","5.32542",,,,,,,,,,,,,,,,,,,,,,,,,,,,,,,,,,,,,,,,,,,,,,,,,,,"High","High","High","","","","","",,,,,,,,,,,,,,,,,,,,,,,,,,,,,,,,,,,"2026","02","27"
"14","2026-02-27","18:10:33.40","2","4","Puetz, Parker","1000213729","Right","NOR_BIS","Macon, Tyler","823527","Right","MIZ_TIG","Undefined","1","Bottom","0","2","1","Cutter","Slider","StrikeCalled","Undefined","Undefined","Undefined","0","0","","87.42414","-0.538933","-2.738805","2513.010929","167.745216","11:30","5.14834","1.75972","5.5285","-26.79372","10.21843","-1.97386","2.41114","-0.96703","80.22607","-5.487783","-3.090031","0.437868",,,,,,,,,,,,"0.25634","5.6604","-1.52023","50.0","5.08372","6.15303","-126.82624","-2.12991","0.41881","25.17466","-22.92563","MIZ_TIG","NOR_BIS","TaylorStadium","D1","SEC","20260227-TaylorStadium-1","e6a39e50-1439-11f1-8b2a-372dde908e8b","86.08168",,,"7.19806",,,,,,,"1b302c73-8876-476a-9477-a2ba524ff780","2026-02-28","00:10:33.40","2026-02-27T18:10:33.4051328-06:00","2026-02-28T00:10:33.4051328Z","","v3","4806","471388","9d219402a542450a8ca9d307da9f26b3","Freiter, Bennett","1000119083","Right","NOR_BIS","39f083d7-3a2e-4440-b19e-0e8d7af67532","54.96936","-127.80884","12.58733","5.14939","-1.2351","-11.46282","-1.76008","6.13669","0.20941",,,,,,,,,,,,,,,,,,,,,,,,,,,,,,,,,,,,,,,,,,,,,,,,,,,"High","High","High","","","","","",,,,,,,,,,,,,,,,,,,,,,,,,,,,,,,,,,,"2026","02","27"
"15","2026-02-27","18:10:53.61","2","5","Puetz, Parker","1000213729","Right","NOR_BIS","Macon, Tyler","823527","Right","MIZ_TIG","Undefined","1","Bottom","0","2","2","Cutter","Slider","StrikeSwinging","Strikeout","Undefined","Undefined","0","0","","87.09898","0.386158","-2.403502","2651.883997","125.856938","10:15","5.05029","1.75285","5.31838","-32.26931","5.23055","-5.69733","2.72391","-0.97894","80.08854","-5.514891","-3.413604","0.440744",,,,,,,,,,,,"2.23575","2.83851","-1.53072","50.0","5.06188","5.55279","-126.41481","-0.34153","3.63332","24.74378","-27.56118","MIZ_TIG","NOR_BIS","TaylorStadium","D1","SEC","20260227-TaylorStadium-1","f2a77c30-1439-11f1-8b2a-372dde908e8b","85.52004",,,"7.01044",,,,,,,"1b302c73-8876-476a-9477-a2ba524ff780","2026-02-28","00:10:53.61","2026-02-27T18:10:53.6173056-06:00","2026-02-28T00:10:53.6173056Z","","v3","4806","471388","9d219402a542450a8ca9d307da9f26b3","Freiter, Bennett","1000119083","Right","NOR_BIS","c5420d58-ebfa-463c-aaf4-d9a3b253ff6d","55.18188","-127.42505","12.37189","5.05285","0.78373","-13.78059","-1.7544","5.40445","1.81666",,,,,,,,,,,,,,,,,,,,,,,,,,,,,,,,,,,,,,,,,,,,,,,,,,,"High","High","High","","","","","",,,,,,,,,,,,,,,,,,,,,,,,,,,,,,,,,,,"2026","02","27"
"16","2026-02-27","18:11:30.44","3","1","Puetz, Parker","1000213729","Right","NOR_BIS","Serna, Mateo","806219","Left","MIZ_TIG","Undefined","1","Bottom","1","0","0","Fastball","Four-Seam","BallCalled","Undefined","Undefined","Undefined","0","0","","90.93361","-0.490882","-1.091648","2370.067918","213.891383","1:15","5.24976","1.675","5.91309","-16.90981","17.37438","10.82875","3.38492","1.56409","81.70324","-3.743314","0.852442","0.421423",,,,,,,,,,,,"-5.82898","9.37886","-1.59326","50.0","5.20078","2.02409","-131.8448","-1.61028","-10.09096","32.34572","-15.9376","MIZ_TIG","NOR_BIS","TaylorStadium","D1","SEC","20260227-TaylorStadium-1","08a18da0-143a-11f1-8b2a-372dde908e8b","89.44087",,,"9.23037",,,,,,,"1b302c73-8876-476a-9477-a2ba524ff780","2026-02-28","00:11:30.44","2026-02-27T18:11:30.4442880-06:00","2026-02-28T00:11:30.4442880Z","","v3","4806","471388","9d219402a542450a8ca9d307da9f26b3","Freiter, Bennett","1000119083","Right","NOR_BIS","22ac7989-7fd3-4095-9749-3858995d93b2","54.58111","-132.96394","16.17286","5.24696","-1.05885","-7.9688","-1.66933","2.37323","-5.04548",,,,,,,,,,,,,,,,,,,,,,,,,,,,,,,,,,,,,,,,,,,,,,,,,,,"High","High","High","","","","","",,,,,,,,,,,,,,,,,,,,,,,,,,,,,,,,,,,"2026","02","27"
"17","2026-02-27","18:11:56.61","3","2","Puetz, Parker","1000213729","Right","NOR_BIS","Serna, Mateo","806219","Left","MIZ_TIG","Undefined","1","Bottom","1","1","0","Cutter","Slider","BallCalled","Undefined","Undefined","Undefined","0","0","","86.65983","0.49499","-0.070648","2505.062062","143.633078","10:45","5.10474","1.883","5.56505","-30.26635","7.28717","-4.51866","3.04498","1.44044","79.40157","-5.093088","-0.876994","0.441059",,,,,,,,,,,,"2.24819","3.92551","-1.87396","50.0","5.12772","0.35217","-125.85762","0.01706","3.61522","24.93433","-25.86155","MIZ_TIG","NOR_BIS","TaylorStadium","D1","SEC","20260227-TaylorStadium-1","18319f80-143a-11f1-8b2a-372dde908e8b","85.45894",,,"7.25826",,,,,,,"1b302c73-8876-476a-9477-a2ba524ff780","2026-02-28","00:11:56.61","2026-02-27T18:11:56.6130688-06:00","2026-02-28T00:11:56.6130688Z","","v3","4806","471388","9d219402a542450a8ca9d307da9f26b3","Freiter, Bennett","1000119083","Right","NOR_BIS","e6249b7e-171c-47c1-8d54-25dc245131df","54.93238","-126.83103","12.46717","5.10735","1.02668","-12.93077","-1.88495","0.21103","1.80761",,,,,,,,,,,,,,,,,,,,,,,,,,,,,,,,,,,,,,,,,,,,,,,,,,,"High","High","High","","","","","",,,,,,,,,,,,,,,,,,,,,,,,,,,,,,,,,,,"2026","02","27"
"18","2026-02-27","18:12:15.68","3","3","Puetz, Parker","1000213729","Right","NOR_BIS","Serna, Mateo","806219","Left","MIZ_TIG","Undefined","1","Bottom","1","2","0","Cutter","Slider","FoulBallNotFieldable","Undefined","Undefined","Undefined","0","0","","85.80039","-0.172041","-2.248698","2578.157557","119.128914","10:00","5.07353","1.84112","5.48074","-34.17289","4.29122","-5.61374","2.06469","-0.7318","78.88956","-6.428986","-3.247721","0.446375",,,,,,,,,,,,"2.24134","2.53654","-1.63974","50.0","5.03505","5.12534","-124.55799","-1.59612","3.52858","24.5262","-28.18071","MIZ_TIG","NOR_BIS","TaylorStadium","D1","SEC","20260227-TaylorStadium-1","238f0430-143a-11f1-8b2a-372dde908e8b","84.44128",,,"6.91083",,,,,,,"1b302c73-8876-476a-9477-a2ba524ff780","2026-02-28","00:12:15.68","2026-02-27T18:12:15.6843520-06:00","2026-02-28T00:12:15.6843520Z","","v3","4806","471388","9d219402a542450a8ca9d307da9f26b3","Freiter, Bennett","1000119083","Right","NOR_BIS","474c4422-be6e-494f-9fcb-8992653099c4","55.01965","-125.5425","12.2631","5.07642","-0.46491","-14.09036","-1.84264","4.9837","1.76429",,,,,,,,,,,,,,,,,,,,,,,,,,,,,,,,,,,,,,,,,,,,,,,,,,,"High","High","High","","","","","",,,,,,,,,,,,,,,,,,,,,,,,,,,,,,,,,,,"2026","02","27"
"19","2026-02-27","18:12:42.65","3","4","Puetz, Parker","1000213729","Right","NOR_BIS","Serna, Mateo","806219","Left","MIZ_TIG","Undefined","1","Bottom","1","2","1","Fastball","Four-Seam","BallCalled","Undefined","Undefined","Undefined","0","0","","91.99946","0.256111","-1.137944","2302.099464","218.882732","1:15","5.2788","1.60959","6.05918","-19.13564","13.71749","10.21205","3.92126","1.40721","83.75271","-3.372377","0.700432","0.412534",,,,,,,,,,,,"-5.53937","7.29819","-1.52636","50.0","5.28836","2.20701","-133.63068","0.00458","-9.98999","29.50459","-19.01203","MIZ_TIG","NOR_BIS","TaylorStadium","D1","SEC","20260227-TaylorStadium-1","33a69590-143a-11f1-8b2a-372dde908e8b","91.36806",,,"8.24675",,,,,,,"1b302c73-8876-476a-9477-a2ba524ff780","2026-02-28","00:12:42.65","2026-02-27T18:12:42.6533376-06:00","2026-02-28T00:12:42.6533376Z","","v3","4806","471388","9d219402a542450a8ca9d307da9f26b3","Freiter, Bennett","1000119083","Right","NOR_BIS","951e8634-f33d-4def-8170-afaca9c9cf20","54.43787","-134.60696","14.75229","5.27781","0.63367","-9.50602","-1.60486","2.53757","-4.995",,,,,,,,,,,,,,,,,,,,,,,,,,,,,,,,,,,,,,,,,,,,,,,,,,,"High","High","High","","","","","",,,,,,,,,,,,,,,,,,,,,,,,,,,,,,,,,,,"2026","02","27"
"20","2026-02-27","18:13:02.32","3","5","Puetz, Parker","1000213729","Right","NOR_BIS","Serna, Mateo","806219","Left","MIZ_TIG","Undefined","1","Bottom","1","3","1","Fastball","Sinker","BallCalled","Walk","Undefined","Undefined","0","0","","91.71033","-0.777197","-1.862594","2236.882753","231.037328","1:45","5.336","1.66959","6.00183","-20.62997","12.58154","14.20465","2.89629","1.12688","83.44342","-4.669053","0.691822","0.414778",,,,,,,,,,,,"-7.7689","7.01363","-1.53039","50.0","5.26354","3.70168","-133.13269","-2.46784","-13.88285","29.74033","-19.6408","MIZ_TIG","NOR_BIS","TaylorStadium","D1","SEC","20260227-TaylorStadium-1","3f5a57a0-143a-11f1-8b2a-372dde908e8b","90.87381",,,"8.26691",,,,,,,"1b302c73-8876-476a-9477-a2ba524ff780","2026-02-28","00:13:02.32","2026-02-27T18:13:02.3285248-06:00","2026-02-28T00:13:02.3285248Z","","v3","4806","471388","9d219402a542450a8ca9d307da9f26b3","Freiter, Bennett","1000119083","Right","NOR_BIS","7210ae4c-914e-4723-b3f8-95a238cc2233","54.4953","-134.13313","14.87017","5.33544","-1.80714","-9.8204","-1.66277","4.16869","-6.94143",,,,,,,,,,,,,,,,,,,,,,,,,,,,,,,,,,,,,,,,,,,,,,,,,,,"High","High","High","","","","","",,,,,,,,,,,,,,,,,,,,,,,,,,,,,,,,,,,"2026","02","27"
"21","2026-02-27","18:13:39.48","4","1","Puetz, Parker","1000213729","Right","NOR_BIS","Parker, Sam","806179","Left","MIZ_TIG","Undefined","1","Bottom","1","0","0","Cutter","Slider","StrikeCalled","Undefined","Undefined","Undefined","0","0","","85.86585","0.758469","-2.339683","2511.86378","142.313069","10:45","5.18808","1.80037","5.40907","-33.15474","5.35792","-3.23937","3.13645","-0.66288","78.78039","-5.322663","-2.915016","0.446656",,,,,,,,,,,,"0.99406","2.86256","-1.58977","50.0","5.23258","5.23129","-124.59152","0.44888","1.56762","24.26332","-27.65971","MIZ_TIG","NOR_BIS","TaylorStadium","D1","SEC","20260227-TaylorStadium-1","558479c0-143a-11f1-8b2a-372dde908e8b","84.38807",,,"7.08545",,,,,,,"1b302c73-8876-476a-9477-a2ba524ff780","2026-02-28","00:13:39.48","2026-02-27T18:13:39.4895872-06:00","2026-02-28T00:13:39.4895872Z","","v3","4806","471388","9d219402a542450a8ca9d307da9f26b3","Freiter, Bennett","1000119083","Right","NOR_BIS","10a379a7-ec3b-4803-807c-829f941be890","55.08929","-125.57871","12.13166","5.19142","1.57427","-13.82986","-1.80132","5.1675","0.78381",,,,,,,,,,,,,,,,,,,,,,,,,,,,,,,,,,,,,,,,,,,,,,,,,,,"High","High","High","","","","","",,,,,,,,,,,,,,,,,,,,,,,,,,,,,,,,,,,"2026","02","27"
"22","2026-02-27","18:13:56.51","4","2","Puetz, Parker","1000213729","Right","NOR_BIS","Parker, Sam","806179","Left","MIZ_TIG","Undefined","1","Bottom","1","0","1","Fastball","Sinker","BallCalled","Undefined","Undefined","Undefined","0","0","","91.51607","-0.322637","-1.947694","2310.500593","225.049515","1:30","5.17778","1.95308","6.06671","-19.65257","13.78135","12.65276","3.24131","1.20431","82.80208","-4.058074","0.32969","0.416165",,,,,,,,,,,,"-7.07449","7.52788","-1.80852","50.0","5.14229","3.96648","-132.8044","-1.35175","-12.51046","31.04916","-18.86186","MIZ_TIG","NOR_BIS","TaylorStadium","D1","SEC","20260227-TaylorStadium-1","5faa21c0-143a-11f1-8b2a-372dde908e8b","90.571",,,"8.714",,,,,,,"1b302c73-8876-476a-9477-a2ba524ff780","2026-02-28","00:13:56.51","2026-02-27T18:13:56.5128704-06:00","2026-02-28T00:13:56.5128704Z","","v3","4806","471388","9d219402a542450a8ca9d307da9f26b3","Freiter, Bennett","1000119083","Right","NOR_BIS","2729f7db-7ef5-46cf-a854-06839bdae853","54.43023","-133.83617","15.52458","5.1768","-0.72497","-9.43093","-1.94723","4.3822","-6.25523",,,,,,,,,,,,,,,,,,,,,,,,,,,,,,,,,,,,,,,,,,,,,,,,,,,"High","High","High","","","","","",,,,,,,,,,,,,,,,,,,,,,,,,,,,,,,,,,,"2026","02","27"
"23","2026-02-27","18:14:14.27","4","3","Puetz, Parker","1000213729","Right","NOR_BIS","Parker, Sam","806179","Left","MIZ_TIG","Undefined","1","Bottom","1","1","1","Fastball","Four-Seam","BallCalled","Undefined","Undefined","Undefined","0","0","","91.33472","-0.296133","-1.450805","2259.240131","222.499424","1:30","5.34149","1.72166","6.01175","-17.98529","15.72485","13.32288","3.56829","1.48759","82.41773","-3.735944","0.9453","0.41788",,,,,,,,,,,,"-7.27272","8.51052","-1.61486","50.0","5.30847","2.77575","-132.53091","-1.21766","-12.77122","31.67404","-17.2292","MIZ_TIG","NOR_BIS","TaylorStadium","D1","SEC","20260227-TaylorStadium-1","6a4f32f0-143a-11f1-8b2a-372dde908e8b","90.19919",,,"8.91699",,,,,,,"1b302c73-8876-476a-9477-a2ba524ff780","2026-02-28","00:14:14.27","2026-02-27T18:14:14.2759424-06:00","2026-02-28T00:14:14.2759424Z","","v3","4806","471388","9d219402a542450a8ca9d307da9f26b3","Freiter, Bennett","1000119083","Right","NOR_BIS","e9cdd4c2-2835-4a60-b09f-b72e4cbe42f8","54.48506","-133.59851","15.83702","5.33973","-0.63694","-8.6146","-1.71568","3.20622","-6.38561",,,,,,,,,,,,,,,,,,,,,,,,,,,,,,,,,,,,,,,,,,,,,,,,,,,"High","High","High","","","","","",,,,,,,,,,,,,,,,,,,,,,,,,,,,,,,,,,,"2026","02","27"
"24","2026-02-27","18:14:32.45","4","4","Puetz, Parker","1000213729","Right","NOR_BIS","Parker, Sam","806179","Left","MIZ_TIG","Undefined","1","Bottom","1","2","1","Cutter","Slider","StrikeCalled","Undefined","Undefined","Undefined","0","0","","86.2992","0.790577","-1.386648","2405.005098","135.277148","10:30","5.14074","1.74478","5.37179","-32.23321","6.14859","-4.86457","3.19612","0.03908","78.66397","-5.140745","-2.250937","0.445896",,,,,,,,,,,,"2.03394","3.24244","-1.61696","50.0","5.189","3.24482","-125.19094","0.5562","3.2172","26.05879","-27.04533","MIZ_TIG","NOR_BIS","TaylorStadium","D1","SEC","20260227-TaylorStadium-1","7514c470-143a-11f1-8b2a-372dde908e8b","84.53185",,,"7.63522",,,,,,,"1b302c73-8876-476a-9477-a2ba524ff780","2026-02-28","00:14:32.45","2026-02-27T18:14:32.4594176-06:00","2026-02-28T00:14:32.4594176Z","","v3","4806","471388","9d219402a542450a8ca9d307da9f26b3","Freiter, Bennett","1000119083","Right","NOR_BIS","688b6474-657e-438b-a0c8-c8b9fb6d21af","55.12573","-126.25336","13.0294","5.14384","1.65885","-13.52266","-1.74657","3.11365","1.6086",,,,,,,,,,,,,,,,,,,,,,,,,,,,,,,,,,,,,,,,,,,,,,,,,,,"High","High","High","","","","","",,,,,,,,,,,,,,,,,,,,,,,,,,,,,,,,,,,"2026","02","27"
"25","2026-02-27","18:14:50.38","4","5","Puetz, Parker","1000213729","Right","NOR_BIS","Parker, Sam","806179","Left","MIZ_TIG","Undefined","1","Bottom","1","2","2","Cutter","Slider","StrikeCalled","Strikeout","Undefined","Undefined","0","0","","87.14194","0.211849","-0.713516","2553.686626","136.227851","10:30","5.03961","1.81033","5.38993","-30.51667","7.03548","-5.58941","2.69513","0.67577","79.55432","-5.407848","-1.70757","0.441051",,,,,,,,,,,,"2.59658","3.84484","-1.74258","50.0","5.03726","1.82266","-126.47213","-0.64289","4.19636","26.32254","-25.96029","MIZ_TIG","NOR_BIS","TaylorStadium","D1","SEC","20260227-TaylorStadium-1","7fcb13b0-143a-11f1-8b2a-372dde908e8b","85.46052",,,"7.58762",,,,,,,"1b302c73-8876-476a-9477-a2ba524ff780","2026-02-28","00:14:50.38","2026-02-27T18:14:50.3821312-06:00","2026-02-28T00:14:50.3821312Z","","v3","4806","471388","9d219402a542450a8ca9d307da9f26b3","Freiter, Bennett","1000119083","Right","NOR_BIS","9755e655-0d10-4267-abae-f70802cb738d","55.10781","-127.53078","13.16127","5.04212","0.4012","-12.98014","-1.81249","1.65389","2.09818",,,,,,,,,,,,,,,,,,,,,,,,,,,,,,,,,,,,,,,,,,,,,,,,,,,"High","High","High","","","","","",,,,,,,,,,,,,,,,,,,,,,,,,,,,,,,,,,,"2026","02","27"
"26","2026-02-27","18:15:21.97","5","1","Puetz, Parker","1000213729","Right","NOR_BIS","Ward, Blaize","1000263242","Left","MIZ_TIG","Undefined","1","Bottom","2","0","0","Cutter","Slider","StrikeCalled","Undefined","Undefined","Undefined","0","0","","86.81707","-0.393558","-1.522887","2567.0195","154.761601","11:15","5.15282","1.80561","5.35138","-31.17494","6.62878","-2.56914","2.18565","0.16283","79.56581","-6.112475","-1.979418","0.442526",,,,,,,,,,,,"0.86661","3.80169","-1.66666","50.0","5.09528","3.46295","-125.99714","-2.00768","1.39423","25.40779","-26.05781","MIZ_TIG","NOR_BIS","TaylorStadium","D1","SEC","20260227-TaylorStadium-1","929716b0-143a-11f1-8b2a-372dde908e8b","85.17566",,,"7.25125",,,,,,,"1b302c73-8876-476a-9477-a2ba524ff780","2026-02-28","00:15:21.97","2026-02-27T18:15:21.9728896-06:00","2026-02-28T00:15:21.9728896Z","","v3","4806","471388","9d219402a542450a8ca9d307da9f26b3","Freiter, Bennett","1000119083","Right","NOR_BIS","4da98ff3-305d-4ca3-bde2-6242463c5878","55.14679","-127.03077","12.70389","5.15539","-0.94761","-13.0289","-1.80638","3.40623","0.69711",,,,,,,,,,,,,,,,,,,,,,,,,,,,,,,,,,,,,,,,,,,,,,,,,,,"High","High","High","","","","","",,,,,,,,,,,,,,,,,,,,,,,,,,,,,,,,,,,"2026","02","27"
"27","2026-02-27","18:15:41.00","5","2","Puetz, Parker","1000213729","Right","NOR_BIS","Ward, Blaize","1000263242","Left","MIZ_TIG","Undefined","1","Bottom","2","0","1","Fastball","Four-Seam","InPlay","Undefined","LineDrive","Double","0","2","","91.59056","-0.708273","-2.284163","2327.270861","211.825944","1:00","5.20768","1.77986","5.93762","-17.72828","15.71493","9.05941","3.07271","0.41469","83.1521","-4.081227","-0.658327","0.416222","100.50113","14.777315","8.24666","7053.313969","108.45765","23.82988","18.35544","284.27959","284.27959","11.575388","2.73224","-5.34233","8.608","-1.6028","50.0","5.14125","4.9135","-132.91456","-2.18681","-9.49515","30.20696","-16.87473","MIZ_TIG","NOR_BIS","TaylorStadium","D1","SEC","20260227-TaylorStadium-1","9dfb8040-143a-11f1-8b2a-372dde908e8b","90.55842","26.16671",,"8.43846",,,,"0.78291","3.01495","-0.40414","1b302c73-8876-476a-9477-a2ba524ff780","2026-02-28","00:15:41.00","2026-02-27T18:15:41.0059264-06:00","2026-02-28T00:15:41.0059264Z","LineDrive","v3","4806","471388","9d219402a542450a8ca9d307da9f26b3","Freiter, Bennett","1000119083","Right","NOR_BIS","60360094-56b8-4968-be28-5ca5ce4d950b","54.56109","-133.94713","15.10348","5.20615","-1.60998","-8.43737","-1.77631","5.23808","-4.74757","227.508781","0.78296","141.04992","-21.54741","4.15369","-0.76524","0.06438","0.0159","-0.00682","7.9E-4","3.01492","37.59816","-16.34654","0.96454","-0.11806","0.04928","-0.02117","0.00563","-6.1E-4","-0.40414","20.44311","2.93105","-2.0456","0.6789","-0.17576","0.03665","-0.00529","3.6E-4",,,,,,,,,,,,,,,,,,,,,,,"High","High","High","High","High","","","",,,,,,,,,,,,,,,,,,,,,,,,,,,,,,,,"78.38073","17.06428","8.17338","2026","02","27"
"28","2026-02-27","18:16:31.31","6","1","Puetz, Parker","1000213729","Right","NOR_BIS","Benson, Cameron","813272","Left","MIZ_TIG","Undefined","1","Bottom","2","0","0","Slider","Slider","BallCalled","Undefined","Undefined","Undefined","0","0","","81.75531","1.248133","-1.33882","2602.833491","64.37376","8:15","5.09189","1.8453","5.42315","-50.88412","-7.70662","-19.19694","2.02114","-1.00871","74.19447","-8.022555","-4.755268","0.472934",,,,,,,,,,,,"9.15957","-3.7765","-1.71301","50.0","5.16771","3.57603","-118.54198","0.73706","12.81309","26.23419","-37.45691","MIZ_TIG","NOR_BIS","TaylorStadium","D1","SEC","20260227-TaylorStadium-1","bbed8440-143a-11f1-8b2a-372dde908e8b","79.69924",,,"7.56084",,,,,,,"1b302c73-8876-476a-9477-a2ba524ff780","2026-02-28","00:16:31.31","2026-02-27T18:16:31.3192960-06:00","2026-02-28T00:16:31.3192960Z","","v3","4806","471388","9d219402a542450a8ca9d307da9f26b3","Freiter, Bennett","1000119083","Right","NOR_BIS","de68232c-79ac-4b84-becc-42dda00e2ebc","55.0769","-119.66026","13.1171","5.10226","2.33373","-18.72846","-1.8538","3.02985","6.40655",,,,,,,,,,,,,,,,,,,,,,,,,,,,,,,,,,,,,,,,,,,,,,,,,,,"High","High","High","","","","","",,,,,,,,,,,,,,,,,,,,,,,,,,,,,,,,,,,"2026","02","27"
"29","2026-02-27","18:17:07.05","6","2","Puetz, Parker","1000213729","Right","NOR_BIS","Benson, Cameron","813272","Left","MIZ_TIG","Undefined","1","Bottom","2","1","0","Cutter","Slider","StrikeCalled","Undefined","Undefined","Undefined","0","0","","86.88829","0.354121","-1.505187","2575.014204","150.367911","11:00","5.13748","1.9025","5.4469","-30.18202","7.4613","-3.57201","2.95398","0.19527","79.44333","-5.208605","-2.140722","0.441586",,,,,,,,,,,,"1.37063","4.02929","-1.76704","50.0","5.14818","3.47057","-126.09732","-0.3048","2.20649","25.68173","-25.68761","MIZ_TIG","NOR_BIS","TaylorStadium","D1","SEC","20260227-TaylorStadium-1","d137f4c0-143a-11f1-8b2a-372dde908e8b","85.35694",,,"7.44497",,,,,,,"1b302c73-8876-476a-9477-a2ba524ff780","2026-02-28","00:17:07.05","2026-02-27T18:17:07.0537216-06:00","2026-02-28T00:17:07.0537216Z","","v3","4806","471388","9d219402a542450a8ca9d307da9f26b3","Freiter, Bennett","1000119083","Right","NOR_BIS","77a080bf-3b32-4153-a3bb-5d2959e9a2bf","55.05065","-127.12181","12.84087","5.1399","0.71992","-12.8438","-1.90373","3.38255","1.10324",,,,,,,,,,,,,,,,,,,,,,,,,,,,,,,,,,,,,,,,,,,,,,,,,,,"High","High","High","","","","","",,,,,,,,,,,,,,,,,,,,,,,,,,,,,,,,,,,"2026","02","27"
"30","2026-02-27","18:17:26.04","6","3","Puetz, Parker","1000213729","Right","NOR_BIS","Benson, Cameron","813272","Left","MIZ_TIG","Undefined","1","Bottom","2","1","1","Cutter","Slider","BallCalled","Undefined","Undefined","Undefined","0","0","","86.81429","-0.05136","-0.475545","2575.101029","137.803635","10:30","5.09293","1.819","5.2281","-31.38427","6.60126","-4.9028","2.4293","0.96338","79.45312","-5.802788","-1.345172","0.443589",,,,,,,,,,,,"2.30555","3.68795","-1.77142","50.0","5.06497","1.26664","-125.99697","-1.28498","3.70723","25.53372","-26.24391","MIZ_TIG","NOR_BIS","TaylorStadium","D1","SEC","20260227-TaylorStadium-1","dc8ca6e0-143a-11f1-8b2a-372dde908e8b","84.97162",,,"7.36117",,,,,,,"1b302c73-8876-476a-9477-a2ba524ff780","2026-02-28","00:17:26.04","2026-02-27T18:17:26.0483584-06:00","2026-02-28T00:17:26.0483584Z","","v3","4806","471388","9d219402a542450a8ca9d307da9f26b3","Freiter, Bennett","1000119083","Right","NOR_BIS","ddb5c5cf-db6e-4a2c-9823-b327a2adb57b","55.26958","-127.06038","12.76686","5.09573","-0.192","-13.12196","-1.82096","1.11224","1.85362",,,,,,,,,,,,,,,,,,,,,,,,,,,,,,,,,,,,,,,,,,,,,,,,,,,"High","High","High","","","","","",,,,,,,,,,,,,,,,,,,,,,,,,,,,,,,,,,,"2026","02","27"
"31","2026-02-27","18:17:45.66","6","4","Puetz, Parker","1000213729","Right","NOR_BIS","Benson, Cameron","813272","Left","MIZ_TIG","Undefined","1","Bottom","2","2","1","Cutter","Slider","BallCalled","Undefined","Undefined","Undefined","0","0","","87.2125","1.042896","-0.896129","2544.53806","146.968509","11:00","5.08296","1.83045","5.45627","-31.53919","5.83855","-3.02772","3.43116","0.73921","79.58966","-4.769198","-1.435075","0.440025",,,,,,,,,,,,"1.26417","3.0215","-1.74934","50.0","5.15347","2.11383","-126.56914","1.15641","2.04836","26.10649","-27.27827","MIZ_TIG","NOR_BIS","TaylorStadium","D1","SEC","20260227-TaylorStadium-1","e8410530-143a-11f1-8b2a-372dde908e8b","85.65967",,,"7.62284",,,,,,,"1b302c73-8876-476a-9477-a2ba524ff780","2026-02-28","00:17:45.66","2026-02-27T18:17:45.6696320-06:00","2026-02-28T00:17:45.6696320Z","","v3","4806","471388","9d219402a542450a8ca9d307da9f26b3","Freiter, Bennett","1000119083","Right","NOR_BIS","9d52770a-c16f-48ac-a19d-4ec64bd89757","55.04123","-127.60472","13.05325","5.08614","2.23847","-13.63913","-1.83158","2.03257","1.02418",,,,,,,,,,,,,,,,,,,,,,,,,,,,,,,,,,,,,,,,,,,,,,,,,,,"High","High","High","","","","","",,,,,,,,,,,,,,,,,,,,,,,,,,,,,,,,,,,"2026","02","27"
"32","2026-02-27","18:18:07.30","6","5","Puetz, Parker","1000213729","Right","NOR_BIS","Benson, Cameron","813272","Left","MIZ_TIG","Undefined","1","Bottom","2","3","1","Fastball","Four-Seam","FoulBallNotFieldable","Undefined","Undefined","Undefined","0","0","","92.1596","-0.636306","-2.028404","2302.810186","209.236751","1:00","5.36002","1.68947","6.02981","-16.00359","16.92584","8.85402","3.43672","0.54806","83.58284","-3.705249","-0.436402","0.413013","69.43462","38.883012","-151.563139","4049.892057","-99.47441","41.27609","-46.95503","191.26197","71.32045","-156.351387","2.81849","-5.1852","9.24032","-1.53577","50.0","5.30167","4.36123","-133.77595","-1.95189","-9.3262","30.87172","-15.5542","MIZ_TIG","NOR_BIS","TaylorStadium","D1","SEC","20260227-TaylorStadium-1","f523f870-143a-11f1-8b2a-372dde908e8b","91.26216","42.27781",,"8.57675",,,,"1.20576","3.24959","-0.38239","1b302c73-8876-476a-9477-a2ba524ff780","2026-02-28","00:18:07.30","2026-02-27T18:18:07.3036800-06:00","2026-02-28T00:18:07.3036800Z","FlyBall","v3","4806","471388","9d219402a542450a8ca9d307da9f26b3","Freiter, Bennett","1000119083","Right","NOR_BIS","caf23cca-1705-4d48-8980-21d03a7249e2","54.46894","-134.80331","15.43586","5.35801","-1.43427","-7.7771","-1.68607","4.67159","-4.6631","23.03891","1.2058","-69.71028","2.88111","-0.06321","-0.0187","-0.02819","0.0192","-0.00467","4.4E-4","3.24965","63.92367","-30.37308","4.24112","-0.86518","0.12289","-0.0062","-0.00156","2.4E-4","-0.38253","-37.74294","6.94573","-1.77974","0.24237","0.06634","-0.05094","0.01239","-0.00109",,,,,,,,,,,,,,,,,,,,,,,"High","High","High","High","Low","","","",,,,,,,,,,,,,,,,,,,,,,,,,,,,,,,,"68.81706","-2.5129","-11.35735","2026","02","27"
"33","2026-02-27","18:18:30.87","6","6","Puetz, Parker","1000213729","Right","NOR_BIS","Benson, Cameron","813272","Left","MIZ_TIG","Undefined","1","Bottom","2","3","2","Cutter","Slider","InPlay","Undefined","GroundBall","Out","1","0","","86.80059","-0.306455","-1.908507","2563.796052","146.614134","11:00","5.09413","1.86603","5.51628","-30.76931","6.57469","-3.61988","2.24331","-0.22083","80.08224","-5.953028","-2.553357","0.439827","84.93576","-13.357199","22.859453",,,,,"11.60169","3.55248","19.451925","0.078671","1.3524","3.71201","-1.69718","50.0","5.04664","4.35314","-126.09931","-1.76947","2.19293","23.94652","-26.15501","MIZ_TIG","NOR_BIS","TaylorStadium","D1","SEC","20260227-TaylorStadium-1","0335f5d0-143b-11f1-8b2a-372dde908e8b","85.69835","2.26873",,"6.71835",,,,"2.13514","2.26873","0.15178","1b302c73-8876-476a-9477-a2ba524ff780","2026-02-28","00:18:30.87","2026-02-27T18:18:30.8720640-06:00","2026-02-28T00:18:30.8720640Z","GroundBall","v3","4806","471388","9d219402a542450a8ca9d307da9f26b3","Freiter, Bennett","1000119083","Right","NOR_BIS","d34edeb1-6eb9-4a63-bca4-36cf631eaa75","54.98447","-127.04235","11.97326","5.09605","-0.73946","-13.0775","-1.86691","4.26678","1.09646",,"2.13222","111.91366",,,,,,,,"2.26948","-28.8382",,,,,,,,"0.15056","47.18088",,,,,,,,,,,,,,,,,,,,,,,,,,,,,,"High","High","High","Low","Low","","","",,,,,,,,,,,,,,,,,,,,,,,,,,,,,,,,"82.31853","0.87203","3.87239","2026","02","27"
"42","2026-02-27","18:27:22.14","1","1","Puetz, Parker","1000213729","Right","NOR_BIS","Maisonet, Eric","835908","Left","MIZ_TIG","Undefined","2","Bottom","0","0","0","Fastball","Sinker","StrikeCalled","Undefined","Undefined","Undefined","0","0","","92.17327","-1.818731","-3.188272","2369.400479","226.497846","1:30","5.26338","1.58168","5.99198","-19.67198","13.3543","12.89327","1.93538","-0.30164","83.76401","-5.533331","-0.873416","0.41362",,,,,,,,,,,,"-7.53933","7.72615","-1.33711","50.0","5.10898","6.87852","-133.60651","-4.87414","-13.54627","30.39521","-18.29213","MIZ_TIG","NOR_BIS","TaylorStadium","D1","SEC","20260227-TaylorStadium-1","3fd84f50-143c-11f1-8b2a-372dde908e8b","91.12823",,,"8.40927",,,,,,,"1b302c73-8876-476a-9477-a2ba524ff780","2026-02-28","00:27:22.14","2026-02-27T18:27:22.1492736-06:00","2026-02-28T00:27:22.1492736Z","","v3","4806","471388","9d219402a542450a8ca9d307da9f26b3","Freiter, Bennett","1000119083","Right","NOR_BIS","f1ec44e7-3bc0-4034-a5a2-8f39fb5bfe6e","54.50589","-134.62769","15.19761","5.26241","-4.25958","-9.14606","-1.57585","7.33363","-6.77313",,,,,,,,,,,,,,,,,,,,,,,,,,,,,,,,,,,,,,,,,,,,,,,,,,,"High","High","High","","","","","",,,,,,,,,,,,,,,,,,,,,,,,,,,,,,,,,,,"2026","02","27"
"43","2026-02-27","18:27:36.29","1","2","Puetz, Parker","1000213729","Right","NOR_BIS","Maisonet, Eric","835908","Left","MIZ_TIG","Undefined","2","Bottom","0","0","1","Cutter","Cutter","InPlay","Undefined","GroundBall","Out","1","0","","89.0925","-0.973831","-2.101685","2628.076852","151.302014","11:00","5.1161","1.89342","5.52641","-25.46167","10.22658","-4.98918","2.0832","-0.48802","81.6362","-5.680829","-2.990213","0.429966","45.93934","-32.563123","50.046097",,,,,"3.79627","3.79627","50.308402","0.05434","1.94756","5.77237","-1.70719","50.0","5.01449","4.96217","-129.28851","-3.09937","3.29773","26.86227","-22.39989","MIZ_TIG","NOR_BIS","TaylorStadium","D1","SEC","20260227-TaylorStadium-1","48509570-143c-11f1-8b2a-372dde908e8b","87.6638","1.98399",,"7.4563",,,,"0.42949","1.98399","0.53975","1b302c73-8876-476a-9477-a2ba524ff780","2026-02-28","00:27:36.29","2026-02-27T18:27:36.2945024-06:00","2026-02-28T00:27:36.2945024Z","GroundBall","v3","4806","471388","9d219402a542450a8ca9d307da9f26b3","Freiter, Bennett","1000119083","Right","NOR_BIS","96849696-c258-4137-a576-caaa813b2ad1","54.97262","-130.31758","13.43114","5.11679","-2.24125","-11.19994","-1.89486","4.83584","1.64886",,"0.42733","36.71364",,,,,,,,"1.98614","-36.51063",,,,,,,,"0.53717","43.82517",,,,,,,,,,,,,,,,,,,,,,,,,,,,,,"High","High","High","Estimated","Estimated","","","",,,,,,,,,,,,,,,,,,,,,,,,,,,,,,,,"71.89685","5.32821","-7.08955","2026","02","27"
"44","2026-02-27","18:28:14.81","2","1","Puetz, Parker","1000213729","Right","NOR_BIS","Patterson, Christopher","1000080435","Left","MIZ_TIG","Undefined","2","Bottom","1","0","0","Fastball","Four-Seam","StrikeCalled","Undefined","Undefined","Undefined","0","0","","91.38174","-0.705387","-3.05137","2378.282565","221.353439","1:30","5.28021","1.45185","6.12891","-18.61493","14.80064","12.03229","3.07598","-0.36866","82.87806","-4.251212","-0.885995","0.41605",,,,,,,,,,,,"-7.06422","8.17024","-1.22427","50.0","5.21648","6.54426","-132.53293","-2.18583","-12.48174","30.07136","-17.73809","MIZ_TIG","NOR_BIS","TaylorStadium","D1","SEC","20260227-TaylorStadium-1","5f4d70e0-143c-11f1-8b2a-372dde908e8b","90.59589",,,"8.50368",,,,,,,"1b302c73-8876-476a-9477-a2ba524ff780","2026-02-28","00:28:14.81","2026-02-27T18:28:14.8142592-06:00","2026-02-28T00:28:14.8142592Z","","v3","4806","471388","9d219402a542450a8ca9d307da9f26b3","Freiter, Bennett","1000119083","Right","NOR_BIS","32d17a8c-e1b5-4b26-ba22-7554c8d8c25a","54.36787","-133.52031","15.03568","5.27868","-1.60341","-8.86905","-1.44588","6.95409","-6.24087",,,,,,,,,,,,,,,,,,,,,,,,,,,,,,,,,,,,,,,,,,,,,,,,,,,"High","High","High","","","","","",,,,,,,,,,,,,,,,,,,,,,,,,,,,,,,,,,,"2026","02","27"
"45","2026-02-27","18:28:31.31","2","2","Puetz, Parker","1000213729","Right","NOR_BIS","Patterson, Christopher","1000080435","Left","MIZ_TIG","Undefined","2","Bottom","1","0","1","Slider","Slider","StrikeCalled","Undefined","Undefined","Undefined","0","0","","80.96765","1.685254","0.468464","2638.380143","67.760789","8:15","5.14047","1.80339","5.46876","-51.30711","-7.18996","-21.53104","2.44257","0.44758","73.00957","-7.702167","-3.370211","0.478052",,,,,,,,,,,,"10.90615","-3.63374","-1.82983","50.0","5.25422","-0.05803","-117.3632","1.617","14.89124","26.57345","-37.13557","MIZ_TIG","NOR_BIS","TaylorStadium","D1","SEC","20260227-TaylorStadium-1","691f0570-143c-11f1-8b2a-372dde908e8b","78.84592",,,"7.95808",,,,,,,"1b302c73-8876-476a-9477-a2ba524ff780","2026-02-28","00:28:31.31","2026-02-27T18:28:31.3176064-06:00","2026-02-28T00:28:31.3176064Z","","v3","4806","471388","9d219402a542450a8ca9d307da9f26b3","Freiter, Bennett","1000119083","Right","NOR_BIS","cd44bb2f-b40f-4921-9af7-862fd3316292","55.03068","-118.49678","13.28673","5.15146","3.20114","-18.56779","-1.81381","-0.69326","7.44562",,,,,,,,,,,,,,,,,,,,,,,,,,,,,,,,,,,,,,,,,,,,,,,,,,,"High","High","High","","","","","",,,,,,,,,,,,,,,,,,,,,,,,,,,,,,,,,,,"2026","02","27"
"46","2026-02-27","18:28:49.44","2","3","Puetz, Parker","1000213729","Right","NOR_BIS","Patterson, Christopher","1000080435","Left","MIZ_TIG","Undefined","2","Bottom","1","0","2","Slider","Slider","BallCalled","Undefined","Undefined","Undefined","0","0","","81.41975","2.648084","0.766252","2675.549956","74.877273","8:30","5.05141","1.6247","5.43555","-47.07077","-3.40839","-18.48536","3.61064","0.80185","73.22829","-5.993283","-2.523106","0.475582",,,,,,,,,,,,"9.41016","-2.00689","-1.6799","50.0","5.25419","-0.78342","-117.90602","3.76345","13.00729","26.1972","-34.9481","MIZ_TIG","NOR_BIS","TaylorStadium","D1","SEC","20260227-TaylorStadium-1","73e4be00-143c-11f1-8b2a-372dde908e8b","79.25544",,,"8.19146",,,,,,,"1b302c73-8876-476a-9477-a2ba524ff780","2026-02-28","00:28:49.44","2026-02-27T18:28:49.4418432-06:00","2026-02-28T00:28:49.4418432Z","","v3","4806","471388","9d219402a542450a8ca9d307da9f26b3","Freiter, Bennett","1000119083","Right","NOR_BIS","268537b7-7c68-4fad-9d3c-f8a192d40d3e","55.06171","-119.02536","13.0986","5.06149","5.25669","-17.47405","-1.63455","-1.33919","6.50364",,,,,,,,,,,,,,,,,,,,,,,,,,,,,,,,,,,,,,,,,,,,,,,,,,,"High","High","High","","","","","",,,,,,,,,,,,,,,,,,,,,,,,,,,,,,,,,,,"2026","02","27"
"47","2026-02-27","18:29:11.05","2","4","Puetz, Parker","1000213729","Right","NOR_BIS","Patterson, Christopher","1000080435","Left","MIZ_TIG","Undefined","2","Bottom","1","1","2","Fastball","Four-Seam","StrikeSwinging","Strikeout","Undefined","Undefined","0","0","","91.96144","-2.055989","-2.84426","2300.539909","212.961292","1:00","5.23092","1.6613","5.97721","-16.36481","16.96013","10.23697","1.95811","-0.12441","83.20949","-5.187271","-1.00666","0.415486",,,,,,,,,,,,"-6.08843","9.66052","-1.44169","50.0","5.05901","6.1662","-133.24178","-5.26237","-10.83633","31.28926","-14.98005","MIZ_TIG","NOR_BIS","TaylorStadium","D1","SEC","20260227-TaylorStadium-1","80c82670-143c-11f1-8b2a-372dde908e8b","90.71899",,,"8.75196",,,,,,,"1b302c73-8876-476a-9477-a2ba524ff780","2026-02-28","00:29:11.05","2026-02-27T18:29:11.0570000-06:00","2026-02-28T00:29:11.0570000Z","","v3","4806","471388","9d219402a542450a8ca9d307da9f26b3","Freiter, Bennett","1000119083","Right","NOR_BIS","1f209fd6-33ca-44eb-9906-cda40b73d674","54.51909","-134.2988","15.64463","5.22824","-4.7563","-7.49002","-1.65618","6.53228","-5.41816",,,,,,,,,,,,,,,,,,,,,,,,,,,,,"68.8008","2.800893","1.848525","0.952368","-1.98216","1.64232","0.18064","-2.90889","6.37012","5.01871","66.31558","5.90328","58.47236","-2.84926","80.34772","-8.12543","6.3977","12.74036","-13.9299","5.02777","58.41326","-2.41288","High","High","High","","","High","High","High",,,,,,,,,,,,,,,,,,,,,,,,,,,,,,,,,,,"2026","02","27"
"48","2026-02-27","18:29:45.21","3","1","Puetz, Parker","1000213729","Right","NOR_BIS","Frost, Isaiah","801981","Left","MIZ_TIG","Undefined","2","Bottom","2","0","0","Fastball","Four-Seam","BallCalled","Undefined","Undefined","Undefined","0","0","","92.71305","-0.842578","-1.892935","2351.615731","225.997096","1:30","5.24214","1.51142","6.11071","-18.72426","13.8265","13.14528","2.9022","0.85589","83.85308","-4.407875","0.475472","0.410631",,,,,,,,,,,,"-7.28933","7.71","-1.37243","50.0","5.16762","3.86184","-134.52053","-2.55011","-13.21823","32.00878","-18.193","MIZ_TIG","NOR_BIS","TaylorStadium","D1","SEC","20260227-TaylorStadium-1","952306d0-143c-11f1-8b2a-372dde908e8b","91.79147",,,"8.85997",,,,,,,"1b302c73-8876-476a-9477-a2ba524ff780","2026-02-28","00:29:45.21","2026-02-27T18:29:45.2180480-06:00","2026-02-28T00:29:45.2180480Z","","v3","4806","471388","9d219402a542450a8ca9d307da9f26b3","Freiter, Bennett","1000119083","Right","NOR_BIS","d8a43353-bcc1-4e69-ba05-12fb4a0f0b65","54.38531","-135.55999","16.00439","5.24084","-1.9593","-9.0965","-1.50481","4.2911","-6.60911",,,,,,,,,,,,,,,,,,,,,,,,,,,,,,,,,,,,,,,,,,,,,,,,,,,"High","High","High","","","","","",,,,,,,,,,,,,,,,,,,,,,,,,,,,,,,,,,,"2026","02","27"
"49","2026-02-27","18:30:02.30","3","2","Puetz, Parker","1000213729","Right","NOR_BIS","Frost, Isaiah","801981","Left","MIZ_TIG","Undefined","2","Bottom","2","1","0","Fastball","Four-Seam","StrikeCalled","Undefined","Undefined","Undefined","0","0","","92.04618","-0.452806","-2.938845","2363.327291","224.333411","1:30","5.19869","1.61731","6.08533","-18.28119","14.72005","13.28611","3.2558","0.00334","83.39501","-3.936623","-0.549367","0.413463",,,,,,,,,,,,"-7.6637","8.03626","-1.39688","50.0","5.15395","6.27003","-133.50119","-1.60467","-13.73029","30.69107","-17.77627","MIZ_TIG","NOR_BIS","TaylorStadium","D1","SEC","20260227-TaylorStadium-1","9f58b460-143c-11f1-8b2a-372dde908e8b","91.16285",,,"8.65117",,,,,,,"1b302c73-8876-476a-9477-a2ba524ff780","2026-02-28","00:30:02.30","2026-02-27T18:30:02.3061504-06:00","2026-02-28T00:30:02.3061504Z","","v3","4806","471388","9d219402a542450a8ca9d307da9f26b3","Freiter, Bennett","1000119083","Right","NOR_BIS","4afc97fa-2b7b-4bff-8fe9-4434e6ffb1a8","54.41145","-134.51153","15.34553","5.19715","-1.01948","-8.88813","-1.61073","6.72202","-6.86514",,,,,,,,,,,,,,,,,,,,,,,,,,,,,,,,,,,,,,,,,,,,,,,,,,,"High","High","High","","","","","",,,,,,,,,,,,,,,,,,,,,,,,,,,,,,,,,,,"2026","02","27"
"50","2026-02-27","18:30:17.61","3","3","Puetz, Parker","1000213729","Right","NOR_BIS","Frost, Isaiah","801981","Left","MIZ_TIG","Undefined","2","Bottom","2","1","1","Cutter","Slider","StrikeSwinging","Undefined","Undefined","Undefined","0","0","","86.36878","1.028538","-0.834807","2696.24488","129.574511","10:15","5.1261","1.56414","5.26994","-32.23195","5.7439","-5.64973","3.40646","0.3091","79.66266","-4.865108","-1.836998","0.443532",,,,,,,,,,,,"2.61091","2.96414","-1.48356","50.0","5.19643","2.07764","-125.46919","1.05363","4.20377","22.99989","-27.40149","MIZ_TIG","NOR_BIS","TaylorStadium","D1","SEC","20260227-TaylorStadium-1","a86fab80-143c-11f1-8b2a-372dde908e8b","84.98242",,,"6.70613",,,,,,,"1b302c73-8876-476a-9477-a2ba524ff780","2026-02-28","00:30:17.61","2026-02-27T18:30:17.6174080-06:00","2026-02-28T00:30:17.6174080Z","","v3","4806","471388","9d219402a542450a8ca9d307da9f26b3","Freiter, Bennett","1000119083","Right","NOR_BIS","80cad652-63dd-4eb1-81a4-730de7eb96f6","55.22934","-126.42415","11.49994","5.12907","2.19134","-13.70074","-1.5662","1.9031","2.10188",,,,,,,,,,,,,,,,,,,,,,,,,,,,,,,,,,,,,,,,,,,,,,,,,,,"High","High","High","","","","","",,,,,,,,,,,,,,,,,,,,,,,,,,,,,,,,,,,"2026","02","27"
"51","2026-02-27","18:30:38.06","3","4","Puetz, Parker","1000213729","Right","NOR_BIS","Frost, Isaiah","801981","Left","MIZ_TIG","Undefined","2","Bottom","2","1","2","Fastball","Four-Seam","BallCalled","Undefined","Undefined","Undefined","0","0","","93.12598","-0.004262","-1.049045","2372.621374","217.690519","1:15","5.19187","1.73811","5.96178","-17.47493","14.89438","10.65859","3.73167","1.65347","84.28844","-3.336092","0.866295","0.409485",,,,,,,,,,,,"-5.71548","7.94154","-1.6604","50.0","5.18172","1.9884","-135.15732","-0.54448","-10.48344","31.77058","-17.60753","MIZ_TIG","NOR_BIS","TaylorStadium","D1","SEC","20260227-TaylorStadium-1","b4a37300-143c-11f1-8b2a-372dde908e8b","92.04835",,,"8.83754",,,,,,,"1b302c73-8876-476a-9477-a2ba524ff780","2026-02-28","00:30:38.06","2026-02-27T18:30:38.0601344-06:00","2026-02-28T00:30:38.0601344Z","","v3","4806","471388","9d219402a542450a8ca9d307da9f26b3","Freiter, Bennett","1000119083","Right","NOR_BIS","9f6d8723-e74c-455b-bc9c-e696baae469f","54.53369","-136.21886","15.88529","5.19009","0.04383","-8.80376","-1.73269","2.33868","-5.24172",,,,,,,,,,,,,,,,,,,,,,,,,,,,,,,,,,,,,,,,,,,,,,,,,,,"High","High","High","","","","","",,,,,,,,,,,,,,,,,,,,,,,,,,,,,,,,,,,"2026","02","27"
"52","2026-02-27","18:30:56.11","3","5","Puetz, Parker","1000213729","Right","NOR_BIS","Frost, Isaiah","801981","Left","MIZ_TIG","Undefined","2","Bottom","2","2","2","Cutter","Slider","FoulBallNotFieldable","Undefined","Undefined","Undefined","0","0","","86.90681","-0.303453","-1.497611","2597.382839","131.198451","10:15","5.10797","1.68194","5.57529","-31.63986","5.43051","-5.00957","2.18778","-0.13464","80.38454","-6.10484","-2.39148","0.438213","64.9778","31.34932","-157.384163","4394.872692","-103.76149","21.52528","-36.51785","149.56469","51.92998","-162.365194","2.24943","2.18201","3.12603","-1.54955","50.0","5.06089","3.51028","-126.32537","-1.79417","3.55893","23.48086","-27.07543","MIZ_TIG","NOR_BIS","TaylorStadium","D1","SEC","20260227-TaylorStadium-1","bf62c2f0-143c-11f1-8b2a-372dde908e8b","86.01406","26.49919",,"6.52226",,,,"1.2588","2.23448","0.14547","1b302c73-8876-476a-9477-a2ba524ff780","2026-02-28","00:30:56.11","2026-02-27T18:30:56.1193472-06:00","2026-02-28T00:30:56.1193472Z","FlyBall","v3","4806","471388","9d219402a542450a8ca9d307da9f26b3","Freiter, Bennett","1000119083","Right","NOR_BIS","4883913c-b6e6-44c3-b596-1b9fdba87da3","54.92586","-127.23768","11.74043","5.11016","-0.74221","-13.53771","-1.68325","3.372","1.77947","20.438103","1.25888","-75.13516","3.76531","0.72578","0.14593","-0.39784","0.26798","-0.08165","0.00939","2.23448","49.58068","-28.5369","3.83443","-0.79924","0.20781","-0.06276","0.01787","-0.00243","0.14553","-31.30239","4.95168","-0.15891","0.33258","-0.37947","0.23183","-0.0693","0.00795",,,,,,,,,,,,,,,,,,,,,,,"High","High","High","High","Low","","","",,,,,,,,,,,,,,,,,,,,,,,,,,,,,,,,,,,"2026","02","27"
"53","2026-02-27","18:31:18.97","3","6","Puetz, Parker","1000213729","Right","NOR_BIS","Frost, Isaiah","801981","Left","MIZ_TIG","Undefined","2","Bottom","2","2","2","Slider","Slider","BallCalled","Undefined","Undefined","Undefined","0","0","","80.54837","0.869444","1.147016","2577.078157","68.26811","8:15","5.17569","1.71186","5.42421","-50.54243","-6.04154","-19.15812","1.77841","1.18985","72.92996","-8.359545","-2.26826","0.480127",,,,,,,,,,,,"9.91481","-2.75559","-1.80032","50.0","5.21831","-1.5361","-116.78778","-0.03519","13.45461","25.57552","-35.91345","MIZ_TIG","NOR_BIS","TaylorStadium","D1","SEC","20260227-TaylorStadium-1","cd1b0790-143c-11f1-8b2a-372dde908e8b","78.5052",,,"7.61841",,,,,,,"1b302c73-8876-476a-9477-a2ba524ff780","2026-02-28","00:31:18.97","2026-02-27T18:31:18.9710848-06:00","2026-02-28T00:31:18.9710848Z","","v3","4806","471388","9d219402a542450a8ca9d307da9f26b3","Freiter, Bennett","1000119083","Right","NOR_BIS","c95f18bd-0700-4dec-b548-1e5ca20211e3","55.07486","-117.89389","12.78776","5.18625","1.51802","-17.95673","-1.7213","-2.11799","6.72731",,,,,,,,,,,,,,,,,,,,,,,,,,,,,,,,,,,,,,,,,,,,,,,,,,,"High","High","High","","","","","",,,,,,,,,,,,,,,,,,,,,,,,,,,,,,,,,,,"2026","02","27"
"54","2026-02-27","18:31:39.23","3","7","Puetz, Parker","1000213729","Right","NOR_BIS","Frost, Isaiah","801981","Left","MIZ_TIG","Undefined","2","Bottom","2","3","2","Cutter","Slider","InPlay","Undefined","Popup","Out","1","0","","85.32321","0.262003","-2.133797","2593.76761","132.15857","10:30","5.15235","1.86058","5.47235","-32.28388","6.30977","-5.78595","2.70739","-0.61933","78.96449","-5.649454","-3.163012","0.447125","72.29392","67.163151","-23.527146",,,,,"114.9853","52.30284","-46.932869","5.166395","2.41414","3.42992","-1.66885","50.0","5.15317","4.85771","-123.97376","-0.57365","3.79739","22.29795","-26.77883","MIZ_TIG","NOR_BIS","TaylorStadium","D1","SEC","20260227-TaylorStadium-1","d920e140-143c-11f1-8b2a-372dde908e8b","84.2995","111.51786",,"6.35872",,,,"1.31498","2.8759","0.59474","1b302c73-8876-476a-9477-a2ba524ff780","2026-02-28","00:31:39.23","2026-02-27T18:31:39.2363008-06:00","2026-02-28T00:31:39.2363008Z","Popup","v3","4806","471388","9d219402a542450a8ca9d307da9f26b3","Freiter, Bennett","1000119083","Right","NOR_BIS","69e1d63f-7c18-4383-837e-aedd77ae904d","55.02874","-124.87496","11.14898","5.15449","0.50864","-13.38942","-1.86208","4.70423","1.89869","161.608587","1.30339","37.90007","-15.08396","5.05644","-0.99695","-0.01219","0.06057","-0.01233","7.9E-4","2.85688","98.09882","-28.44557","5.28626","-2.21261","0.75372","-0.15268","0.01577","-6.4E-4","0.58545","-16.27458","-3.12235","2.13413","-0.74117","0.1297","-0.00124","-0.00268","2.5E-4",,,,,,,,,,,,,,,,,,,,,,,"High","High","High","High","Low","","","",,,,,,,,,,,,,,,,,,,,,,,,,,,,,,,,"79.68967","13.73694","12.94742","2026","02","27"
"73","2026-02-27","18:42:56.85","1","1","Puetz, Parker","1000213729","Right","NOR_BIS","Woita, Jase","831805","Left","MIZ_TIG","Undefined","3","Bottom","0","0","0","Cutter","Slider","BallCalled","Undefined","Undefined","Undefined","0","0","","87.22546","-0.559063","-0.186122","2559.938289","172.55579","11:45","5.19159","1.84467","5.40149","-28.07124","9.00103","-1.03595","2.32844","1.58393","80.47561","-5.71723","-0.370489","0.438224",,,,,,,,,,,,"0.47236","5.01103","-1.82734","50.0","5.12218","0.45721","-126.73728","-2.24957","0.77522","23.71351","-23.95017","MIZ_TIG","NOR_BIS","TaylorStadium","D1","SEC","20260227-TaylorStadium-1","6cfaa710-143e-11f1-8b2a-372dde908e8b","86.01184",,,"6.74986",,,,,,,"1b302c73-8876-476a-9477-a2ba524ff780","2026-02-28","00:42:56.85","2026-02-27T18:42:56.8502272-06:00","2026-02-28T00:42:56.8502272Z","","v3","4806","471388","9d219402a542450a8ca9d307da9f26b3","Freiter, Bennett","1000119083","Right","NOR_BIS","15dad82d-6f46-4947-8c01-1ce9dd8bfeab","55.09715","-127.68743","11.85676","5.19309","-1.28993","-11.97509","-1.84504","0.42615","0.38761",,,,,,,,,,,,,,,,,,,,,,,,,,,,,,,,,,,,,,,,,,,,,,,,,,,"High","High","High","","","","","",,,,,,,,,,,,,,,,,,,,,,,,,,,,,,,,,,,"2026","02","27"
"74","2026-02-27","18:43:09.88","1","2","Puetz, Parker","1000213729","Right","NOR_BIS","Woita, Jase","831805","Left","MIZ_TIG","Undefined","3","Bottom","0","1","0","Cutter","Slider","FoulBallNotFieldable","Undefined","Undefined","Undefined","0","0","","87.19742","0.199556","-2.102132","2522.918084","152.15161","11:00","5.06466","1.77931","5.47005","-29.46903","7.6113","-3.45394","2.79579","-0.47668","80.34636","-5.21627","-2.716522","0.438271","65.35482","32.991573","-163.642405","3776.870249","-106.65833","25.74818","-26.90641","156.82389","53.01377","-167.00746","2.374489","1.21343","4.10173","-1.59195","50.0","5.06201","4.79497","-126.64729","-0.6123","1.98488","24.13288","-25.46446","MIZ_TIG","NOR_BIS","TaylorStadium","D1","SEC","20260227-TaylorStadium-1","74c2b000-143e-11f1-8b2a-372dde908e8b","86.00252","29.81476",,"6.85106",,,,"1.66704","2.90849","0.45622","1b302c73-8876-476a-9477-a2ba524ff780","2026-02-28","00:43:09.88","2026-02-27T18:43:09.8830336-06:00","2026-02-28T00:43:09.8830336Z","FlyBall","v3","4806","471388","9d219402a542450a8ca9d307da9f26b3","Freiter, Bennett","1000119083","Right","NOR_BIS","a8021b64-1bb1-41a4-959c-4d79faab1eb1","55.03043","-127.60225","12.06644","5.06631","0.39535","-12.73223","-1.78013","4.71643","0.99244","13.024084","1.66713","-77.14905","3.76931","0.75838","0.11845","-0.37542","0.25508","-0.07621","0.0085","2.9085","52.19328","-28.59311","3.76598","-0.77726","0.1714","-0.04496","0.01339","-0.00189","0.45626","-22.64526","3.37293","-0.1911","0.20528","-0.21836","0.1318","-0.03859","0.0043",,,,,,,,,,,,,,,,,,,,,,,"High","High","High","High","Low","","","",,,,,,,,,,,,,,,,,,,,,,,,,,,,,,,,"81.69207","6.20464","-7.73285","2026","02","27"
"75","2026-02-27","18:43:29.08","1","3","Puetz, Parker","1000213729","Right","NOR_BIS","Woita, Jase","831805","Left","MIZ_TIG","Undefined","3","Bottom","0","1","1","Cutter","Slider","BallCalled","Undefined","Undefined","Undefined","0","0","","86.56738","0.967","-1.018769","2623.67045","164.081587","11:30","5.08866","1.71205","5.51879","-30.32458","7.27374","-1.75728","3.46599","0.61296","79.50611","-4.622594","-1.3319","0.441322",,,,,,,,,,,,"0.61685","3.77646","-1.62216","50.0","5.15265","2.312","-125.73123","1.04469","0.99323","24.09636","-26.09351","MIZ_TIG","NOR_BIS","TaylorStadium","D1","SEC","20260227-TaylorStadium-1","80374630-143e-11f1-8b2a-372dde908e8b","85.40801",,,"7.06127",,,,,,,"1b302c73-8876-476a-9477-a2ba524ff780","2026-02-28","00:43:29.08","2026-02-27T18:43:29.0800128-06:00","2026-02-28T00:43:29.0800128Z","","v3","4806","471388","9d219402a542450a8ca9d307da9f26b3","Freiter, Bennett","1000119083","Right","NOR_BIS","5809d64a-a9bd-4e40-9f49-f8f980e76a17","54.97948","-126.68195","12.04818","5.09113","2.07421","-13.04676","-1.71261","2.27281","0.49661",,,,,,,,,,,,,,,,,,,,,,,,,,,,,,,,,,,,,,,,,,,,,,,,,,,"High","High","High","","","","","",,,,,,,,,,,,,,,,,,,,,,,,,,,,,,,,,,,"2026","02","27"
"76","2026-02-27","18:43:44.25","1","4","Puetz, Parker","1000213729","Right","NOR_BIS","Woita, Jase","831805","Left","MIZ_TIG","Undefined","3","Bottom","0","2","1","Cutter","Slider","FoulBallNotFieldable","Undefined","Undefined","Undefined","0","0","","85.82525","0.068752","-2.730409","2593.86722","131.497025","10:30","5.10317","1.78448","5.50495","-33.29514","4.93713","-4.34488","2.39294","-1.13312","79.26152","-6.024688","-3.503253","0.445027","102.2359","-8.439431","55.432983",,,,,"20.09499","16.88022","48.963702","0.139517","1.51823","2.77303","-1.54283","50.0","5.08649","6.12199","-124.62836","-1.03142","2.40583","23.28041","-27.77976","MIZ_TIG","NOR_BIS","TaylorStadium","D1","SEC","20260227-TaylorStadium-1","893e37c0-143e-11f1-8b2a-372dde908e8b","84.69694","3.03211",,"6.56373",,,,"1.4881","3.03211","-1.70477","1b302c73-8876-476a-9477-a2ba524ff780","2026-02-28","00:43:44.25","2026-02-27T18:43:44.2515968-06:00","2026-02-28T00:43:44.2515968Z","GroundBall","v3","4806","471388","9d219402a542450a8ca9d307da9f26b3","Freiter, Bennett","1000119083","Right","NOR_BIS","55a53709-8acb-401a-96b3-826482514f22","54.9964","-125.55821","11.64021","5.10553","0.07814","-13.88988","-1.78543","6.0259","1.20292",,"1.48809","84.15427","-1.8444",,,,,,,"3.03194","-21.99023","1.86199",,,,,,,"-1.70468","122.12942","-9.09168",,,,,,,,,,,,,,,,,,,,,,,,,,,,,"High","High","High","Low","Low","","","",,,,,,,,,,,,,,,,,,,,,,,,,,,,,,,,,,,"2026","02","27"
"77","2026-02-27","18:44:17.91","1","5","Puetz, Parker","1000213729","Right","NOR_BIS","Woita, Jase","831805","Left","MIZ_TIG","Undefined","3","Bottom","0","2","2","Cutter","Slider","FoulBallNotFieldable","Undefined","Undefined","Undefined","0","0","","87.5711","0.387242","-2.236597","2585.192764","141.234188","10:45","5.00629","1.74208","5.46289","-31.69395","4.84028","-3.10169","2.72786","-0.61086","81.24285","-5.405613","-2.788229","0.435032","54.65473","53.616117","-74.597921","5262.803692",,,,"127.65002","87.9823","-85.357042","3.372682","1.04606","2.63095","-1.54284","50.0","5.01843","5.1019","-127.27622","-0.2985","1.74043","22.62825","-27.7968","MIZ_TIG","NOR_BIS","TaylorStadium","D1","SEC","20260227-TaylorStadium-1","9d4a5be0-143e-11f1-8b2a-372dde908e8b","86.64286","50.95977",,"6.32825",,,,"0.99695","2.75264","0.69631","1b302c73-8876-476a-9477-a2ba524ff780","2026-02-28","00:44:17.91","2026-02-27T18:44:17.9193856-06:00","2026-02-28T00:44:17.9193856Z","Popup","v3","4806","471388","9d219402a542450a8ca9d307da9f26b3","Freiter, Bennett","1000119083","Right","NOR_BIS","385e711c-ddaf-4560-8e8b-c7e0ed4e696f","55.03867","-128.16891","11.31413","5.00858","0.79809","-13.8984","-1.74276","5.03324","0.87022","141.212169","1.00178","12.48006","-7.448","1.3289","1.0238","-0.73497","0.16615","-0.00608","-0.0015","2.75002","64.63354","-25.5347","4.51768","-2.86071","1.77286","-0.67282","0.13239","-0.01039","0.6989","-45.94184","3.83794","-2.0811","2.37995","-1.71269","0.66991","-0.13184","0.01022",,,,,,,,,,,,,,,,,,,,,,,"High","High","High","High","Medium","","","",,,,,,,,,,,,,,,,,,,,,,,,,,,,,,,,,,,"2026","02","27"
"78","2026-02-27","18:44:39.11","1","6","Puetz, Parker","1000213729","Right","NOR_BIS","Woita, Jase","831805","Left","MIZ_TIG","Undefined","3","Bottom","0","2","2","Fastball","Four-Seam","FoulBallNotFieldable","Undefined","Undefined","Undefined","0","0","","92.0036","-1.191033","-2.228667","2327.722541","223.985255","1:30","5.28379","1.62783","6.02233","-17.54233","15.553","13.92225","2.71779","0.72276","83.42185","-4.535302","0.274811","0.414052","78.51989","51.017152","-70.873199","4278.908605",,,,,"66.85002",,,"-7.83111","8.69075","-1.4608","50.0","5.18097","4.59497","-133.49899","-3.30474","-14.01749","30.92302","-16.6178","MIZ_TIG","NOR_BIS","TaylorStadium","D1","SEC","20260227-TaylorStadium-1","a9edae10-143e-11f1-8b2a-372dde908e8b","91.03311","71.00712",,"8.58175",,,,"0.69242","2.65999","-0.72645","1b302c73-8876-476a-9477-a2ba524ff780","2026-02-28","00:44:39.11","2026-02-27T18:44:39.1129088-06:00","2026-02-28T00:44:39.1129088Z","","v3","4806","471388","9d219402a542450a8ca9d307da9f26b3","Freiter, Bennett","1000119083","Right","NOR_BIS","8ae623e8-35ca-40c7-9a2d-4147972c7eec","54.47599","-134.53179","15.46151","5.28208","-2.74972","-8.3089","-1.62208","5.06314","-7.00875",,"0.69242","23.73804","-14.97632","5.0325","-1.35202","0.32487","-0.07536","0.01436","-0.00161","2.65999","89.51962","-26.32599","2.81726","-0.42006","0.03802","8.2E-4","-0.00133","2.6E-4","-0.72645","-68.4478","8.33658","-1.21225","0.09258","0.02077","-0.01114","0.00321","-4.1E-4",,,,,,,,,,,,,,,,,,,,,,,"High","High","High","Medium","Undefined","","","",,,,,,,,,,,,,,,,,,,,,,,,,,,,,,,,"74.34029","2.45369","-8.99805","2026","02","27"
"79","2026-02-27","18:44:59.29","1","7","Puetz, Parker","1000213729","Right","NOR_BIS","Woita, Jase","831805","Left","MIZ_TIG","Undefined","3","Bottom","0","2","2","Cutter","Slider","BallCalled","Undefined","Undefined","Undefined","0","0","","87.74554","0.671261","0.076046","2597.457861","126.030136","10:15","5.08073","1.73697","5.35967","-30.94915","6.04335","-6.71886","3.13116","1.24838","80.21453","-5.019387","-1.118332","0.437752",,,,,,,,,,,,"3.37736","3.2113","-1.73892","50.0","5.11919","0.13254","-127.37755","0.34418","5.55053","26.08858","-26.89643","MIZ_TIG","NOR_BIS","TaylorStadium","D1","SEC","20260227-TaylorStadium-1","b5f20120-143e-11f1-8b2a-372dde908e8b","86.10455",,,"7.53101",,,,,,,"1b302c73-8876-476a-9477-a2ba524ff780","2026-02-28","00:44:59.29","2026-02-27T18:44:59.2916480-06:00","2026-02-28T00:44:59.2916480Z","","v3","4806","471388","9d219402a542450a8ca9d307da9f26b3","Freiter, Bennett","1000119083","Right","NOR_BIS","1f985dca-0cd7-4b58-bc9e-fb38207e41dd","55.13829","-128.42563","13.04429","5.08366","1.42471","-13.44822","-1.73977","-0.09045","2.77527",,,,,,,,,,,,,,,,,,,,,,,,,,,,,,,,,,,,,,,,,,,,,,,,,,,"High","High","High","","","","","",,,,,,,,,,,,,,,,,,,,,,,,,,,,,,,,,,,"2026","02","27"
"80","2026-02-27","18:45:16.23","1","8","Puetz, Parker","1000213729","Right","NOR_BIS","Woita, Jase","831805","Left","MIZ_TIG","Undefined","3","Bottom","0","3","2","Cutter","Slider","BallCalled","Walk","Undefined","Undefined","0","0","","87.18718","1.139459","-1.506393","2576.261946","125.624148","10:15","5.17878","1.6196","5.41606","-31.27132","6.13611","-6.95099","3.64078","-0.37115","79.73145","-4.614531","-2.741823","0.4402",,,,,,,,,,,,"3.06614","3.13433","-1.48079","50.0","5.25844","3.63449","-126.52527","1.37605","4.97363","25.65605","-27.08982","MIZ_TIG","NOR_BIS","TaylorStadium","D1","SEC","20260227-TaylorStadium-1","c027d5c0-143e-11f1-8b2a-372dde908e8b","85.62564",,,"7.45573",,,,,,,"1b302c73-8876-476a-9477-a2ba524ff780","2026-02-28","00:45:16.23","2026-02-27T18:45:16.2312704-06:00","2026-02-28T00:45:16.2312704Z","","v3","4806","471388","9d219402a542450a8ca9d307da9f26b3","Freiter, Bennett","1000119083","Right","NOR_BIS","c0fc21d9-ab88-4219-adb7-c902e72248f5","55.08207","-127.55162","12.82803","5.18171","2.45975","-13.54491","-1.6222","3.43552","2.48681",,,,,,,,,,,,,,,,,,,,,,,,,,,,,,,,,,,,,,,,,,,,,,,,,,,"High","High","High","","","","","",,,,,,,,,,,,,,,,,,,,,,,,,,,,,,,,,,,"2026","02","27"
"81","2026-02-27","18:45:57.92","2","1","Puetz, Parker","1000213729","Right","NOR_BIS","Macon, Tyler","823527","Right","MIZ_TIG","Undefined","3","Bottom","0","0","0","Fastball","Four-Seam","FoulBallNotFieldable","Undefined","Undefined","Undefined","0","0","","90.78345","-0.640034","-2.545559","2383.854894","221.953811","1:30","5.38424","1.61917","6.02993","-18.85639","15.14048","12.56772","3.21954","0.30754","82.25751","-4.228863","-0.286457","0.419654",,,,,,,,,,,,"-7.26693","8.33217","-1.42703","50.0","5.32404","5.32823","-131.72297","-2.04274","-12.65623","30.26176","-17.6626","MIZ_TIG","NOR_BIS","TaylorStadium","D1","SEC","20260227-TaylorStadium-1","d8eee9e0-143e-11f1-8b2a-372dde908e8b","89.81798",,,"8.52594",,,,,,,"1b302c73-8876-476a-9477-a2ba524ff780","2026-02-28","00:45:57.92","2026-02-27T18:45:57.9246080-06:00","2026-02-28T00:45:57.9246080Z","","v3","4806","471388","9d219402a542450a8ca9d307da9f26b3","Freiter, Bennett","1000119083","Right","NOR_BIS","3ef79380-6c48-4304-ad23-2dd4b3320291","54.46892","-132.74568","15.13088","5.38298","-1.44582","-8.8313","-1.61433","5.75595","-6.32811",,,,,,,,,,,,,,,,,,,,,,,,,,,,,,,,,,,,,,,,,,,,,,,,,,,"High","High","High","","","","","",,,,,,,,,,,,,,,,,,,,,,,,,,,,,,,,,,,"2026","02","27"
"82","2026-02-27","18:46:32.03","2","2","Puetz, Parker","1000213729","Right","NOR_BIS","Macon, Tyler","823527","Right","MIZ_TIG","Undefined","3","Bottom","0","0","1","Cutter","Slider","BallCalled","Undefined","Undefined","Undefined","0","0","","85.8827","0.045068","-3.054603","2619.397451","144.135343","10:45","5.20956","1.6475","5.38782","-30.90864","7.59272","-4.66252","2.67614","-1.60679","79.0117","-5.621077","-3.881407","0.446591",,,,,,,,,,,,"1.52878","4.17272","-1.37099","50.0","5.19196","6.85021","-124.56579","-1.01202","2.41475","23.78566","-25.58322","MIZ_TIG","NOR_BIS","TaylorStadium","D1","SEC","20260227-TaylorStadium-1","ed4a1860-143e-11f1-8b2a-372dde908e8b","84.40044",,,"6.87101",,,,,,,"1b302c73-8876-476a-9477-a2ba524ff780","2026-02-28","00:46:32.03","2026-02-27T18:46:32.0388096-06:00","2026-02-28T00:46:32.0388096Z","","v3","4806","471388","9d219402a542450a8ca9d307da9f26b3","Freiter, Bennett","1000119083","Right","NOR_BIS","241311bc-7025-4802-9204-0f14afe82ca8","55.11034","-125.53781","11.89283","5.21196","0.03346","-12.79161","-1.64892","6.75153","1.20738",,,,,,,,,,,,,,,,,,,,,,,,,,,,,,,,,,,,,,,,,,,,,,,,,,,"High","High","High","","","","","",,,,,,,,,,,,,,,,,,,,,,,,,,,,,,,,,,,"2026","02","27"
"83","2026-02-27","18:46:54.01","2","3","Puetz, Parker","1000213729","Right","NOR_BIS","Macon, Tyler","823527","Right","MIZ_TIG","Undefined","3","Bottom","0","1","1","Fastball","Sinker","BallCalled","Undefined","Undefined","Undefined","0","0","","90.77662","-1.466963","-4.164276","2355.984214","227.637218","1:30","5.34405","1.54941","6.15992","-18.82761","15.24883","15.38355","2.416","-1.02242","81.94212","-5.062783","-1.39855","0.420144",,,,,,,,,,,,"-9.13815","8.6665","-1.23997","50.0","5.22269","8.89758","-131.40461","-3.91759","-15.79761","30.7769","-17.19177","MIZ_TIG","NOR_BIS","TaylorStadium","D1","SEC","20260227-TaylorStadium-1","fa5d4360-143e-11f1-8b2a-372dde908e8b","89.71308",,,"8.83449",,,,,,,"1b302c73-8876-476a-9477-a2ba524ff780","2026-02-28","00:46:54.01","2026-02-27T18:46:54.0124160-06:00","2026-02-28T00:46:54.0124160Z","","v3","4806","471388","9d219402a542450a8ca9d307da9f26b3","Freiter, Bennett","1000119083","Right","NOR_BIS","ccbc90cf-03fd-4f3d-b82f-dfb816d56552","54.33586","-132.41624","15.38845","5.34218","-3.3525","-8.59589","-1.54096","9.41684","-7.8988",,,,,,,,,,,,,,,,,,,,,,,,,,,,,,,,,,,,,,,,,,,,,,,,,,,"High","High","High","","","","","",,,,,,,,,,,,,,,,,,,,,,,,,,,,,,,,,,,"2026","02","27"
"84","2026-02-27","18:47:15.22","2","4","Puetz, Parker","1000213729","Right","NOR_BIS","Macon, Tyler","823527","Right","MIZ_TIG","Undefined","3","Bottom","0","2","1","Cutter","Slider","BallCalled","Undefined","Undefined","StolenBase","0","0","","85.73314","-0.442031","-2.760847","2527.361207","136.589236","10:30","5.22928","1.82134","5.33799","-32.33143","6.27658","-4.87591","2.11982","-1.1771","79.13243","-6.344489","-3.625475","0.447209",,,,,,,,,,,,"1.72791","3.6304","-1.56851","50.0","5.16626","6.21148","-124.40421","-2.14061","2.72814","23.20937","-26.44213","MIZ_TIG","NOR_BIS","TaylorStadium","D1","SEC","20260227-TaylorStadium-1","07004770-143f-11f1-8b2a-372dde908e8b","84.2838",,,"6.60071",,,,,,,"1b302c73-8876-476a-9477-a2ba524ff780","2026-02-28","00:47:15.22","2026-02-27T18:47:15.2279552-06:00","2026-02-28T00:47:15.2279552Z","","v3","4806","471388","9d219402a542450a8ca9d307da9f26b3","Freiter, Bennett","1000119083","Right","NOR_BIS","3556268c-4903-4a59-804c-b465e177d3bc","55.1607","-125.36331","11.60469","5.23214","-1.04791","-13.22107","-1.82287","6.09874","1.36407",,,,,,,,,,,,,,,,,,,,,,,,,,,,,,,,,,,,,,,,,,,,,,,,,,,"High","High","High","","","","","",,,,,,,,,,,,,,,,,,,,,,,,,,,,,,,,,,,"2026","02","27"
"85","2026-02-27","18:47:44.22","2","5","Puetz, Parker","1000213729","Right","NOR_BIS","Macon, Tyler","823527","Right","MIZ_TIG","Undefined","3","Bottom","0","3","1","Fastball","Sinker","InPlay","Undefined","GroundBall","Error","1","1","","91.71543","-1.411092","-3.162354","2346.941256","238.128317","2:00","5.29122","1.6424","5.60792","-22.2656","11.75131","16.95442","2.11631","0.10039","82.88522","-5.579357","-0.139071","0.419777","103.94411","-7.671302","-8.722568",,,,,"16.29997","16.20298","-8.585103","0.102548","-9.57103","6.73992","-1.383","50.0","5.15623","6.56953","-132.83555","-4.05107","-16.90111","31.56553","-20.27226","MIZ_TIG","NOR_BIS","TaylorStadium","D1","SEC","20260227-TaylorStadium-1","183f1ac0-143f-11f1-8b2a-372dde908e8b","89.79154","2.10365",,"8.83021",,,,"0.84671","2.10365","-0.11157","1b302c73-8876-476a-9477-a2ba524ff780","2026-02-28","00:47:44.22","2026-02-27T18:47:44.2271232-06:00","2026-02-28T00:47:44.2271232Z","GroundBall","v3","4806","471388","9d219402a542450a8ca9d307da9f26b3","Freiter, Bennett","1000119083","Right","NOR_BIS","4918d93e-f974-43a4-a70e-93955b225f54","54.89026","-133.99258","15.78277","5.2911","-3.308","-10.13613","-1.63515","7.18903","-8.45055","188.282045","0.84672","149.33761","-4.15868",,,,,,,"2.10363","-20.34759","-1.61571",,,,,,,"-0.11158","-22.91125","2.65029",,,,,,,,,,,,,,,,,,,,,,,,,,,,,"High","High","High","Medium","High","","","",,,,,,,,,,,,,,,,,,,,,,,,,,,,,,,,"79.6741","6.55271","-2.25164","2026","02","27"
"86","2026-02-27","18:48:32.44","3","1","Puetz, Parker","1000213729","Right","NOR_BIS","Serna, Mateo","806219","Left","MIZ_TIG","Undefined","3","Bottom","1","0","0","Slider","Slider","StrikeCalled","Undefined","Undefined","Undefined","0","0","","81.55345","1.62027","-0.343122","2592.561045","63.876234","8:15","5.25935","1.6591","5.45466","-50.56357","-7.11272","-17.69623","2.56293","-0.13679","73.64568","-7.623785","-3.496215","0.474428",,,,,,,,,,,,"8.70957","-3.56984","-1.61668","50.0","5.36812","1.45541","-118.21421","1.51664","12.0853","26.61744","-37.12751","MIZ_TIG","NOR_BIS","TaylorStadium","D1","SEC","20260227-TaylorStadium-1","35128f60-143f-11f1-8b2a-372dde908e8b","79.44815",,,"7.90777",,,,,,,"1b302c73-8876-476a-9477-a2ba524ff780","2026-02-28","00:48:32.44","2026-02-27T18:48:32.4487680-06:00","2026-02-28T00:48:32.4487680Z","","v3","4806","471388","9d219402a542450a8ca9d307da9f26b3","Freiter, Bennett","1000119083","Right","NOR_BIS","2e8854ff-4f9b-4d45-abf4-5c2828508140","55.04416","-119.34456","13.30872","5.27024","3.09332","-18.56376","-1.66759","0.94219","6.04265",,,,,,,,,,,,,,,,,,,,,,,,,,,,,,,,,,,,,,,,,,,,,,,,,,,"High","High","High","","","","","",,,,,,,,,,,,,,,,,,,,,,,,,,,,,,,,,,,"2026","02","27"
"87","2026-02-27","18:48:47.49","3","2","Puetz, Parker","1000213729","Right","NOR_BIS","Serna, Mateo","806219","Left","MIZ_TIG","Undefined","3","Bottom","1","0","1","Fastball","Sinker","BallCalled","Undefined","Undefined","Undefined","0","0","","93.35923","-0.028054","-1.15236","2369.347748","230.673095","1:45","5.164","1.76447","5.83468","-19.09993","13.23654","14.82658","3.54626","1.92877","84.59838","-3.640226","1.505729","0.409277",,,,,,,,,,,,"-7.82426","7.07516","-1.67876","50.0","5.15053","2.03804","-135.49302","-0.69234","-14.43488","31.6991","-19.12119","MIZ_TIG","NOR_BIS","TaylorStadium","D1","SEC","20260227-TaylorStadium-1","3dfa1210-143f-11f1-8b2a-372dde908e8b","92.0951",,,"8.76084",,,,,,,"1b302c73-8876-476a-9477-a2ba524ff780","2026-02-28","00:48:47.49","2026-02-27T18:48:47.4931712-06:00","2026-02-28T00:48:47.4931712Z","","v3","4806","471388","9d219402a542450a8ca9d307da9f26b3","Freiter, Bennett","1000119083","Right","NOR_BIS","59c53b71-06cf-4689-936d-e20bc1930174","54.66157","-136.57926","15.84955","5.16303","-0.03711","-9.56059","-1.75708","2.53268","-7.21744",,,,,,,,,,,,,,,,,,,,,,,,,,,,,,,,,,,,,,,,,,,,,,,,,,,"High","High","High","","","","","",,,,,,,,,,,,,,,,,,,,,,,,,,,,,,,,,,,"2026","02","27"
"88","2026-02-27","18:49:02.37","3","3","Puetz, Parker","1000213729","Right","NOR_BIS","Serna, Mateo","806219","Left","MIZ_TIG","Undefined","3","Bottom","1","1","1","Cutter","Slider","BallCalled","Undefined","Undefined","Undefined","0","0","","86.96495","1.146625","-1.517121","2578.804497","159.811812","11:15","5.12242","1.7422","5.4363","-29.17832","8.07949","-2.58154","3.76515","0.10605","80.11323","-4.221882","-1.976153","0.439319",,,,,,,,,,,,"0.91354","4.12335","-1.60611","50.0","5.20384","3.45855","-126.3083","1.47887","1.49022","23.36953","-25.44765","MIZ_TIG","NOR_BIS","TaylorStadium","D1","SEC","20260227-TaylorStadium-1","46e08350-143f-11f1-8b2a-372dde908e8b","85.79739",,,"6.85171",,,,,,,"1b302c73-8876-476a-9477-a2ba524ff780","2026-02-28","00:49:02.37","2026-02-27T18:49:02.3773184-06:00","2026-02-28T00:49:02.3773184Z","","v3","4806","471388","9d219402a542450a8ca9d307da9f26b3","Freiter, Bennett","1000119083","Right","NOR_BIS","2167cfb4-f95f-41aa-9047-2040e013a8a9","55.0622","-127.24146","11.68476","5.1245","2.49502","-12.72383","-1.74302","3.39905","0.74511",,,,,,,,,,,,,,,,,,,,,,,,,,,,,,,,,,,,,,,,,,,,,,,,,,,"High","High","High","","","","","",,,,,,,,,,,,,,,,,,,,,,,,,,,,,,,,,,,"2026","02","27"
"89","2026-02-27","18:49:21.19","3","4","Puetz, Parker","1000213729","Right","NOR_BIS","Serna, Mateo","806219","Left","MIZ_TIG","Undefined","3","Bottom","1","2","1","Fastball","Sinker","StrikeSwinging","Undefined","Undefined","Undefined","0","0","","92.54675","0.055983","-3.220136","2357.163848","228.487117","1:30","5.26418","1.48759","6.0689","-19.50501","13.17953","13.63642","3.69065","-0.35909","83.79216","-3.646536","-0.769534","0.411474",,,,,,,,,,,,"-7.90178","7.08457","-1.24458","50.0","5.2581","6.94076","-134.18527","-0.47672","-14.30307","30.99171","-19.35022","MIZ_TIG","NOR_BIS","TaylorStadium","D1","SEC","20260227-TaylorStadium-1","52060f20-143f-11f1-8b2a-372dde908e8b","91.60338",,,"8.75459",,,,,,,"1b302c73-8876-476a-9477-a2ba524ff780","2026-02-28","00:49:21.19","2026-02-27T18:49:21.1960320-06:00","2026-02-28T00:49:21.1960320Z","","v3","4806","471388","9d219402a542450a8ca9d307da9f26b3","Freiter, Bennett","1000119083","Right","NOR_BIS","4b45157a-f7d2-4795-aa60-ac16f0267843","54.42746","-135.20397","15.49585","5.26332","0.15933","-9.67511","-1.48045","7.41091","-7.15154",,,,,,,,,,,,,,,,,,,,,,,,,,,,,,,,,,,,,,,,,,,,,,,,,,,"High","High","High","","","","","",,,,,,,,,,,,,,,,,,,,,,,,,,,,,,,,,,,"2026","02","27"
"90","2026-02-27","18:49:43.23","3","5","Puetz, Parker","1000213729","Right","NOR_BIS","Serna, Mateo","806219","Left","MIZ_TIG","Undefined","3","Bottom","1","2","2","Slider","Slider","FoulBallNotFieldable","Undefined","Undefined","Undefined","0","0","","82.3696","1.176378","-0.818676","2678.194047","68.402355","8:15","5.16731","1.82429","5.60138","-48.48282","-6.16244","-19.37462","2.22556","-0.55459","74.52794","-7.704838","-4.279761","0.468216","30.15275","-25.895482","41.022491",,,,,"6.67585","6.67582","32.922488","0.117297","9.58989","-3.13567","-1.74113","50.0","5.23652","2.48858","-119.47696","0.75664","13.58863","27.25075","-36.6172","MIZ_TIG","NOR_BIS","TaylorStadium","D1","SEC","20260227-TaylorStadium-1","5f4ccd40-143f-11f1-8b2a-372dde908e8b","80.50226","2.3067",,"7.84166",,,,"2.01902","2.3067","0.50972","1b302c73-8876-476a-9477-a2ba524ff780","2026-02-28","00:49:43.23","2026-02-27T18:49:43.2397312-06:00","2026-02-28T00:49:43.2397312Z","GroundBall","v3","4806","471388","9d219402a542450a8ca9d307da9f26b3","Freiter, Bennett","1000119083","Right","NOR_BIS","c0a61fc3-08a6-4b7f-9455-0a838394f23a","54.89941","-120.58925","13.62537","5.17513","2.25125","-18.3086","-1.83138","1.93393","6.79431",,"2.00871","30.56117",,,,,,,,"2.31333","-19.66557",,,,,,,,"0.50075","26.58749",,,,,,,,,,,,,,,,,,,,,,,,,,,,,,"High","High","High","Estimated","Estimated","","","",,,,,,,,,,,,,,,,,,,,,,,,,,,,,,,,,,,"2026","02","27"
"91","2026-02-27","18:50:16.47","3","6","Puetz, Parker","1000213729","Right","NOR_BIS","Serna, Mateo","806219","Left","MIZ_TIG","Undefined","3","Bottom","1","2","2","Cutter","Slider","FoulBallNotFieldable","Undefined","Undefined","Undefined","0","0","","87.17013","0.479423","-1.186696","2543.57535","164.978353","11:30","5.06579","1.64001","5.50014","-30.37254","6.65961","-1.4987","2.98327","0.40501","80.27163","-5.105755","-1.453708","0.437986","69.26849","37.898704","-148.661235","4410.975848","-95.89966","41.80632","-53.88186","191.59253","70.31649","-153.519368","2.896993","0.45512","3.55528","-1.53524","50.0","5.08711","2.68741","-126.66312","-0.02836","0.74464","24.13851","-26.35693","MIZ_TIG","NOR_BIS","TaylorStadium","D1","SEC","20260227-TaylorStadium-1","730441b0-143f-11f1-8b2a-372dde908e8b","86.05846","42.29884",,"6.89849",,,,"1.0076","2.70705","-0.19817","1b302c73-8876-476a-9477-a2ba524ff780","2026-02-28","00:50:16.47","2026-02-27T18:50:16.4765696-06:00","2026-02-28T00:50:16.4765696Z","FlyBall","v3","4806","471388","9d219402a542450a8ca9d307da9f26b3","Freiter, Bennett","1000119083","Right","NOR_BIS","ffdc7f56-4799-4e01-8238-7f732ab06636","55.0001","-127.61244","12.06926","5.06784","1.00821","-13.17847","-1.64035","2.65813","0.37232","16.605016","1.00771","-68.47681","2.63234","0.17102","0.11756","-0.16191","0.08529","-0.02071","0.0019","2.70713","62.40275","-28.04123","3.32435","-0.63306","0.09703","-0.0103","0.00197","-3.0E-4","-0.19801","-41.70268","4.0425","-0.09494","0.27659","-0.25723","0.12775","-0.03062","0.0028",,,,,,,,,,,,,,,,,,,,,,,"High","High","High","High","Low","","","",,,,,,,,,,,,,,,,,,,,,,,,,,,,,,,,,,,"2026","02","27"
"92","2026-02-27","18:50:41.50","3","7","Puetz, Parker","1000213729","Right","NOR_BIS","Serna, Mateo","806219","Left","MIZ_TIG","Undefined","3","Bottom","1","2","2","ChangeUp","Changeup","InPlay","Undefined","FlyBall","Out","1","0","","86.29426","0.134592","-3.027834","1919.633836","260.926564","2:45","5.07396","1.87392","5.70937","-33.90962","4.20988","18.21379","2.37374","0.56815","78.3294","-6.136703","0.227935","0.44437","86.69809","52.448008","-34.320854","3975.715865","79.99569","119.68914","-75.5029","246.85764","90.93225","-49.386436","5.781974","-10.22741","2.45591","-1.6319","50.0","5.06419","5.86216","-125.13322","-0.88113","-16.06944","27.38461","-28.31532","MIZ_TIG","NOR_BIS","TaylorStadium","D1","SEC","20260227-TaylorStadium-1","81edda60-143f-11f1-8b2a-372dde908e8b","84.82213","128.4799",,"7.96485",,,,"1.0123","2.25134","-0.46325","1b302c73-8876-476a-9477-a2ba524ff780","2026-02-28","00:50:41.50","2026-02-27T18:50:41.5032320-06:00","2026-02-28T00:50:41.5032320Z","FlyBall","v3","4806","471388","9d219402a542450a8ca9d307da9f26b3","Freiter, Bennett","1000119083","Right","NOR_BIS","0b077609-dab8-48aa-8b42-44613066074a","54.79076","-126.17729","13.6923","5.0772","0.19843","-14.15766","-1.86708","6.47483","-8.03472","156.302766","1.01756","63.8744","-18.8521","4.13264","-0.03154","-0.29409","0.08688","-0.01064","4.9E-4","2.24049","100.98608","-24.99036","3.15864","-0.87252","0.1947","-0.02347","0.00102","1.0E-5","-0.46101","-43.73575","3.63051","-0.59122","0.19149","-0.0729","0.01662","-0.00191","9.0E-5",,,,,,,,,,,,,,,,,,,,,,,"High","High","High","High","Low","","","",,,,,,,,,,,,,,,,,,,,,,,,,,,,,,,,"72.38256","13.64576","0.73338","2026","02","27"
"93","2026-02-27","18:51:24.11","4","1","Puetz, Parker","1000213729","Right","NOR_BIS","Parker, Sam","806179","Left","MIZ_TIG","Undefined","3","Bottom","2","0","0","Slider","Curveball","BallCalled","Undefined","Undefined","Undefined","0","0","","82.36374","-0.289471","-0.504064","2605.700753","58.483023","8:00","5.11548","1.87111","5.43922","-52.0007","-8.95693","-17.33647","0.51102","-0.04561","74.04825","-9.763788","-3.598881","0.4722",,,,,,,,,,,,"8.57804","-3.97788","-1.81404","50.0","5.05399","1.76833","-119.32397","-2.48079","11.98304","29.60711","-37.73094","MIZ_TIG","NOR_BIS","TaylorStadium","D1","SEC","20260227-TaylorStadium-1","9b6be270-143f-11f1-8b2a-372dde908e8b","79.82296",,,"8.31549",,,,,,,"1b302c73-8876-476a-9477-a2ba524ff780","2026-02-28","00:51:24.11","2026-02-27T18:51:24.1127936-06:00","2026-02-28T00:51:24.1127936Z","","v3","4806","471388","9d219402a542450a8ca9d307da9f26b3","Freiter, Bennett","1000119083","Right","NOR_BIS","da8a52b2-59f3-4e25-8718-b6bee0db7a8d","55.06018","-120.57298","14.80355","5.12507","-0.88906","-18.86547","-1.87797","1.26281","5.99152",,,,,,,,,,,,,,,,,,,,,,,,,,,,,,,,,,,,,,,,,,,,,,,,,,,"High","High","High","","","","","",,,,,,,,,,,,,,,,,,,,,,,,,,,,,,,,,,,"2026","02","27"
"94","2026-02-27","18:51:40.53","4","2","Puetz, Parker","1000213729","Right","NOR_BIS","Parker, Sam","806179","Left","MIZ_TIG","Undefined","3","Bottom","2","1","0","Slider","Curveball","StrikeCalled","Undefined","Undefined","Undefined","0","0","","80.95","1.465617","0.006247","2585.507939","65.278875","8:15","5.17971","1.76732","5.47691","-49.60987","-5.49646","-15.45087","2.41728","0.48559","72.982","-7.621933","-2.748736","0.478032",,,,,,,,,,,,"7.73914","-2.74103","-1.75721","50.0","5.27505","0.62863","-117.32735","1.24483","10.56482","26.47526","-35.91586","MIZ_TIG","NOR_BIS","TaylorStadium","D1","SEC","20260227-TaylorStadium-1","a5320550-143f-11f1-8b2a-372dde908e8b","78.84924",,,"7.968",,,,,,,"1b302c73-8876-476a-9477-a2ba524ff780","2026-02-28","00:51:40.53","2026-02-27T18:51:40.5341696-06:00","2026-02-28T00:51:40.5341696Z","","v3","4806","471388","9d219402a542450a8ca9d307da9f26b3","Freiter, Bennett","1000119083","Right","NOR_BIS","58eb6670-5c5c-4af6-8664-08e9119c02e8","55.02146","-118.45503","13.23763","5.18944","2.77463","-17.95793","-1.7744","0.17863","5.28241",,,,,,,,,,,,,,,,,,,,,,,,,,,,,,,,,,,,,,,,,,,,,,,,,,,"High","High","High","","","","","",,,,,,,,,,,,,,,,,,,,,,,,,,,,,,,,,,,"2026","02","27"
"95","2026-02-27","18:51:55.92","4","3","Puetz, Parker","1000213729","Right","NOR_BIS","Parker, Sam","806179","Left","MIZ_TIG","Undefined","3","Bottom","2","1","1","Fastball","Four-Seam","BallCalled","Undefined","Undefined","Undefined","0","0","","92.50056","-2.15006","-4.031153","2392.116416","220.020411","1:15","5.18089","1.54974","5.90884","-16.16615","16.89792","13.21375","1.83215","-1.09698","83.71995","-5.239359","-1.666632","0.413856",,,,,,,,,,,,"-7.97559","9.63867","-1.2332","50.0","4.99868","8.84954","-133.87558","-5.51794","-14.34513","31.31496","-14.83769","MIZ_TIG","NOR_BIS","TaylorStadium","D1","SEC","20260227-TaylorStadium-1","ae4971a0-143f-11f1-8b2a-372dde908e8b","91.07613",,,"8.78061",,,,,,,"1b302c73-8876-476a-9477-a2ba524ff780","2026-02-28","00:51:55.92","2026-02-27T18:51:55.9206400-06:00","2026-02-28T00:51:55.9206400Z","","v3","4806","471388","9d219402a542450a8ca9d307da9f26b3","Freiter, Bennett","1000119083","Right","NOR_BIS","8612ef3d-c27d-4cd3-b3c0-14a8f7234fee","54.58888","-134.94469","15.65748","5.17843","-5.01137","-7.41885","-1.54369","9.3393","-7.17256",,,,,,,,,,,,,,,,,,,,,,,,,,,,,,,,,,,,,,,,,,,,,,,,,,,"High","High","High","","","","","",,,,,,,,,,,,,,,,,,,,,,,,,,,,,,,,,,,"2026","02","27"
"96","2026-02-27","18:52:11.03","4","4","Puetz, Parker","1000213729","Right","NOR_BIS","Parker, Sam","806179","Left","MIZ_TIG","Undefined","3","Bottom","2","2","1","Cutter","Slider","BallCalled","Undefined","Undefined","Undefined","0","0","","85.864","1.574329","-0.743829","2610.741676","117.037459","10:00","5.10376","1.6521","5.36008","-33.97762","4.46693","-6.543","3.74914","0.40927","78.8814","-4.651687","-1.906204","0.446261",,,,,,,,,,,,"3.07571","2.19851","-1.58054","50.0","5.22112","1.90497","-124.67953","2.1784","4.87128","23.62068","-28.6921","MIZ_TIG","NOR_BIS","TaylorStadium","D1","SEC","20260227-TaylorStadium-1","b7501510-143f-11f1-8b2a-372dde908e8b","84.46281",,,"6.9826",,,,,,,"1b302c73-8876-476a-9477-a2ba524ff780","2026-02-28","00:52:11.03","2026-02-27T18:52:11.0306816-06:00","2026-02-28T00:52:11.0306816Z","","v3","4806","471388","9d219402a542450a8ca9d307da9f26b3","Freiter, Bennett","1000119083","Right","NOR_BIS","cde69133-cb0a-435a-99c4-3bef62a6f178","55.13878","-125.64931","11.81034","5.1075","3.35639","-14.34605","-1.65464","1.70497","2.43564",,,,,,,,,,,,,,,,,,,,,,,,,,,,,,,,,,,,,,,,,,,,,,,,,,,"High","High","High","","","","","",,,,,,,,,,,,,,,,,,,,,,,,,,,,,,,,,,,"2026","02","27"
"97","2026-02-27","18:52:28.93","4","5","Puetz, Parker","1000213729","Right","NOR_BIS","Parker, Sam","806179","Left","MIZ_TIG","Undefined","3","Bottom","2","3","1","Fastball","Four-Seam","FoulBallNotFieldable","Undefined","Undefined","Undefined","0","0","","92.44415","-1.696962","-3.300141","2335.900345","210.711956","1:00","5.28808","1.63594","5.95607","-14.47855","18.72568","10.39473","2.50475","-0.56166","83.09839","-4.503489","-1.436655","0.414732","90.3766","34.062181","61.753647","4616.043137","46.06902","63.83845","99.88812","321.16275","125.2792","76.525107","4.754039","-6.47386","10.55382","-1.3796","50.0","5.14525","7.2751","-133.8815","-4.37577","-11.54758","33.55388","-13.34902","MIZ_TIG","NOR_BIS","TaylorStadium","D1","SEC","20260227-TaylorStadium-1","c1f52640-143f-11f1-8b2a-372dde908e8b","90.88374","79.80486",,"9.34575",,,,"4.24168","2.77794","0.43182","1b302c73-8876-476a-9477-a2ba524ff780","2026-02-28","00:52:28.93","2026-02-27T18:52:28.9356800-06:00","2026-02-28T00:52:28.9356800Z","FlyBall","v3","4806","471388","9d219402a542450a8ca9d307da9f26b3","Freiter, Bennett","1000119083","Right","NOR_BIS","5bbce0be-f343-4b43-ae5a-a8f8e0ea9802","54.54264","-135.01519","16.77694","5.28548","-3.92474","-6.67451","-1.63199","7.66526","-5.77379",,"4.2415","51.97357","-18.30412","4.82925","-1.19671","0.30943","-0.07091","0.00992","-5.6E-4","2.77939","74.20699","-20.39165","1.3564","0.04772","-0.13087","0.04442","-0.00626","3.2E-4","0.43246","96.72431","-12.29272","2.21011","-0.41577","0.10315","-0.02822","0.00479","-3.2E-4",,,,,,,,,,,,,,,,,,,,,,,"High","High","High","High","Low","","","",,,,,,,,,,,,,,,,,,,,,,,,,,,,,,,,,,,"2026","02","27"
"98","2026-02-27","18:52:47.47","4","6","Puetz, Parker","1000213729","Right","NOR_BIS","Parker, Sam","806179","Left","MIZ_TIG","Undefined","3","Bottom","2","3","2","Cutter","Slider","StrikeSwinging","Strikeout","Undefined","Undefined","0","0","","86.85664","-0.512909","-2.444718","2495.443514","149.802619","11:00","5.05058","1.75113","5.54058","-31.19128","6.2326","-2.9715","1.97148","-0.78277","79.89129","-6.240061","-2.973994","0.440297",,,,,,,,,,,,"0.84988","3.63343","-1.53706","50.0","4.98537","5.50914","-126.07198","-2.24167","1.37288","24.7434","-26.30462","MIZ_TIG","NOR_BIS","TaylorStadium","D1","SEC","20260227-TaylorStadium-1","cd1e82a0-143f-11f1-8b2a-372dde908e8b","85.60682",,,"6.96536",,,,,,,"1b302c73-8876-476a-9477-a2ba524ff780","2026-02-28","00:52:47.47","2026-02-27T18:52:47.4768384-06:00","2026-02-28T00:52:47.4768384Z","","v3","4806","471388","9d219402a542450a8ca9d307da9f26b3","Freiter, Bennett","1000119083","Right","NOR_BIS","8a856454-f7e4-4f34-8823-716baf679063","54.95867","-127.04145","12.3717","5.05301","-1.21102","-13.15231","-1.75187","5.45534","0.68644",,,,,,,,,,,,,,,,,,,,,,,,,,,,,,,,,,,,,,,,,,,,,,,,,,,"High","High","High","","","","","",,,,,,,,,,,,,,,,,,,,,,,,,,,,,,,,,,,"2026","02","27"
"111","2026-02-27","19:03:47.51","1","1","Puetz, Parker","1000213729","Right","NOR_BIS","Ward, Blaize","1000263242","Left","MIZ_TIG","Undefined","4","Bottom","0","0","0","Fastball","Sinker","InPlay","Undefined","GroundBall","Single","0","0","","89.70049","-1.302927","-3.257516","2336.774625","225.509066","1:30","5.35879","1.59342","6.14501","-20.69946","14.03631","13.06843","2.42768","-0.33097","81.31807","-5.229926","-0.904935","0.424189","102.26033","4.918859","31.12905","3212.71446",,,,"107.6942","102.81681","33.880727","0.802419","-7.77217","8.00615","-1.35188","50.0","5.24878","6.8685","-130.0666","-3.58388","-13.19232","29.61148","-18.58462","MIZ_TIG","NOR_BIS","TaylorStadium","D1","SEC","20260227-TaylorStadium-1","56703520-1441-11f1-8b2a-372dde908e8b","88.85755","4.39867",,"8.38242",,,,"1.5803","2.44506","0.18503","1b302c73-8876-476a-9477-a2ba524ff780","2026-02-28","01:03:47.51","2026-02-27T19:03:47.5143168-06:00","2026-02-28T01:03:47.5143168Z","GroundBall","v3","4806","471388","9d219402a542450a8ca9d307da9f26b3","Freiter, Bennett","1000119083","Right","NOR_BIS","6441e7af-df94-42bf-b5cd-ece2d99f776d","54.35385","-131.05406","14.80574","5.35796","-2.96413","-9.29231","-1.58826","7.30843","-6.59616",,"1.67937","126.22354","-21.19287",,,,,,,"2.50313","11.87006","-18.76233",,,,,,,"0.17253","77.47287","-3.56002",,,,,,,,,,,,,,,,,,,,,,,,,,,,,"High","High","High","High","High","","","",,,,,,,,,,,,,,,,,,,,,,,,,,,,,,,,"67.98371","17.74448","16.51528","2026","02","27"
"112","2026-02-27","19:04:30.51","2","1","Puetz, Parker","1000213729","Right","NOR_BIS","Benson, Cameron","813272","Left","MIZ_TIG","Undefined","4","Bottom","0","0","0","Cutter","Slider","BallCalled","Undefined","Undefined","Undefined","0","0","","84.44805","-0.810136","-1.362157","2526.520368","148.857307","11:00","5.26131","1.84467","5.25822","-35.51951","4.88378","-2.1311","1.53992","0.38703","76.97969","-7.30651","-1.740483","0.457488",,,,,,,,,,,,"0.65654","3.09618","-1.71823","50.0","5.16104","3.00413","-122.4416","-3.02639","0.98948","25.81121","-27.50779","MIZ_TIG","NOR_BIS","TaylorStadium","D1","SEC","20260227-TaylorStadium-1","70263d20-1441-11f1-8b2a-372dde908e8b","82.39001",,,"7.46837",,,,,,,"1b302c73-8876-476a-9477-a2ba524ff780","2026-02-28","01:04:30.51","2026-02-27T19:04:30.5110016-06:00","2026-02-28T01:04:30.5110016Z","","v3","4806","471388","9d219402a542450a8ca9d307da9f26b3","Freiter, Bennett","1000119083","Right","NOR_BIS","1915dbd3-c701-4898-a4bc-00cd4f663261","55.23924","-123.54112","12.9056","5.265","-1.8546","-13.75389","-1.84531","2.96198","0.49474",,,,,,,,,,,,,,,,,,,,,,,,,,,,,,,,,,,,,,,,,,,,,,,,,,,"High","High","High","","","","","",,,,,,,,,,,,,,,,,,,,,,,,,,,,,,,,,,,"2026","02","27"
"113","2026-02-27","19:05:19.53","2","2","Puetz, Parker","1000213729","Right","NOR_BIS","Benson, Cameron","813272","Left","MIZ_TIG","Undefined","4","Bottom","0","1","0","Fastball","Four-Seam","FoulBallNotFieldable","Undefined","Undefined","Undefined","0","0","","90.83066","-1.24002","-3.555683","2338.0541","218.829579","1:15","5.28455","1.64927","6.21473","-19.22324","14.82099","10.92516","2.53587","-0.72589","81.74346","-4.917008","-1.587851","0.419946","115.7494","20.099359","49.18601","4187.954815","67.09117","37.59966","87.17061","382.62679","187.35403","65.209518","4.085463","-6.86681","8.45382","-1.38805","50.0","5.18195","7.7304","-131.59584","-3.41322","-11.83803","32.32661","-17.60008","MIZ_TIG","NOR_BIS","TaylorStadium","D1","SEC","20260227-TaylorStadium-1","8d493150-1441-11f1-8b2a-372dde908e8b","89.75551","55.67582",,"9.0872",,,,"2.81025","2.83469","0.65408","1b302c73-8876-476a-9477-a2ba524ff780","2026-02-28","01:05:19.53","2026-02-27T19:05:19.5396608-06:00","2026-02-28T01:05:19.5396608Z","LineDrive","v3","4806","471388","9d219402a542450a8ca9d307da9f26b3","Freiter, Bennett","1000119083","Right","NOR_BIS","6726e223-fb17-4893-92a5-d79d6b17865a","54.28367","-132.64395","16.16331","5.28336","-2.84258","-8.80004","-1.64492","8.11422","-5.91902",,"2.80971","104.21728","-32.21324","8.10264","-1.96469","0.43527","-0.07924","0.00904","-4.4E-4","2.83504","58.33017","-18.03802","1.27707","-0.14843","0.01004","0.0014","-6.0E-5","-3.0E-5","0.65402","120.65947","-11.44983","0.79208","0.01189","-0.01979","0.00374","-5.2E-4","3.0E-5",,,,,,,,,,,,,,,,,,,,,,,"High","High","High","High","Low","","","",,,,,,,,,,,,,,,,,,,,,,,,,,,,,,,,,,,"2026","02","27"
"114","2026-02-27","19:05:46.31","2","3","Puetz, Parker","1000213729","Right","NOR_BIS","Benson, Cameron","813272","Left","MIZ_TIG","Undefined","4","Bottom","0","1","1","Sinker","Sinker","BallCalled","Undefined","Undefined","Undefined","0","0","","91.19279","-3.138123","-4.1438","2333.276027","235.499528","1:45","5.33774","1.56055","5.74787","-21.78316","12.60887","16.53095","0.59029","-0.9265","82.49295","-7.217946","-1.19208","0.422085",,,,,,,,,,,,"-9.7269","7.76622","-1.22609","50.0","5.06304","8.82003","-131.80612","-7.97334","-16.90177","31.21853","-18.67921","MIZ_TIG","NOR_BIS","TaylorStadium","D1","SEC","20260227-TaylorStadium-1","9d396490-1441-11f1-8b2a-372dde908e8b","89.30052",,,"8.69984",,,,,,,"1b302c73-8876-476a-9477-a2ba524ff780","2026-02-28","01:05:46.31","2026-02-27T19:05:46.3142400-06:00","2026-02-28T01:05:46.3142400Z","","v3","4806","471388","9d219402a542450a8ca9d307da9f26b3","Freiter, Bennett","1000119083","Right","NOR_BIS","1fbc87b8-c542-424a-af2a-09723bf07f10","54.7505","-132.92652","15.60927","5.33717","-7.30296","-9.33961","-1.55351","9.42662","-8.45089",,,,,,,,,,,,,,,,,,,,,,,,,,,,,,,,,,,,,,,,,,,,,,,,,,,"High","High","High","","","","","",,,,,,,,,,,,,,,,,,,,,,,,,,,,,,,,,,,"2026","02","27"
"115","2026-02-27","19:06:09.69","2","4","Puetz, Parker","1000213729","Right","NOR_BIS","Benson, Cameron","813272","Left","MIZ_TIG","Undefined","4","Bottom","0","2","1","Cutter","Cutter","StrikeSwinging","Undefined","Undefined","StolenBase","0","0","","85.93477","-1.561813","-2.932202","2469.891545","164.870513","11:30","5.29738","1.85807","5.3899","-28.22498","10.35587","-2.4761","1.47921","-1.09887","78.94997","-6.744983","-3.371698","0.447051",,,,,,,,,,,,"0.44811","5.99654","-1.59416","50.0","5.13795","6.48715","-124.58145","-4.39191","0.70562","24.58399","-22.73192","MIZ_TIG","NOR_BIS","TaylorStadium","D1","SEC","20260227-TaylorStadium-1","ab3b3550-1441-11f1-8b2a-372dde908e8b","84.31347",,,"6.9848",,,,,,,"1b302c73-8876-476a-9477-a2ba524ff780","2026-02-28","01:06:09.69","2026-02-27T19:06:09.6940000-06:00","2026-02-28T01:06:09.6940000Z","","v3","4806","471388","9d219402a542450a8ca9d307da9f26b3","Freiter, Bennett","1000119083","Right","NOR_BIS","08542bb4-7fc6-4bd1-9a08-7880309b0985","55.10887","-125.58555","12.29199","5.29837","-3.46346","-11.36596","-1.85853","6.45833","0.35281",,,,,,,,,,,,,,,,,,,,,,,,,,,,,"78.32957","2.14209","0.881152","1.260937","-0.14777","1.29153","1.19122","-0.52052","6.69125","1.09326","127.27943","0.73284","-3.62652","-0.40761","112.99723","-9.44088","6.69574","9.00384","-10.90145","1.05996","-6.54649","2.28335","High","High","High","","","High","High","Medium",,,,,,,,,,,,,,,,,,,,,,,,,,,,,,,,,,,"2026","02","27"
"116","2026-02-27","19:06:42.46","2","5","Puetz, Parker","1000213729","Right","NOR_BIS","Benson, Cameron","813272","Left","MIZ_TIG","Undefined","4","Bottom","0","2","2","Slider","Slider","HitByPitch","Undefined","Undefined","Undefined","0","0","","81.22288","-0.769163","-2.740766","2645.376907","75.175408","8:30","5.26108","1.85422","5.36062","-47.64503","-3.80185","-19.96103","0.5685","-2.38135","74.24794","-9.3936","-6.284975","0.476565",,,,,,,,,,,,"9.39245","-1.45913","-1.59245","50.0","5.15739","6.40819","-117.72709","-3.23295","12.96407","25.79175","-34.18804","MIZ_TIG","NOR_BIS","TaylorStadium","D1","SEC","20260227-TaylorStadium-1","beb7c3a0-1441-11f1-8b2a-372dde908e8b","79.09188",,,"6.97494",,,,,,,"1b302c73-8876-476a-9477-a2ba524ff780","2026-02-28","01:06:42.46","2026-02-27T19:06:42.4686080-06:00","2026-02-28T01:06:42.4686080Z","","v3","4806","471388","9d219402a542450a8ca9d307da9f26b3","Freiter, Bennett","1000119083","Right","NOR_BIS","ed1f0f35-904f-4908-9fc0-4798f61ec6a2","55.14233","-118.84834","12.89587","5.26563","-1.74669","-17.09402","-1.85879","5.84461","6.48204",,,,,,,,,,,,,,,,,,,,,,,,,,,,,,,,,,,,,,,,,,,,,,,,,,,"High","High","High","","","","","",,,,,,,,,,,,,,,,,,,,,,,,,,,,,,,,,,,"2026","02","27"
"117","2026-02-27","19:08:21.56","3","1","Puetz, Parker","1000213729","Right","NOR_BIS","Maisonet, Eric","835908","Left","MIZ_TIG","Undefined","4","Bottom","0","0","0","Cutter","Slider","StrikeSwinging","Undefined","Undefined","Undefined","0","0","","85.30536","-1.576477","-1.853369","2512.628934","169.504867","11:45","5.19861","2.052","5.5172","-29.97561","8.74839","-1.40835","1.22545","0.20109","78.76464","-7.075566","-2.104416","0.44788",,,,,,,,,,,,"0.2361","5.16398","-1.88954","50.0","5.04101","4.06584","-123.87358","-4.44682","0.36909","23.34737","-24.10181","MIZ_TIG","NOR_BIS","TaylorStadium","D1","SEC","20260227-TaylorStadium-1","f9c62c20-1441-11f1-8b2a-372dde908e8b","84.15749",,,"6.54073",,,,,,,"1b302c73-8876-476a-9477-a2ba524ff780","2026-02-28","01:08:21.56","2026-02-27T19:08:21.5604224-06:00","2026-02-28T01:08:21.5604224Z","","v3","4806","471388","9d219402a542450a8ca9d307da9f26b3","Freiter, Bennett","1000119083","Right","NOR_BIS","aee99e68-3677-4fa0-a6ce-a9d1a729d3a2","54.98356","-124.80934","11.67368","5.19988","-3.48083","-12.05091","-2.0522","4.05104","0.18455",,,,,,,,,,,,,,,,,,,,,,,,,,,,,,,,,,,,,,,,,,,,,,,,,,,"High","High","High","","","","","",,,,,,,,,,,,,,,,,,,,,,,,,,,,,,,,,,,"2026","02","27"
"118","2026-02-27","19:08:46.89","3","2","Puetz, Parker","1000213729","Right","NOR_BIS","Maisonet, Eric","835908","Left","MIZ_TIG","Undefined","4","Bottom","0","0","1","Cutter","Slider","InPlay","Undefined","Bunt","Sacrifice","1","0","","85.03267","-0.251412","-1.438862","2506.849198","170.351082","11:45","5.18384","2.04337","5.48917","-32.5884","6.15012","-0.86457","2.23287","0.62496","78.85139","-6.215066","-1.59291","0.447964",,,,,,,,,,,,"0.09217","3.45992","-1.91671","50.0","5.13943","3.14038","-123.63028","-1.68735","0.1444","21.81724","-26.75348","MIZ_TIG","NOR_BIS","TaylorStadium","D1","SEC","20260227-TaylorStadium-1","08dd6480-1442-11f1-8b2a-372dde908e8b","84.14169",,,"6.18128",,,,,,,"1b302c73-8876-476a-9477-a2ba524ff780","2026-02-28","01:08:46.89","2026-02-27T19:08:46.8908544-06:00","2026-02-28T01:08:46.8908544Z","","v3","4806","471388","9d219402a542450a8ca9d307da9f26b3","Freiter, Bennett","1000119083","Right","NOR_BIS","57c80444-d188-40aa-9f8d-9b310ea1b14d","55.01262","-124.51172","10.90862","5.18576","-0.60648","-13.37674","-2.04346","3.13455","0.0722",,,,,,,,,,,,,,,,,,,,,,,,,,,,,,,,,,,,,,,,,,,,,,,,,,,"High","High","High","","","","","",,,,,,,,,,,,,,,,,,,,,,,,,,,,,,,,,,,"2026","02","27"
"119","2026-02-27","19:09:25.15","4","1","Puetz, Parker","1000213729","Right","NOR_BIS","Patterson, Christopher","1000080435","Left","MIZ_TIG","Undefined","4","Bottom","1","0","0","Slider","Curveball","BallCalled","Undefined","Undefined","Undefined","0","0","","79.77589","0.055175","-1.973415","2576.995124","71.810041","8:30","5.27366","1.79734","5.44215","-48.62636","-3.57189","-15.39887","1.27316","-1.33441","72.9948","-8.788788","-4.715009","0.483104",,,,,,,,,,,,"7.13189","-1.34595","-1.61201","50.0","5.2452","4.60574","-115.71702","-1.57584","9.57011","23.68066","-33.98016","MIZ_TIG","NOR_BIS","TaylorStadium","D1","SEC","20260227-TaylorStadium-1","1fc690e0-1442-11f1-8b2a-372dde908e8b","78.02142",,,"6.78109",,,,,,,"1b302c73-8876-476a-9477-a2ba524ff780","2026-02-28","01:09:25.15","2026-02-27T19:09:25.1567104-06:00","2026-02-28T01:09:25.1567104Z","","v3","4806","471388","9d219402a542450a8ca9d307da9f26b3","Freiter, Bennett","1000119083","Right","NOR_BIS","6b787842-5be1-4770-8123-2da6733fcbfa","55.05778","-116.74747","11.84033","5.2816","-0.09721","-16.99008","-1.80336","4.1893","4.78506",,,,,,,,,,,,,,,,,,,,,,,,,,,,,,,,,,,,,,,,,,,,,,,,,,,"High","High","High","","","","","",,,,,,,,,,,,,,,,,,,,,,,,,,,,,,,,,,,"2026","02","27"
"120","2026-02-27","19:09:43.58","4","2","Puetz, Parker","1000213729","Right","NOR_BIS","Patterson, Christopher","1000080435","Left","MIZ_TIG","Undefined","4","Bottom","1","1","0","Slider","Curveball","BallCalled","Undefined","Undefined","Undefined","0","0","","79.39898","0.368163","-2.150138","2488.449196","60.476296","8:00","5.24007","1.88077","5.40216","-52.58503","-7.25496","-15.31072","1.20322","-1.41083","73.07337","-9.155263","-4.874055","0.484579",,,,,,,,,,,,"7.0863","-3.34614","-1.67803","50.0","5.23591","4.93273","-115.24139","-1.0952","9.47681","22.52451","-36.649","MIZ_TIG","NOR_BIS","TaylorStadium","D1","SEC","20260227-TaylorStadium-1","2abbe4f0-1442-11f1-8b2a-372dde908e8b","77.7839",,,"6.3256",,,,,,,"1b302c73-8876-476a-9477-a2ba524ff780","2026-02-28","01:09:43.58","2026-02-27T19:09:43.5863552-06:00","2026-02-28T01:09:43.5863552Z","","v3","4806","471388","9d219402a542450a8ca9d307da9f26b3","Freiter, Bennett","1000119083","Right","NOR_BIS","beef2759-ddba-471a-aa7f-ff1a17878e33","55.09988","-116.23391","11.26225","5.24858","0.51971","-18.3245","-1.88619","4.51514","4.73841",,,,,,,,,,,,,,,,,,,,,,,,,,,,,,,,,,,,,,,,,,,,,,,,,,,"High","High","High","","","","","",,,,,,,,,,,,,,,,,,,,,,,,,,,,,,,,,,,"2026","02","27"
"121","2026-02-27","19:10:03.26","4","3","Puetz, Parker","1000213729","Right","NOR_BIS","Patterson, Christopher","1000080435","Left","MIZ_TIG","Undefined","4","Bottom","1","2","0","Slider","Curveball","StrikeCalled","Undefined","Undefined","Undefined","0","0","","79.34811","1.540933","-0.980549","2622.176009","63.840867","8:15","5.29573","1.85624","5.44488","-53.78042","-8.19701","-19.78513","2.25735","-0.71069","72.35263","-8.25095","-4.504198","0.485931",,,,,,,,,,,,"9.59875","-4.09351","-1.75582","50.0","5.39517","2.77126","-115.12766","1.2091","12.72475","23.8225","-37.60069","MIZ_TIG","NOR_BIS","TaylorStadium","D1","SEC","20260227-TaylorStadium-1","366fce10-1442-11f1-8b2a-372dde908e8b","77.56745",,,"6.99548",,,,,,,"1b302c73-8876-476a-9477-a2ba524ff780","2026-02-28","01:10:03.26","2026-02-27T19:10:03.2687616-06:00","2026-02-28T01:10:03.2687616Z","","v3","4806","471388","9d219402a542450a8ca9d307da9f26b3","Freiter, Bennett","1000119083","Right","NOR_BIS","fc8fc9ec-2d5e-4553-9144-b0245d5d8e46","55.05641","-116.16923","11.91125","5.30636","2.85309","-18.80035","-1.86482","2.21491","6.36238",,,,,,,,,,,,,,,,,,,,,,,,,,,,,,,,,,,,,,,,,,,,,,,,,,,"High","High","High","","","","","",,,,,,,,,,,,,,,,,,,,,,,,,,,,,,,,,,,"2026","02","27"
"122","2026-02-27","19:10:22.78","4","4","Puetz, Parker","1000213729","Right","NOR_BIS","Patterson, Christopher","1000080435","Left","MIZ_TIG","Undefined","4","Bottom","1","2","1","Slider","Curveball","InPlay","Undefined","GroundBall","Single","0","1","","79.29999","0.953651","-1.061274","2647.711356","61.509069","8:00","5.29128","1.90457","5.41948","-54.6007","-8.85674","-19.17214","1.63477","-0.68735","72.32776","-8.96972","-4.476828","0.486786","68.63079","-2.119371","-21.969826",,,,,"27.29772","26.63059","-19.413885","0.249838","9.39217","-4.4137","-1.79624","50.0","5.33754","2.88204","-115.0748","0.02504","12.40916","24.27986","-38.00552","MIZ_TIG","NOR_BIS","TaylorStadium","D1","SEC","20260227-TaylorStadium-1","421426d0-1442-11f1-8b2a-372dde908e8b","77.43121","1.95769",,"6.97223",,,,"3.08532","1.95769","0.52074","1b302c73-8876-476a-9477-a2ba524ff780","2026-02-28","01:10:22.78","2026-02-27T19:10:22.7838976-06:00","2026-02-28T01:10:22.7838976Z","GroundBall","v3","4806","471388","9d219402a542450a8ca9d307da9f26b3","Freiter, Bennett","1000119083","Right","NOR_BIS","ef32205b-0542-466a-9d54-5972d601b8c5","55.08302","-116.14233","12.13993","5.2997","1.69604","-19.00276","-1.91096","2.33644","6.20458","81.950981","3.0859","93.25433","-10.2424",,,,,,,"1.95838","-3.7592","-16.34288",,,,,,,"0.5213","-37.66171","-2.9796",,,,,,,,,,,,,,,,,,,,,,,,,,,,,"High","High","High","High","High","","","",,,,,,,,,,,,,,,,,,,,,,,,,,,,,,,,"72.98864","19.1237","-10.61733","2026","02","27"
"123","2026-02-27","19:13:38.82","5","1","Puetz, Parker","1000213729","Right","NOR_BIS","Frost, Isaiah","801981","Left","MIZ_TIG","Undefined","4","Bottom","1","0","0","Cutter","Slider","BallCalled","Undefined","Undefined","Undefined","0","0","","83.98598","2.2109","-0.008015","2481.833782","152.454576","11:00","5.21299","1.97261","5.25267","-34.43116","5.94839","-2.48126","4.42221","1.75831","77.02536","-4.098259","-0.447886","0.457354",,,,,,,,,,,,"1.23098","2.7824","-1.96999","50.0","5.39047","0.12501","-121.88289","3.45743","1.86332","22.55007","-27.96234","MIZ_TIG","NOR_BIS","TaylorStadium","D1","SEC","20260227-TaylorStadium-1","b6f91410-1442-11f1-8b2a-372dde908e8b","82.4142",,,"6.96063",,,,,,,"1b302c73-8876-476a-9477-a2ba524ff780","2026-02-28","01:13:38.82","2026-02-27T19:13:38.8229120-06:00","2026-02-28T01:13:38.8229120Z","","v3","4806","471388","9d219402a542450a8ca9d307da9f26b3","Freiter, Bennett","1000119083","Right","NOR_BIS","c81996c9-f6f2-4b17-8d72-6019c2491421","55.24551","-122.84955","11.27504","5.21657","4.65611","-13.98117","-1.97364","0.04513","0.93166",,,,,,,,,,,,,,,,,,,,,,,,,,,,,,,,,,,,,,,,,,,,,,,,,,,"High","High","High","","","","","",,,,,,,,,,,,,,,,,,,,,,,,,,,,,,,,,,,"2026","02","27"
"124","2026-02-27","19:13:57.22","5","2","Puetz, Parker","1000213729","Right","NOR_BIS","Frost, Isaiah","801981","Left","MIZ_TIG","Undefined","4","Bottom","1","1","0","Cutter","Slider","InPlay","Undefined","GroundBall","FieldersChoice","1","0","","85.08868","-0.591728","-1.722697","2484.941642","121.974124","10:00","5.22277","1.93778","5.32278","-34.68006","4.63268","-5.51457","1.7772","-0.13887","78.3108","-6.919841","-2.702132","0.451272","72.17717","-54.109807","57.583663",,,,,"2.48399","2.48399","29.572077","0.020745","2.32177","2.81461","-1.77765","50.0","5.14404","3.94759","-123.53278","-2.53412","3.5969","24.02219","-27.81368","MIZ_TIG","NOR_BIS","TaylorStadium","D1","SEC","20260227-TaylorStadium-1","c1ee4110-1442-11f1-8b2a-372dde908e8b","83.52492","1.7835",,"6.77788",,,,"1.46858","1.7835","0.13642","1b302c73-8876-476a-9477-a2ba524ff780","2026-02-28","01:13:57.22","2026-02-27T19:13:57.2208640-06:00","2026-02-28T01:13:57.2208640Z","GroundBall","v3","4806","471388","9d219402a542450a8ca9d307da9f26b3","Freiter, Bennett","1000119083","Right","NOR_BIS","4275bbf0-185d-49f4-abbc-1ca46d3eb35f","55.17763","-124.53555","12.0111","5.22559","-1.37308","-13.90684","-1.9393","3.79745","1.79845",,"1.4683","33.35003",,,,,,,,"1.78422","-85.97399",,,,,,,,"0.13599","52.51813",,,,,,,,,,,,,,,,,,,,,,,,,,,,,,"High","High","High","Estimated","Estimated","","","",,,,,,,,,,,,,,,,,,,,,,,,,,,,,,,,,,,"2026","02","27"
"125","2026-02-27","19:14:46.39","6","1","Puetz, Parker","1000213729","Right","NOR_BIS","Woita, Jase","831805","Left","MIZ_TIG","Undefined","4","Bottom","2","0","0","ChangeUp","Changeup","BallCalled","Undefined","Undefined","Undefined","0","0","","84.38179","1.07311","-2.659796","1977.838089","255.036667","2:30","5.1523","1.8854","5.63785","-33.44647","6.25559","18.65804","3.36742","0.95707","76.97623","-5.110087","0.670281","0.453501",,,,,,,,,,,,"-10.13461","3.275","-1.67103","50.0","5.22244","4.89955","-122.41806","1.14865","-15.3613","24.43099","-27.21003","MIZ_TIG","NOR_BIS","TaylorStadium","D1","SEC","20260227-TaylorStadium-1","df40d0c0-1442-11f1-8b2a-372dde908e8b","83.11442",,,"7.40555",,,,,,,"1b302c73-8876-476a-9477-a2ba524ff780","2026-02-28","01:14:46.39","2026-02-27T19:14:46.3927296-06:00","2026-02-28T01:14:46.3927296Z","","v3","4806","471388","9d219402a542450a8ca9d307da9f26b3","Freiter, Bennett","1000119083","Right","NOR_BIS","79b85787-ea35-4c2a-9933-9527924dfae2","54.86108","-123.38437","12.2155","5.15572","2.22488","-13.60502","-1.87684","5.50714","-7.68065",,,,,,,,,,,,,,,,,,,,,,,,,,,,,,,,,,,,,,,,,,,,,,,,,,,"High","High","High","","","","","",,,,,,,,,,,,,,,,,,,,,,,,,,,,,,,,,,,"2026","02","27"
"126","2026-02-27","19:15:04.37","6","2","Puetz, Parker","1000213729","Right","NOR_BIS","Woita, Jase","831805","Left","MIZ_TIG","Undefined","4","Bottom","2","1","0","Slider","Curveball","BallCalled","Undefined","Undefined","Undefined","0","0","","78.20135","2.648503","1.048147","2665.568498","59.106502","8:00","5.24055","1.96243","5.21782","-56.76306","-9.50528","-18.51832","3.00275","1.40487","71.19198","-7.656083","-2.236509","0.494775",,,,,,,,,,,,"9.48945","-4.99536","-2.04494","50.0","5.44277","-1.31157","-113.37873","3.20821","12.24319","22.43755","-38.619","MIZ_TIG","NOR_BIS","TaylorStadium","D1","SEC","20260227-TaylorStadium-1","ea1640c0-1442-11f1-8b2a-372dde908e8b","76.1809",,,"7.00938",,,,,,,"1b302c73-8876-476a-9477-a2ba524ff780","2026-02-28","01:15:04.37","2026-02-27T19:15:04.3753984-06:00","2026-02-28T01:15:04.3753984Z","","v3","4806","471388","9d219402a542450a8ca9d307da9f26b3","Freiter, Bennett","1000119083","Right","NOR_BIS","da60c484-c3f1-4c67-bad5-bd96e0e1b67e","55.28392","-114.41963","11.21877","5.25238","4.99979","-19.3095","-1.97092","-1.87954","6.12159",,,,,,,,,,,,,,,,,,,,,,,,,,,,,,,,,,,,,,,,,,,,,,,,,,,"High","High","High","","","","","",,,,,,,,,,,,,,,,,,,,,,,,,,,,,,,,,,,"2026","02","27"
"127","2026-02-27","19:15:22.36","6","3","Puetz, Parker","1000213729","Right","NOR_BIS","Woita, Jase","831805","Left","MIZ_TIG","Undefined","4","Bottom","2","2","0","Cutter","Slider","StrikeCalled","Undefined","Undefined","Undefined","0","0","","86.18859","0.972855","-1.651771","2420.181403","139.369332","10:45","5.18243","1.90115","5.47179","-31.64584","6.37634","-4.50819","3.45616","-0.02072","79.1956","-4.845367","-2.453901","0.443803",,,,,,,,,,,,"1.82681","3.3261","-1.75286","50.0","5.24652","3.80471","-125.13966","0.98989","2.91346","23.89445","-26.86943","MIZ_TIG","NOR_BIS","TaylorStadium","D1","SEC","20260227-TaylorStadium-1","f49c3130-1442-11f1-8b2a-372dde908e8b","84.93063",,,"6.99299",,,,,,,"1b302c73-8876-476a-9477-a2ba524ff780","2026-02-28","01:15:22.36","2026-02-27T19:15:22.3676416-06:00","2026-02-28T01:15:22.3676416Z","","v3","4806","471388","9d219402a542450a8ca9d307da9f26b3","Freiter, Bennett","1000119083","Right","NOR_BIS","1368f448-e0dc-4ae0-a0a3-9c82f3e21469","55.02641","-126.09577","11.94722","5.1854","2.06503","-13.43471","-1.90277","3.68813","1.45673",,,,,,,,,,,,,,,,,,,,,,,,,,,,,,,,,,,,,,,,,,,,,,,,,,,"High","High","High","","","","","",,,,,,,,,,,,,,,,,,,,,,,,,,,,,,,,,,,"2026","02","27"
"128","2026-02-27","19:15:45.39","6","4","Puetz, Parker","1000213729","Right","NOR_BIS","Woita, Jase","831805","Left","MIZ_TIG","Undefined","4","Bottom","2","2","1","Slider","Curveball","StrikeCalled","Undefined","Undefined","Undefined","0","0","","78.91091","2.975334","0.049266","2626.745498","63.47534","8:00","5.1783","1.83921","5.2627","-55.77015","-9.18174","-21.62568","3.32854","0.08335","71.47231","-7.173199","-3.787064","0.491259",,,,,,,,,,,,"10.7054","-4.94315","-1.82755","50.0","5.41015","0.80625","-114.33702","3.92971","13.96832","23.9019","-38.62382","MIZ_TIG","NOR_BIS","TaylorStadium","D1","SEC","20260227-TaylorStadium-1","025f2430-1443-11f1-8b2a-372dde908e8b","76.72624",,,"7.4386",,,,,,,"1b302c73-8876-476a-9477-a2ba524ff780","2026-02-28","01:15:45.39","2026-02-27T19:15:45.3915136-06:00","2026-02-28T01:15:45.3915136Z","","v3","4806","471388","9d219402a542450a8ca9d307da9f26b3","Freiter, Bennett","1000119083","Right","NOR_BIS","d94c1cc5-1c5b-4cc3-a5d9-263a567cf317","55.23825","-115.42687","11.95095","5.19082","5.69083","-19.31191","-1.84979","0.16934","6.98416",,,,,,,,,,,,,,,,,,,,,,,,,,,,,,,,,,,,,,,,,,,,,,,,,,,"High","High","High","","","","","",,,,,,,,,,,,,,,,,,,,,,,,,,,,,,,,,,,"2026","02","27"
"129","2026-02-27","19:16:03.25","6","5","Puetz, Parker","1000213729","Right","NOR_BIS","Woita, Jase","831805","Left","MIZ_TIG","Undefined","4","Bottom","2","2","2","Fastball","Sinker","InPlay","Undefined","LineDrive","Single","0","2","","91.67019","-1.316955","-3.483869","2385.007976","234.576335","1:45","5.19755","1.84523","5.81962","-20.01166","13.50961","17.43217","2.30299","0.05479","83.43599","-5.083257","-0.365172","0.416708","100.88061","8.917496","2.651578","1219.220707","109.97549","13.86752","2.30309","250.10346","250.10346","-0.484381","2.24243","-9.97111","7.61343","-1.57062","50.0","5.07783","7.34034","-132.91198","-3.71813","-17.76815","29.50751","-18.60719","MIZ_TIG","NOR_BIS","TaylorStadium","D1","SEC","20260227-TaylorStadium-1","0cf36c80-1443-11f1-8b2a-372dde908e8b","90.4529","14.4156",,"8.2342",,,,"1.69117","2.30145","-0.0683","1b302c73-8876-476a-9477-a2ba524ff780","2026-02-28","01:16:03.25","2026-02-27T19:16:03.2551936-06:00","2026-02-28T01:16:03.2551936Z","LineDrive","v3","4806","471388","9d219402a542450a8ca9d307da9f26b3","Freiter, Bennett","1000119083","Right","NOR_BIS","f26782f5-a84e-42e1-a37d-b878e3899686","54.68075","-133.94711","14.75376","5.19682","-3.06539","-9.3036","-1.83906","7.96365","-8.88407","150.934153","1.69118","146.01297","-22.35248","4.28637","-0.84778","0.15938","-0.02637","0.00323","-1.9E-4","2.30145","22.93546","-10.83291","-0.13729","0.13491","-0.02548","9.6E-4","0.00114","-2.0E-4","-0.06829","6.76191","-5.94713","1.83403","-0.4769","0.09752","-0.01276","3.7E-4","9.0E-5",,,,,,,,,,,,,,,,,,,,,,,"High","High","High","High","High","","","",,,,,,,,,,,,,,,,,,,,,,,,,,,,,,,,,,,"2026","02","27"
"130","2026-02-27","19:16:56.54","7","1","Puetz, Parker","1000213729","Right","NOR_BIS","Macon, Tyler","823527","Right","MIZ_TIG","Undefined","4","Bottom","2","0","0","Slider","Curveball","StrikeCalled","Undefined","Undefined","Undefined","0","0","","78.16154","2.319061","0.173685","2576.199595","58.742382","8:00","5.3177","1.70899","5.43626","-56.23621","-9.23414","-17.83084","2.80421","0.38574","71.1021","-7.932319","-3.00274","0.493435",,,,,,,,,,,,"8.95091","-4.80114","-1.71195","50.0","5.48455","0.37467","-113.37056","2.63113","11.51306","22.99211","-38.34951","MIZ_TIG","NOR_BIS","TaylorStadium","D1","SEC","20260227-TaylorStadium-1","2cbf1280-1443-11f1-8b2a-372dde908e8b","76.38783",,,"7.05944",,,,,,,"1b302c73-8876-476a-9477-a2ba524ff780","2026-02-28","01:16:56.54","2026-02-27T19:16:56.5460480-06:00","2026-02-28T01:16:56.5460480Z","","v3","4806","471388","9d219402a542450a8ca9d307da9f26b3","Freiter, Bennett","1000119083","Right","NOR_BIS","20dbb762-ff74-49fc-b9cf-cfa1a7eea4ec","55.06487","-114.39313","11.49606","5.3296","4.33671","-19.17475","-1.71723","-0.13738","5.75653",,,,,,,,,,,,,,,,,,,,,,,,,,,,,,,,,,,,,,,,,,,,,,,,,,,"High","High","High","","","","","",,,,,,,,,,,,,,,,,,,,,,,,,,,,,,,,,,,"2026","02","27"
"131","2026-02-27","19:17:12.89","7","2","Puetz, Parker","1000213729","Right","NOR_BIS","Macon, Tyler","823527","Right","MIZ_TIG","Undefined","4","Bottom","2","0","1","Cutter","Slider","BallCalled","Undefined","Undefined","Undefined","0","0","","84.23673","2.004516","-1.414848","2474.744484","117.943205","10:00","5.19362","1.84041","5.1431","-36.50549","3.79516","-4.93079","4.04021","0.09708","77.37682","-4.651513","-2.286678","0.456907",,,,,,,,,,,,"2.0837","1.73725","-1.70397","50.0","5.35328","3.23429","-122.23198","2.92048","3.17269","22.6434","-29.5289","MIZ_TIG","NOR_BIS","TaylorStadium","D1","SEC","20260227-TaylorStadium-1","369ab930-1443-11f1-8b2a-372dde908e8b","82.49484",,,"6.85991",,,,,,,"1b302c73-8876-476a-9477-a2ba524ff780","2026-02-28","01:17:12.89","2026-02-27T19:17:12.8912384-06:00","2026-02-28T01:17:12.8912384Z","","v3","4806","471388","9d219402a542450a8ca9d307da9f26b3","Freiter, Bennett","1000119083","Right","NOR_BIS","998eaa9d-c064-4d1b-96a8-07fd4d954239","55.35619","-123.22021","11.3217","5.1977","4.20922","-14.76445","-1.8421","3.09583","1.58635",,,,,,,,,,,,,,,,,,,,,,,,,,,,,,,,,,,,,,,,,,,,,,,,,,,"High","High","High","","","","","",,,,,,,,,,,,,,,,,,,,,,,,,,,,,,,,,,,"2026","02","27"
"132","2026-02-27","19:17:30.31","7","3","Puetz, Parker","1000213729","Right","NOR_BIS","Macon, Tyler","823527","Right","MIZ_TIG","Undefined","4","Bottom","2","1","1","Cutter","Slider","BallCalled","Undefined","Undefined","Undefined","0","0","","84.25819","0.270214","-2.948563","2471.695907","115.788054","9:45","5.16573","1.91811","5.34147","-35.77159","4.52646","-6.75544","2.43859","-1.41332","77.17769","-6.269663","-4.14584","0.456892",,,,,,,,,,,,"2.54008","2.60736","-1.64714","50.0","5.16473","6.58324","-122.14099","-0.71581","3.83339","24.27592","-28.23908","MIZ_TIG","NOR_BIS","TaylorStadium","D1","SEC","20260227-TaylorStadium-1","40ef1250-1443-11f1-8b2a-372dde908e8b","82.49748",,,"7.08049",,,,,,,"1b302c73-8876-476a-9477-a2ba524ff780","2026-02-28","01:17:30.31","2026-02-27T19:17:30.3139840-06:00","2026-02-28T01:17:30.3139840Z","","v3","4806","471388","9d219402a542450a8ca9d307da9f26b3","Freiter, Bennett","1000119083","Right","NOR_BIS","54c523f0-2824-4c4a-aa59-70395b13124a","55.15624","-123.16155","12.13796","5.16987","0.47135","-14.11954","-1.92051","6.42208","1.9167",,,,,,,,,,,,,,,,,,,,,,,,,,,,,,,,,,,,,,,,,,,,,,,,,,,"High","High","High","","","","","",,,,,,,,,,,,,,,,,,,,,,,,,,,,,,,,,,,"2026","02","27"
"133","2026-02-27","19:17:48.12","7","4","Puetz, Parker","1000213729","Right","NOR_BIS","Macon, Tyler","823527","Right","MIZ_TIG","Undefined","4","Bottom","2","2","1","Fastball","Four-Seam","StrikeSwinging","Undefined","Undefined","Undefined","0","0","","90.07519","-0.506097","-4.035393","2333.344625","222.46613","1:30","5.36685","1.72788","6.06006","-17.97883","16.46981","14.02855","3.39902","-0.84423","81.83524","-3.934602","-1.518349","0.422433",,,,,,,,,,,,"-8.31662","8.94229","-1.42119","50.0","5.31771","8.60506","-130.53153","-1.67348","-14.30119","28.32823","-16.79696","MIZ_TIG","NOR_BIS","TaylorStadium","D1","SEC","20260227-TaylorStadium-1","4b75c610-1443-11f1-8b2a-372dde908e8b","89.22709",,,"8.23995",,,,,,,"1b302c73-8876-476a-9477-a2ba524ff780","2026-02-28","01:17:48.12","2026-02-27T19:17:48.1210880-06:00","2026-02-28T01:17:48.1210880Z","","v3","4806","471388","9d219402a542450a8ca9d307da9f26b3","Freiter, Bennett","1000119083","Right","NOR_BIS","975c9f35-0f49-439b-a53c-67d64425ec8d","54.43713","-131.49096","14.16411","5.36476","-1.10459","-8.39848","-1.72083","9.08942","-7.1506",,,,,,,,,,,,,,,,,,,,,,,,,,,,,,,,,,,,,,,,,,,,,,,,,,,"High","High","High","","","","","",,,,,,,,,,,,,,,,,,,,,,,,,,,,,,,,,,,"2026","02","27"
"134","2026-02-27","19:18:09.53","7","5","Puetz, Parker","1000213729","Right","NOR_BIS","Macon, Tyler","823527","Right","MIZ_TIG","Undefined","4","Bottom","2","2","2","Cutter","Slider","FoulBallNotFieldable","Undefined","Undefined","Undefined","0","0","","85.27389","0.785274","-1.756566","2483.433958","112.71404","9:45","5.20917","1.9063","5.32731","-35.0973","4.1854","-7.06693","3.02164","-0.33139","78.02347","-5.641785","-3.010693","0.451099","84.15685","52.597911","45.574118","5224.874223","61.42202","115.48141","91.25399","236.72303","97.33665","62.182587","5.58478","3.06669","2.22504","-1.7421","50.0","5.25487","4.09658","-123.74079","0.41984","4.74932","24.95894","-28.72819","MIZ_TIG","NOR_BIS","TaylorStadium","D1","SEC","20260227-TaylorStadium-1","5877b300-1443-11f1-8b2a-372dde908e8b","83.55688","120.70169",,"7.25042",,,,"0.55789","2.96137","0.33442","1b302c73-8876-476a-9477-a2ba524ff780","2026-02-28","01:18:09.53","2026-02-27T19:18:09.5307264-06:00","2026-02-28T01:18:09.5307264Z","FlyBall","v3","4806","471388","9d219402a542450a8ca9d307da9f26b3","Freiter, Bennett","1000119083","Right","NOR_BIS","9d613911-b43c-4eb8-bbde-c034fbc63dbc","55.17233","-124.77971","12.47947","5.21251","1.61565","-14.36409","-1.9085","3.89889","2.37466",,"0.56984","52.21757","-17.3284","3.29985","0.62149","-0.60395","0.16403","-0.02012","9.4E-4","2.94525","98.32004","-25.51146","3.54782","-1.10922","0.2759","-0.03727","0.00207","-2.0E-5","0.33101","53.59326","-5.9236","1.04988","-0.18781","0.03035","-0.00268","0.0","1.0E-5",,,,,,,,,,,,,,,,,,,,,,,"High","High","High","High","Low","","","",,,,,,,,,,,,,,,,,,,,,,,,,,,,,,,,,,,"2026","02","27"
"135","2026-02-27","19:18:36.06","7","6","Puetz, Parker","1000213729","Right","NOR_BIS","Macon, Tyler","823527","Right","MIZ_TIG","Undefined","4","Bottom","2","2","2","Fastball","Four-Seam","InPlay","Undefined","LineDrive","Triple","0","1","","91.12162","-0.177054","-3.411166","2253.696033","217.957217","1:15","5.33651","1.60876","5.94506","-17.84225","16.2919","11.74308","3.68513","-0.58045","81.91658","-3.594938","-1.306823","0.4205","88.8512","26.495185","28.614964","4537.988024","91.0994","46.71747","61.65041","308.02002","242.09075","41.573662","3.999286","-7.08288","8.74878","-1.34328","50.0","5.31246","7.34898","-131.9743","-0.93386","-12.30532","32.00091","-16.97451","MIZ_TIG","NOR_BIS","TaylorStadium","D1","SEC","20260227-TaylorStadium-1","68289350-1443-11f1-8b2a-372dde908e8b","89.63718","54.07999",,"9.20504",,,,"-0.11344","3.65938","0.55208","1b302c73-8876-476a-9477-a2ba524ff780","2026-02-28","01:18:36.06","2026-02-27T19:18:36.0670208-06:00","2026-02-28T01:18:36.0670208Z","LineDrive","v3","4806","471388","9d219402a542450a8ca9d307da9f26b3","Freiter, Bennett","1000119083","Right","NOR_BIS","8cd5b082-90d2-4cb8-8f18-2b99a9d4caf0","54.55105","-133.07326","16.00045","5.33452","-0.35094","-8.48726","-1.60292","7.77157","-6.15266",,"-0.11343","102.38584","-23.35363","6.09512","-1.51813","0.3927","-0.09852","0.0165","-0.00115","3.6602","58.1111","-18.2621","0.54149","0.48722","-0.30797","0.0995","-0.01578","9.6E-4","0.55232","55.85026","0.61656","-1.6662","0.68936","-0.1905","0.03562","-0.00354","1.2E-4",,,,,,,,,,,,,,,,,,,,,,,"High","High","High","High","Medium","","","",,,,,,,,,,,,,,,,,,,,,,,,,,,,,,,,,,,"2026","02","27"
"136","2026-02-27","19:22:13.94","8","1","Shupe, Garrett","10013518","Right","NOR_BIS","Serna, Mateo","806219","Left","MIZ_TIG","Undefined","4","Bottom","2","0","0","Fastball","Four-Seam","FoulBallNotFieldable","Undefined","Undefined","Undefined","0","0","","88.81642","-1.250844","-3.59245","2268.787045","216.629117","1:15","5.37061","3.11511","6.30741","-20.1258","15.1043","10.32768","2.53869","0.66191","80.52482","-5.088007","-1.729167","0.427197","84.11465","60.44129","-63.290561","4868.819764",,,,,"70.59962",,,"-6.49217","8.59945","-2.85632","50.0","5.26907","7.67741","-128.7734","-3.38635","-10.80109","29.03833","-17.86705","MIZ_TIG","NOR_BIS","TaylorStadium","D1","SEC","20260227-TaylorStadium-1","e9e72500-1443-11f1-8b2a-372dde908e8b","88.23194","102.28378",,"8.29161",,,,"2.62023","2.64483","-0.69869","1b302c73-8876-476a-9477-a2ba524ff780","2026-02-28","01:22:13.94","2026-02-27T19:22:13.9401216-06:00","2026-02-28T01:22:13.9401216Z","","v3","4806","471388","9d219402a542450a8ca9d307da9f26b3","Freiter, Bennett","1000119083","Right","NOR_BIS","b9244ecd-6ca3-4552-a1a2-6b079b76c17d","54.1914","-129.71511","14.51916","5.36949","-2.80692","-8.93353","-3.11098","8.02769","-5.40054",,"2.62024","27.35163","-11.36586","2.65247","0.76783","-1.75211","1.34158","-0.52928","0.08677","2.64483","107.31191","-28.06199","3.61136","-0.91851","0.38628","-0.20695","0.07478","-0.01194","-0.69869","-54.36606","4.40037","-0.76301","0.47217","-0.52403","0.37434","-0.14572","0.02384",,,,,,,,,,,,,,,,,,,,,,,"High","High","High","Medium","Undefined","","","",,,,,,,,,,,,,,,,,,,,,,,,,,,,,,,,"77.12614","16.79801","0.04129","2026","02","27"
"137","2026-02-27","19:22:41.63","8","2","Shupe, Garrett","10013518","Right","NOR_BIS","Serna, Mateo","806219","Left","MIZ_TIG","Undefined","4","Bottom","2","0","1","ChangeUp","Changeup","InPlay","Undefined","FlyBall","Out","1","0","","83.39571","0.271581","-3.650592","1586.719954","250.308699","2:15","5.05707","3.17118","6.48342","-32.86754","6.83981","15.29241","2.56797","1.08917","75.61984","-5.912948","-0.880659","0.453531","77.48098","27.720433","5.009317","1646.763622","109.61534","44.48966","9.18854","274.92546","268.13447","6.094777","3.756959","-9.14697","3.88906","-2.92084","50.0","5.06182","7.16075","-120.97703","-0.37331","-13.41368","25.90933","-26.47089","MIZ_TIG","NOR_BIS","TaylorStadium","D1","SEC","20260227-TaylorStadium-1","fa9502f0-1443-11f1-8b2a-372dde908e8b","83.10887","48.64866",,"7.77587",,,,"1.93791","2.64844","-1.09985","1b302c73-8876-476a-9477-a2ba524ff780","2026-02-28","01:22:41.63","2026-02-27T19:22:41.6381952-06:00","2026-02-28T01:22:41.6381952Z","LineDrive","v3","4806","471388","9d219402a542450a8ca9d307da9f26b3","Freiter, Bennett","1000119083","Right","NOR_BIS","a6787682-c64b-4584-8672-59ce5fef9af4","54.01584","-121.83406","12.95466","5.05969","0.50229","-13.23545","-3.16504","7.60445","-6.70684","184.900771","1.93757","100.22276","-14.35487","3.3713","-0.81324","0.23303","-0.06032","0.00956","-6.3E-4","2.64891","52.8453","-16.23373","0.57903","0.14157","-0.13576","0.04682","-0.00749","4.6E-4","-1.09982","8.78301","-0.62563","0.20255","-0.03619","0.00289","6.7E-4","-1.8E-4","1.0E-5",,,,,,,,,,,,,,,,,,,,,,,"High","High","High","High","High","","","",,,,,,,,,,,,,,,,,,,,,,,,,,,,,,,,"72.10643","22.18819","12.37418","2026","02","27"
"153","2026-02-27","19:32:21.62","1","1","Shupe, Garrett","10013518","Right","NOR_BIS","Parker, Sam","806179","Left","MIZ_TIG","Undefined","5","Bottom","0","0","0","Fastball","Four-Seam","InPlay","Undefined","FlyBall","Double","0","0","","88.4159","-0.933235","-3.450699","2397.193132","219.205735","1:15","5.27385","2.98066","6.27921","-19.15584","16.44013","12.40446","2.8157","0.8299","80.04453","-4.601585","-1.213391","0.429409","100.63581","23.303748","0.591697","2409.320979","109.98642","45.7064","-1.69734","376.00204","376.00204","-2.296217","4.688131","-7.55028","9.20178","-2.73175","50.0","5.19556","7.24464","-128.21942","-2.62155","-12.4416","29.02509","-17.01102","MIZ_TIG","NOR_BIS","TaylorStadium","D1","SEC","20260227-TaylorStadium-1","54170610-1445-11f1-8b2a-372dde908e8b","87.77738","67.69935",,"8.37136",,,,"2.53244","2.89836","-0.84931","1b302c73-8876-476a-9477-a2ba524ff780","2026-02-28","01:32:21.62","2026-02-27T19:32:21.6211456-06:00","2026-02-28T01:32:21.6211456Z","FlyBall","v3","4806","471388","9d219402a542450a8ca9d307da9f26b3","Freiter, Bennett","1000119083","Right","NOR_BIS","10aaba7d-3d8b-4113-8f14-91ab9c0f1534","54.21996","-129.17117","14.51255","5.27238","-2.06375","-8.50551","-2.97599","7.6526","-6.2208","167.683013","2.53233","135.55067","-26.25388","6.09017","-1.26873","0.25731","-0.0456","0.00534","-2.8E-4","2.8995","58.36762","-13.14299","-0.37332","0.38116","-0.16813","0.04369","-0.00571","2.9E-4","-0.84897","1.39091","-3.3191","1.09666","-0.23898","0.04192","-0.00611","6.6E-4","-4.0E-5",,,,,,,,,,,,,,,,,,,,,,,"High","High","High","High","High","","","",,,,,,,,,,,,,,,,,,,,,,,,,,,,,,,,,,,"2026","02","27"
"154","2026-02-27","19:33:09.86","2","1","Shupe, Garrett","10013518","Right","NOR_BIS","Ward, Blaize","1000263242","Left","MIZ_TIG","Undefined","5","Bottom","0","0","0","Fastball","Four-Seam","StrikeCalled","Undefined","Undefined","Undefined","0","0","","87.77099","-1.329223","-3.223603","2267.586414","217.914904","1:15","5.27129","3.12373","6.33797","-20.82296","14.83812","10.68528","2.31007","1.04306","80.3726","-5.275797","-1.293295","0.429802",,,,,,,,,,,,"-6.41689","8.42575","-2.89356","50.0","5.16438","6.75278","-127.40222","-3.54918","-10.56562","25.73493","-18.30078","MIZ_TIG","NOR_BIS","TaylorStadium","D1","SEC","20260227-TaylorStadium-1","70ee7250-1445-11f1-8b2a-372dde908e8b","87.69714",,,"7.39839",,,,,,,"1b302c73-8876-476a-9477-a2ba524ff780","2026-02-28","01:33:09.86","2026-02-27T19:33:09.8693632-06:00","2026-02-28T01:33:09.8693632Z","","v3","4806","471388","9d219402a542450a8ca9d307da9f26b3","Freiter, Bennett","1000119083","Right","NOR_BIS","cb7468f2-453b-4e21-93ab-14ae7651c583","54.16039","-128.23985","12.86747","5.2702","-2.95352","-9.15039","-3.11895","7.09668","-5.28281",,,,,,,,,,,,,,,,,,,,,,,,,,,,,,,,,,,,,,,,,,,,,,,,,,,"High","High","High","","","","","",,,,,,,,,,,,,,,,,,,,,,,,,,,,,,,,,,,"2026","02","27"
"155","2026-02-27","19:33:30.15","2","2","Shupe, Garrett","10013518","Right","NOR_BIS","Ward, Blaize","1000263242","Left","MIZ_TIG","Undefined","5","Bottom","0","0","1","Fastball","Four-Seam","BallCalled","Undefined","Undefined","Undefined","0","0","","88.60552","-1.104073","-2.539461","2140.089157","216.255145","1:15","5.21643","3.37184","6.02037","-21.42033","14.25308","9.56713","2.40763","1.8154","80.47834","-5.153493","-0.819879","0.429877",,,,,,,,,,,,"-5.64118","8.00993","-3.17783","50.0","5.11824","5.2956","-128.52009","-3.13075","-9.3726","28.28552","-18.86581","MIZ_TIG","NOR_BIS","TaylorStadium","D1","SEC","20260227-TaylorStadium-1","7d11bf10-1445-11f1-8b2a-372dde908e8b","87.68201",,,"8.12718",,,,,,,"1b302c73-8876-476a-9477-a2ba524ff780","2026-02-28","01:33:30.15","2026-02-27T19:33:30.1580288-06:00","2026-02-28T01:33:30.1580288Z","","v3","4806","471388","9d219402a542450a8ca9d307da9f26b3","Freiter, Bennett","1000119083","Right","NOR_BIS","cc7b9665-25b3-4e85-93e5-99f66259ef0b","54.47633","-129.50152","14.14276","5.21551","-2.47616","-9.4329","-3.36721","5.6208","-4.6863",,,,,,,,,,,,,,,,,,,,,,,,,,,,,,,,,,,,,,,,,,,,,,,,,,,"High","High","High","","","","","",,,,,,,,,,,,,,,,,,,,,,,,,,,,,,,,,,,"2026","02","27"
"156","2026-02-27","19:33:49.67","2","3","Shupe, Garrett","10013518","Right","NOR_BIS","Ward, Blaize","1000263242","Left","MIZ_TIG","Undefined","5","Bottom","0","1","1","ChangeUp","Changeup","BallCalled","Undefined","Undefined","Undefined","0","0","","84.73275","-1.761569","-4.879639","1704.572811","248.624659","2:15","4.99983","3.21421","6.6118","-31.47726","6.76563","14.0293","0.75688","-0.09689","77.38929","-7.6624","-2.336841","0.445089",,,,,,,,,,,,"-8.85532","4.44563","-2.88714","50.0","4.86662","9.97885","-122.75167","-4.68741","-13.43672","25.55196","-25.42844","MIZ_TIG","NOR_BIS","TaylorStadium","D1","SEC","20260227-TaylorStadium-1","8896d000-1445-11f1-8b2a-372dde908e8b","84.68521",,,"7.34346",,,,,,,"1b302c73-8876-476a-9477-a2ba524ff780","2026-02-28","01:33:49.67","2026-02-27T19:33:49.6795648-06:00","2026-02-28T01:33:49.6795648Z","","v3","4806","471388","9d219402a542450a8ca9d307da9f26b3","Freiter, Bennett","1000119083","Right","NOR_BIS","bf904b12-e7c2-4558-8b0f-17229e4ad27d","53.88842","-123.55843","12.77598","5.00195","-3.88455","-12.71422","-3.2089","10.40309","-6.71836",,,,,,,,,,,,,,,,,,,,,,,,,,,,,,,,,,,,,,,,,,,,,,,,,,,"High","High","High","","","","","",,,,,,,,,,,,,,,,,,,,,,,,,,,,,,,,,,,"2026","02","27"
"157","2026-02-27","19:34:12.79","2","4","Shupe, Garrett","10013518","Right","NOR_BIS","Ward, Blaize","1000263242","Left","MIZ_TIG","Undefined","5","Bottom","0","2","1","ChangeUp","Changeup","InPlay","Undefined","FlyBall","Out","1","0","","84.24278","0.027917","-4.590728","1674.742595","249.325954","2:15","5.0206","3.21396","6.54595","-31.95462","6.84473","14.66706","2.3834","0.21715","76.56237","-5.982102","-1.936086","0.448315","91.39031","37.811766","14.378221","3302.836166","106.7307","79.33273","26.61854","348.36399","347.56087","14.286154","5.593958","-9.10599","3.95547","-2.90185","50.0","5.00893","9.27462","-122.11145","-0.85773","-13.64436","25.75849","-26.24718","MIZ_TIG","NOR_BIS","TaylorStadium","D1","SEC","20260227-TaylorStadium-1","96882600-1445-11f1-8b2a-372dde908e8b","84.07573","107.55851",,"7.68041",,,,"1.71782","2.49178","-0.21613","1b302c73-8876-476a-9477-a2ba524ff780","2026-02-28","01:34:12.79","2026-02-27T19:34:12.7991808-06:00","2026-02-28T01:34:12.7991808Z","FlyBall","v3","4806","471388","9d219402a542450a8ca9d307da9f26b3","Freiter, Bennett","1000119083","Right","NOR_BIS","ee32af68-d143-4d2b-b55f-6ed14a90145c","53.95391","-122.94267","12.87925","5.02295","-0.01074","-13.12359","-3.20824","9.71492","-6.82218","179.620945","1.72284","102.47943","-19.9158","4.32574","-0.4686","-0.03409","0.01833","-0.00217","9.0E-5","2.48937","82.21457","-17.98055","1.10335","-0.20889","0.01928","0.00491","-0.0013","8.0E-5","-0.21488","26.27107","-5.20153","1.15084","-0.12753","-0.00842","0.00486","-5.9E-4","2.0E-5",,,,,,,,,,,,,,,,,,,,,,,"High","High","High","High","High","","","",,,,,,,,,,,,,,,,,,,,,,,,,,,,,,,,,,,"2026","02","27"
"158","2026-02-27","19:34:55.80","3","1","Shupe, Garrett","10013518","Right","NOR_BIS","Benson, Cameron","813272","Left","MIZ_TIG","Undefined","5","Bottom","1","0","0","ChangeUp","Changeup","BallCalled","Undefined","Undefined","Undefined","0","0","","85.3065","-0.403882","-5.710218","1620.195993","253.380155","2:30","4.93841","3.17453","6.72109","-31.63214","5.97303","15.82989","1.93139","-0.74289","77.72246","-6.354248","-2.843249","0.441362",,,,,,,,,,,,"-9.97142","3.66595","-2.80115","50.0","4.89953","11.76771","-123.48701","-1.77586","-15.33284","25.54921","-26.53701","MIZ_TIG","NOR_BIS","TaylorStadium","D1","SEC","20260227-TaylorStadium-1","b00c96b0-1445-11f1-8b2a-372dde908e8b","85.40025",,,"7.58405",,,,,,,"1b302c73-8876-476a-9477-a2ba524ff780","2026-02-28","01:34:55.80","2026-02-27T19:34:55.8093824-06:00","2026-02-28T01:34:55.8093824Z","","v3","4806","471388","9d219402a542450a8ca9d307da9f26b3","Freiter, Bennett","1000119083","Right","NOR_BIS","9ed4bf10-49ad-442b-bad7-5acae2fe184d","53.77808","-124.26622","12.7746","4.94136","-0.96652","-13.2685","-3.16718","12.23534","-7.66642",,,,,,,,,,,,,,,,,,,,,,,,,,,,,,,,,,,,,,,,,,,,,,,,,,,"High","High","High","","","","","",,,,,,,,,,,,,,,,,,,,,,,,,,,,,,,,,,,"2026","02","27"
"159","2026-02-27","19:35:16.10","3","2","Shupe, Garrett","10013518","Right","NOR_BIS","Benson, Cameron","813272","Left","MIZ_TIG","Undefined","5","Bottom","1","1","0","ChangeUp","Changeup","StrikeCalled","Undefined","Undefined","Undefined","0","0","","83.70045","-0.39517","-5.036954","1834.187125","247.593163","2:15","5.04495","3.25139","6.44878","-31.70624","7.82556","15.6969","2.03829","-0.08029","76.0284","-6.350323","-2.203562","0.452527","96.21545","15.494324","50.555793","4338.821314","64.81538","19.75408","88.87613","223.41499","158.63669","59.963761","2.122596","-9.79186","4.58536","-2.90062","50.0","5.00263","10.1175","-121.22304","-1.7526","-14.44733","25.56753","-25.4086","MIZ_TIG","NOR_BIS","TaylorStadium","D1","SEC","20260227-TaylorStadium-1","bc32c9a0-1445-11f1-8b2a-372dde908e8b","83.29323","19.88868",,"7.67205",,,,"3.30716","2.26488","0.00924","1b302c73-8876-476a-9477-a2ba524ff780","2026-02-28","01:35:16.10","2026-02-27T19:35:16.1067520-06:00","2026-02-28T01:35:16.1067520Z","LineDrive","v3","4806","471388","9d219402a542450a8ca9d307da9f26b3","Freiter, Bennett","1000119083","Right","NOR_BIS","66f6cec0-e797-49da-94eb-963f0abbc24f","54.05143","-122.07455","12.78377","5.04691","-0.90638","-12.7043","-3.24559","10.59866","-7.22366",,"3.30718","86.39525","-22.93531","4.34007","-0.68852","-0.16505","0.18306","-0.06042","0.00738","2.26489","37.69764","-22.33992","2.68713","-0.45782","-0.00675","0.05647","-0.02036","0.00253","0.00924","105.01454","-5.71596","-0.74877","0.25222","0.01406","-0.06143","0.02359","-0.00309",,,,,,,,,,,,,,,,,,,,,,,"High","High","High","High","Medium","","","",,,,,,,,,,,,,,,,,,,,,,,,,,,,,,,,"78.91792","20.95004","29.86299","2026","02","27"
"160","2026-02-27","19:35:40.23","3","3","Shupe, Garrett","10013518","Right","NOR_BIS","Benson, Cameron","813272","Left","MIZ_TIG","Undefined","5","Bottom","1","1","1","ChangeUp","Changeup","BallCalled","Undefined","Undefined","Undefined","0","0","","84.22135","-0.081004","-3.933357","1865.422248","254.06133","2:30","4.97951","3.29057","6.43758","-32.70549","6.10839","16.9195","2.17944","1.08023","76.78594","-6.210418","-0.871976","0.448399",,,,,,,,,,,,"-9.94363","3.61418","-3.01768","50.0","4.95924","7.76462","-122.18375","-1.14662","-14.96688","25.04525","-26.73409","MIZ_TIG","NOR_BIS","TaylorStadium","D1","SEC","20260227-TaylorStadium-1","ca84b630-1445-11f1-8b2a-372dde908e8b","84.06002",,,"7.43542",,,,,,,"1b302c73-8876-476a-9477-a2ba524ff780","2026-02-28","01:35:40.23","2026-02-27T19:35:40.2332160-06:00","2026-02-28T01:35:40.2332160Z","","v3","4806","471388","9d219402a542450a8ca9d307da9f26b3","Freiter, Bennett","1000119083","Right","NOR_BIS","d3c4a3e9-ebea-4317-b894-3058a28d50a9","54.0617","-123.0135","12.52263","4.98256","-0.26092","-13.36704","-3.28314","8.26047","-7.48344",,,,,,,,,,,,,,,,,,,,,,,,,,,,,,,,,,,,,,,,,,,,,,,,,,,"High","High","High","","","","","",,,,,,,,,,,,,,,,,,,,,,,,,,,,,,,,,,,"2026","02","27"
"161","2026-02-27","19:36:00.37","3","4","Shupe, Garrett","10013518","Right","NOR_BIS","Benson, Cameron","813272","Left","MIZ_TIG","Undefined","5","Bottom","1","2","1","ChangeUp","Changeup","BallCalled","Undefined","Undefined","Undefined","0","0","","84.51336","-1.260733","-4.280611","1727.891624","254.056055","2:30","4.98116","3.15885","6.68047","-31.96954","6.26457","17.5034","1.16039","0.69458","77.1867","-7.267826","-1.098936","0.445038",,,,,,,,,,,,"-10.45237","4.06571","-2.87849","50.0","4.8842","8.5418","-122.58034","-3.61371","-15.82951","25.28496","-26.01675","MIZ_TIG","NOR_BIS","TaylorStadium","D1","SEC","20260227-TaylorStadium-1","d697fd60-1445-11f1-8b2a-372dde908e8b","84.69492",,,"7.32666",,,,,,,"1b302c73-8876-476a-9477-a2ba524ff780","2026-02-28","01:36:00.37","2026-02-27T19:36:00.3722240-06:00","2026-02-28T01:36:00.3722240Z","","v3","4806","471388","9d219402a542450a8ca9d307da9f26b3","Freiter, Bennett","1000119083","Right","NOR_BIS","17c9b6d0-aec7-4903-a140-3c8df378d5a3","53.81922","-123.36562","12.64248","4.98388","-2.80569","-13.00837","-3.15141","9.03343","-7.91475",,,,,,,,,,,,,,,,,,,,,,,,,,,,,,,,,,,,,,,,,,,,,,,,,,,"High","High","High","","","","","",,,,,,,,,,,,,,,,,,,,,,,,,,,,,,,,,,,"2026","02","27"
"162","2026-02-27","19:36:20.61","3","5","Shupe, Garrett","10013518","Right","NOR_BIS","Benson, Cameron","813272","Left","MIZ_TIG","Undefined","5","Bottom","1","3","1","Fastball","Four-Seam","BallCalled","Walk","Undefined","Undefined","0","0","","89.93757","-0.504579","-2.280947","2380.270245","224.712257","1:30","5.17497","3.2499","6.05346","-19.60903","14.91229","13.62194","3.07344","2.27255","81.67295","-4.229335","0.169617","0.422878",,,,,,,,,,,,"-7.62591","8.15563","-3.0794","50.0","5.12515","4.61414","-130.52443","-1.73749","-13.08115","28.92694","-18.18422","MIZ_TIG","NOR_BIS","TaylorStadium","D1","SEC","20260227-TaylorStadium-1","e2bc0d70-1445-11f1-8b2a-372dde908e8b","89.13312",,,"8.26462",,,,,,,"1b302c73-8876-476a-9477-a2ba524ff780","2026-02-28","01:36:20.61","2026-02-27T19:36:20.6158848-06:00","2026-02-28T01:36:20.6158848Z","","v3","4806","471388","9d219402a542450a8ca9d307da9f26b3","Freiter, Bennett","1000119083","Right","NOR_BIS","0ddfa017-22e8-4d82-a193-1435ed8e9c71","54.44358","-131.50554","14.46347","5.17362","-1.12074","-9.09211","-3.24342","5.05781","-6.54058",,,,,,,,,,,,,,,,,,,,,,,,,,,,,,,,,,,,,,,,,,,,,,,,,,,"High","High","High","","","","","",,,,,,,,,,,,,,,,,,,,,,,,,,,,,,,,,,,"2026","02","27"
"163","2026-02-27","19:37:01.21","4","1","Shupe, Garrett","10013518","Right","NOR_BIS","Maisonet, Eric","835908","Left","MIZ_TIG","Undefined","5","Bottom","1","0","0","Fastball","Four-Seam","BallCalled","Undefined","Undefined","Undefined","0","0","","88.76111","-1.073336","-2.538271","2232.692242","223.351682","1:30","5.25808","3.27325","6.08925","-20.82395","14.39347","12.53048","2.52877","1.96791","81.12256","-5.006206","-0.282891","0.42712",,,,,,,,,,,,"-7.12477","8.05398","-3.08367","50.0","5.16413","5.1898","-128.85854","-3.04372","-11.98198","26.72229","-18.6294","MIZ_TIG","NOR_BIS","TaylorStadium","D1","SEC","20260227-TaylorStadium-1","fac92060-1445-11f1-8b2a-372dde908e8b","88.24783",,,"7.63855",,,,,,,"1b302c73-8876-476a-9477-a2ba524ff780","2026-02-28","01:37:01.21","2026-02-27T19:37:01.2100096-06:00","2026-02-28T01:37:01.2100096Z","","v3","4806","471388","9d219402a542450a8ca9d307da9f26b3","Freiter, Bennett","1000119083","Right","NOR_BIS","0eb5c221-95e1-4ec2-acf1-e34e28094b96","54.40873","-129.76959","13.36114","5.25708","-2.40858","-9.3147","-3.26758","5.5983","-5.99099",,,,,,,,,,,,,,,,,,,,,,,,,,,,,,,,,,,,,,,,,,,,,,,,,,,"High","High","High","","","","","",,,,,,,,,,,,,,,,,,,,,,,,,,,,,,,,,,,"2026","02","27"
"164","2026-02-27","19:37:20.11","4","2","Shupe, Garrett","10013518","Right","NOR_BIS","Maisonet, Eric","835908","Left","MIZ_TIG","Undefined","5","Bottom","1","1","0","ChangeUp","Changeup","BallCalled","Undefined","Undefined","StolenBase","0","0","","84.20568","-1.977791","-5.072641","1587.65459","252.125092","2:30","5.06344","3.14774","6.63235","-31.87872","6.86792","17.23958","0.58824","-0.07214","76.8555","-7.956443","-1.946864","0.448011",,,,,,,,,,,,"-10.58162","4.59311","-2.81019","50.0","4.91622","10.20468","-121.93505","-5.13124","-15.83489","25.33245","-25.30065","MIZ_TIG","NOR_BIS","TaylorStadium","D1","SEC","20260227-TaylorStadium-1","06093910-1446-11f1-8b2a-372dde908e8b","84.13291",,,"7.35018",,,,,,,"1b302c73-8876-476a-9477-a2ba524ff780","2026-02-28","01:37:20.11","2026-02-27T19:37:20.1190000-06:00","2026-02-28T01:37:20.1190000Z","","v3","4806","471388","9d219402a542450a8ca9d307da9f26b3","Freiter, Bennett","1000119083","Right","NOR_BIS","403ea56e-de94-447c-ab8a-083a80c48a91","53.86758","-122.73592","12.66622","5.0658","-4.33137","-12.65033","-3.14072","10.7053","-7.91744",,,,,,,,,,,,,,,,,,,,,,,,,,,,,"79.63786",,,"1.262061",,,,"-1.32885","6.68699","-0.60483","127.28714","8.48882","5.84298","-1.20267","114.08378","-9.85074","6.7064","16.85574","-12.25991","-0.64417","2.42306","2.19098","High","High","High","","","High","High","High",,,,,,,,,,,,,,,,,,,,,,,,,,,,,,,,,,,"2026","02","27"
"165","2026-02-27","19:37:51.26","4","3","Shupe, Garrett","10013518","Right","NOR_BIS","Maisonet, Eric","835908","Left","MIZ_TIG","Undefined","5","Bottom","1","2","0","ChangeUp","Changeup","InPlay","Undefined","GroundBall","Out","1","0","","85.0837","-1.062771","-4.826025","1532.822099","262.196834","2:45","5.00201","3.12785","6.66177","-34.22061","3.53012","16.77383","1.17423","0.09914","77.809","-7.467215","-1.781426","0.442216",,,,,,,,,,,,"-10.26351","2.52528","-2.80943","50.0","4.91679","9.81505","-123.35371","-3.29228","-15.75636","25.37185","-28.2973","MIZ_TIG","NOR_BIS","TaylorStadium","D1","SEC","20260227-TaylorStadium-1","18a81190-1446-11f1-8b2a-372dde908e8b","85.23545",,,"7.27469",,,,,,,"1b302c73-8876-476a-9477-a2ba524ff780","2026-02-28","01:37:51.26","2026-02-27T19:37:51.2625152-06:00","2026-02-28T01:37:51.2625152Z","","v3","4806","471388","9d219402a542450a8ca9d307da9f26b3","Freiter, Bennett","1000119083","Right","NOR_BIS","08fd1b67-eead-44f7-a2e2-bad58f666c6d","53.83914","-124.14085","12.68593","5.00531","-2.41438","-14.14865","-3.12151","10.30387","-7.87818",,,,,,,,,,,,,,,,,,,,,,,,,,,,,,,,,,,,,,,,,,,,,,,,,,,"High","High","High","","","","","",,,,,,,,,,,,,,,,,,,,,,,,,,,,,,,,,,,"2026","02","27"
"166","2026-02-27","19:38:31.73","5","1","Shupe, Garrett","10013518","Right","NOR_BIS","Patterson, Christopher","1000080435","Left","MIZ_TIG","Undefined","5","Bottom","2","0","0","Cutter","Slider","StrikeCalled","Undefined","Undefined","Undefined","0","0","","84.969","-0.60429","-3.961736","2203.985879","180.760504","12:00","5.09043","3.07862","6.18572","-31.40553","6.88512","0.07598","1.91397","-0.579","78.13716","-6.436144","-3.948076","0.445367",,,,,,,,,,,,"-1.11122","4.10193","-2.77938","50.0","5.02892","8.53261","-123.24685","-2.28545","-1.71381","23.87257","-25.84765","MIZ_TIG","NOR_BIS","TaylorStadium","D1","SEC","20260227-TaylorStadium-1","30bec170-1446-11f1-8b2a-372dde908e8b","84.63236",,,"6.83185",,,,,,,"1b302c73-8876-476a-9477-a2ba524ff780","2026-02-28","01:38:31.73","2026-02-27T19:38:31.7345280-06:00","2026-02-28T01:38:31.7345280Z","","v3","4806","471388","9d219402a542450a8ca9d307da9f26b3","Freiter, Bennett","1000119083","Right","NOR_BIS","d92dab8e-e4bd-4d20-9d93-6cd0785d1303","54.31291","-124.07944","11.93628","5.09291","-1.38398","-12.92383","-3.07801","8.59238","-0.85691",,,,,,,,,,,,,,,,,,,,,,,,,,,,,,,,,,,,,,,,,,,,,,,,,,,"High","High","High","","","","","",,,,,,,,,,,,,,,,,,,,,,,,,,,,,,,,,,,"2026","02","27"
"167","2026-02-27","19:38:52.22","5","2","Shupe, Garrett","10013518","Right","NOR_BIS","Patterson, Christopher","1000080435","Left","MIZ_TIG","Undefined","5","Bottom","2","0","1","Cutter","Slider","StrikeSwinging","Undefined","Undefined","Undefined","0","0","","84.8871","0.691193","-3.286458","2215.746369","144.201388","10:45","5.05552","3.13871","6.03899","-33.52647","4.93414","-2.73996","2.90272","-0.13596","78.08707","-5.51663","-3.778102","0.446354",,,,,,,,,,,,"0.53358","2.73339","-2.88073","50.0","5.09152","7.18399","-123.21241","0.39749","0.82411","23.41011","-27.9525","MIZ_TIG","NOR_BIS","TaylorStadium","D1","SEC","20260227-TaylorStadium-1","3cf4d2e0-1446-11f1-8b2a-372dde908e8b","84.44515",,,"6.80003",,,,,,,"1b302c73-8876-476a-9477-a2ba524ff780","2026-02-28","01:38:52.22","2026-02-27T19:38:52.2240512-06:00","2026-02-28T01:38:52.2240512Z","","v3","4806","471388","9d219402a542450a8ca9d307da9f26b3","Freiter, Bennett","1000119083","Right","NOR_BIS","74d6a5ac-b5b6-4ca3-84b2-6e11f6eaf2cc","54.45973","-124.05685","11.70506","5.059","1.40578","-13.97625","-3.13933","7.15426","0.41205",,,,,,,,,,,,,,,,,,,,,,,,,,,,,,,,,,,,,,,,,,,,,,,,,,,"High","High","High","","","","","",,,,,,,,,,,,,,,,,,,,,,,,,,,,,,,,,,,"2026","02","27"
"168","2026-02-27","19:39:15.42","5","3","Shupe, Garrett","10013518","Right","NOR_BIS","Patterson, Christopher","1000080435","Left","MIZ_TIG","Undefined","5","Bottom","2","0","2","Fastball","Four-Seam","BallCalled","Undefined","Undefined","Undefined","0","0","","90.18986","-2.223039","-6.56515","2194.346608","211.332936","1:00","5.18791","3.05583","6.60062","-17.90343","15.85198","9.00111","1.64492","-2.23499","82.59888","-5.635002","-4.945978","0.418161",,,,,,,,,,,,"-6.47268","9.24918","-2.60945","50.0","5.02743","14.63823","-130.25996","-5.55741","-11.15589","26.55908","-16.2328","MIZ_TIG","NOR_BIS","TaylorStadium","D1","SEC","20260227-TaylorStadium-1","4ac47010-1446-11f1-8b2a-372dde908e8b","90.13863",,,"7.59098",,,,,,,"1b302c73-8876-476a-9477-a2ba524ff780","2026-02-28","01:39:15.42","2026-02-27T19:39:15.4203648-06:00","2026-02-28T01:39:15.4203648Z","","v3","4806","471388","9d219402a542450a8ca9d307da9f26b3","Freiter, Bennett","1000119083","Right","NOR_BIS","51786fd3-d984-49a2-9e0d-d9188fe71e59","53.89763","-131.05225","13.27954","5.186","-5.07317","-8.1164","-3.05109","14.97102","-5.57794",,,,,,,,,,,,,,,,,,,,,,,,,,,,,,,,,,,,,,,,,,,,,,,,,,,"High","High","High","","","","","",,,,,,,,,,,,,,,,,,,,,,,,,,,,,,,,,,,"2026","02","27"
"169","2026-02-27","19:39:37.43","5","4","Shupe, Garrett","10013518","Right","NOR_BIS","Patterson, Christopher","1000080435","Left","MIZ_TIG","Undefined","5","Bottom","2","1","2","Fastball","Four-Seam","StrikeSwinging","Strikeout","Undefined","Undefined","0","0","","89.7233","-0.701668","-3.965262","2298.296047","214.914988","1:15","5.22242","3.10501","6.49151","-18.12367","15.81422","10.3028","3.06639","0.31755","82.08935","-4.165628","-2.101783","0.419289",,,,,,,,,,,,"-6.43052","8.77871","-2.83062","50.0","5.16482","8.61413","-130.19105","-2.08265","-11.06634","26.64977","-17.06666","MIZ_TIG","NOR_BIS","TaylorStadium","D1","SEC","20260227-TaylorStadium-1","57e70460-1446-11f1-8b2a-372dde908e8b","89.89602",,,"7.63395",,,,,,,"1b302c73-8876-476a-9477-a2ba524ff780","2026-02-28","01:39:37.43","2026-02-27T19:39:37.4393856-06:00","2026-02-28T01:39:37.4393856Z","","v3","4806","471388","9d219402a542450a8ca9d307da9f26b3","Freiter, Bennett","1000119083","Right","NOR_BIS","c007d5de-0b7c-4278-a65a-91927cb092be","54.00667","-131.00864","13.32489","5.22069","-1.55906","-8.53333","-3.10011","8.95364","-5.53317",,,,,,,,,,,,,,,,,,,,,,,,,,,,,,,,,,,,,,,,,,,,,,,,,,,"High","High","High","","","","","",,,,,,,,,,,,,,,,,,,,,,,,,,,,,,,,,,,"2026","02","27"
"206","2026-02-27","20:06:01.01","1","1","Shupe, Garrett","10013518","Right","NOR_BIS","Frost, Isaiah","801981","Left","MIZ_TIG","Undefined","6","Bottom","0","0","0","Fastball","Sinker","StrikeCalled","Undefined","Undefined","Undefined","0","0","","87.91045","-1.124735","-4.55802","2469.37756","225.750743","1:30","5.26394","2.73938","6.1041","-20.56694","15.57099","14.75115","2.50646","-0.25546","79.9983","-5.023374","-1.911391","0.432666",,,,,,,,,,,,"-8.85083","8.69815","-2.39564","50.0","5.16634","9.53672","-127.31134","-3.10562","-14.48759","26.78905","-17.93639","MIZ_TIG","NOR_BIS","TaylorStadium","D1","SEC","20260227-TaylorStadium-1","07c60770-144a-11f1-8b2a-372dde908e8b","87.11668",,,"7.91216",,,,,,,"1b302c73-8876-476a-9477-a2ba524ff780","2026-02-28","02:06:01.01","2026-02-27T20:06:01.0105856-06:00","2026-02-28T02:06:01.0105856Z","","v3","4806","471388","9d219402a542450a8ca9d307da9f26b3","Freiter, Bennett","1000119083","Right","NOR_BIS","0e09c716-d7d7-480a-8ff0-6dae63039ee7","54.39351","-128.23249","13.39452","5.26252","-2.48886","-8.9682","-2.73214","10.03489","-7.2438",,,,,,,,,,,,,,,,,,,,,,,,,,,,,,,,,,,,,,,,,,,,,,,,,,,"High","High","High","","","","","",,,,,,,,,,,,,,,,,,,,,,,,,,,,,,,,,,,"2026","02","27"
"207","2026-02-27","20:06:16.35","1","2","Shupe, Garrett","10013518","Right","NOR_BIS","Frost, Isaiah","801981","Left","MIZ_TIG","Undefined","6","Bottom","0","0","1","ChangeUp","Changeup","BallCalled","Undefined","Undefined","Undefined","0","0","","83.72604","-1.717393","-5.835409","1747.511867","255.597698","2:30","4.99446","2.77175","6.63481","-33.02187","6.34303","19.37029","0.66166","-0.97505","76.16397","-7.913304","-2.32969","0.451571",,,,,,,,,,,,"-11.96764","4.26614","-2.38316","50.0","4.86446","11.68051","-121.08747","-4.58359","-17.61547","25.54399","-25.89462","MIZ_TIG","NOR_BIS","TaylorStadium","D1","SEC","20260227-TaylorStadium-1","10f149e0-144a-11f1-8b2a-372dde908e8b","83.46956",,,"7.56208",,,,,,,"1b302c73-8876-476a-9477-a2ba524ff780","2026-02-28","02:06:16.35","2026-02-27T20:06:16.3549184-06:00","2026-02-28T02:06:16.3549184Z","","v3","4806","471388","9d219402a542450a8ca9d307da9f26b3","Freiter, Bennett","1000119083","Right","NOR_BIS","25fe13c2-2da3-4e8e-ade0-0d4a9cb45aee","53.86515","-121.90012","12.77199","4.99718","-3.75979","-12.94731","-2.76367","12.24092","-8.80774",,,,,,,,,,,,,,,,,,,,,,,,,,,,,,,,,,,,,,,,,,,,,,,,,,,"High","High","High","","","","","",,,,,,,,,,,,,,,,,,,,,,,,,,,,,,,,,,,"2026","02","27"
"208","2026-02-27","20:06:36.03","1","3","Shupe, Garrett","10013518","Right","NOR_BIS","Frost, Isaiah","801981","Left","MIZ_TIG","Undefined","6","Bottom","0","1","1","ChangeUp","Changeup","InPlay","Undefined","GroundBall","Out","1","0","","83.22052","-1.256376","-5.170991","1611.774372","253.753992","2:30","5.0464","2.88344","6.60478","-33.34707","6.59398","17.74324","1.11169","-0.38772","75.43335","-7.526135","-1.957024","0.454864","80.67364","-44.652317","42.696517",,,,,"2.51627","2.51627","27.207609","0.013344","-10.9652","4.27693","-2.53702","50.0","4.94685","10.26424","-120.46016","-3.5929","-15.90815","26.15967","-25.96913","MIZ_TIG","NOR_BIS","TaylorStadium","D1","SEC","20260227-TaylorStadium-1","1cb07da0-144a-11f1-8b2a-372dde908e8b","82.86537","1.11099",,"7.78717",,,,"1.41136","1.11099","0.3879","1b302c73-8876-476a-9477-a2ba524ff780","2026-02-28","02:06:36.03","2026-02-27T20:06:36.0358912-06:00","2026-02-28T02:06:36.0358912Z","GroundBall","v3","4806","471388","9d219402a542450a8ca9d307da9f26b3","Freiter, Bennett","1000119083","Right","NOR_BIS","92463ed8-900e-479a-943a-f8b6fd222cb3","53.89449","-121.30296","13.07983","5.04913","-2.75624","-12.98456","-2.87597","10.77676","-7.95408",,"1.41119","61.93849",,,,,,,,"1.11121","-83.25847",,,,,,,,"0.38775","57.14822",,,,,,,,,,,,,,,,,,,,,,,,,,,,,,"High","High","High","Estimated","Estimated","","","",,,,,,,,,,,,,,,,,,,,,,,,,,,,,,,,,,,"2026","02","27"
"209","2026-02-27","20:07:11.39","2","1","Shupe, Garrett","10013518","Right","NOR_BIS","Woita, Jase","831805","Left","MIZ_TIG","Undefined","6","Bottom","1","0","0","ChangeUp","Changeup","StrikeCalled","Undefined","Undefined","Undefined","0","0","","83.74511","-0.682845","-4.295141","1738.692508","244.374635","2:15","5.08835","2.88547","6.51046","-30.43868","9.30571","16.29406","1.92336","0.29429","75.32168","-6.443721","-1.345002","0.453742",,,,,,,,,,,,"-9.88536","5.54929","-2.59138","50.0","5.02769","8.48698","-121.25532","-2.30999","-14.44083","27.86655","-24.0675","MIZ_TIG","NOR_BIS","TaylorStadium","D1","SEC","20260227-TaylorStadium-1","31bafef0-144a-11f1-8b2a-372dde908e8b","83.07017",,,"8.42342",,,,,,,"1b302c73-8876-476a-9477-a2ba524ff780","2026-02-28","02:07:11.39","2026-02-27T20:07:11.3958400-06:00","2026-02-28T02:07:11.3958400Z","","v3","4806","471388","9d219402a542450a8ca9d307da9f26b3","Freiter, Bennett","1000119083","Right","NOR_BIS","a7e1a7cd-48bd-4be1-9f01-b9874ba73cea","53.98572","-122.16788","13.93327","5.09044","-1.52185","-12.03375","-2.87704","8.95987","-7.22041",,,,,,,,,,,,,,,,,,,,,,,,,,,,,,,,,,,,,,,,,,,,,,,,,,,"High","High","High","","","","","",,,,,,,,,,,,,,,,,,,,,,,,,,,,,,,,,,,"2026","02","27"
"210","2026-02-27","20:07:25.37","2","2","Shupe, Garrett","10013518","Right","NOR_BIS","Woita, Jase","831805","Left","MIZ_TIG","Undefined","6","Bottom","1","0","1","Fastball","Four-Seam","BallCalled","Undefined","Undefined","Undefined","0","0","","88.56056","-1.849475","-4.936472","2377.250219","215.52849","1:15","5.17715","2.92208","6.33226","-18.15824","17.63103","11.64142","1.95403","-0.66459","79.68638","-5.348523","-2.841451","0.430574",,,,,,,,,,,,"-7.61185","10.13241","-2.56652","50.0","5.0331","10.58263","-128.02828","-4.62009","-12.43688","30.28035","-15.61887","MIZ_TIG","NOR_BIS","TaylorStadium","D1","SEC","20260227-TaylorStadium-1","3a22ca50-144a-11f1-8b2a-372dde908e8b","87.53997",,,"8.87418",,,,,,,"1b302c73-8876-476a-9477-a2ba524ff780","2026-02-28","02:07:25.37","2026-02-27T20:07:25.3726208-06:00","2026-02-28T02:07:25.3726208Z","","v3","4806","471388","9d219402a542450a8ca9d307da9f26b3","Freiter, Bennett","1000119083","Right","NOR_BIS","8a49a28b-d59e-4158-9e0e-c45151451f49","54.16368","-129.00929","15.14017","5.17458","-4.11407","-7.80944","-2.91589","10.98556","-6.21844",,,,,,,,,,,,,,,,,,,,,,,,,,,,,,,,,,,,,,,,,,,,,,,,,,,"High","High","High","","","","","",,,,,,,,,,,,,,,,,,,,,,,,,,,,,,,,,,,"2026","02","27"
"211","2026-02-27","20:07:44.16","2","3","Shupe, Garrett","10013518","Right","NOR_BIS","Woita, Jase","831805","Left","MIZ_TIG","Undefined","6","Bottom","1","1","1","Fastball","Four-Seam","StrikeCalled","Undefined","Undefined","Undefined","0","0","","88.79054","-2.008098","-3.491082","2315.35833","212.239871","1:00","5.29341","2.92074","6.15637","-17.9095","17.7967","10.39701","1.94152","0.55785","80.00383","-5.449337","-1.620379","0.430074",,,,,,,,,,,,"-6.44343","10.19449","-2.66025","50.0","5.13131","7.40347","-128.54231","-4.99688","-10.62189","30.30809","-15.36856","MIZ_TIG","NOR_BIS","TaylorStadium","D1","SEC","20260227-TaylorStadium-1","4542b0d0-144a-11f1-8b2a-372dde908e8b","87.64177",,,"8.7867",,,,,,,"1b302c73-8876-476a-9477-a2ba524ff780","2026-02-28","02:07:44.16","2026-02-27T20:07:44.1634304-06:00","2026-02-28T02:07:44.1634304Z","","v3","4806","471388","9d219402a542450a8ca9d307da9f26b3","Freiter, Bennett","1000119083","Right","NOR_BIS","482e6c1e-d8be-498a-bd42-cadfea3f8ac6","54.33894","-129.56131","15.15405","5.29063","-4.48016","-7.68428","-2.91517","7.76059","-5.31095",,,,,,,,,,,,,,,,,,,,,,,,,,,,,,,,,,,,,,,,,,,,,,,,,,,"High","High","High","","","","","",,,,,,,,,,,,,,,,,,,,,,,,,,,,,,,,,,,"2026","02","27"
"212","2026-02-27","20:08:00.27","2","4","Shupe, Garrett","10013518","Right","NOR_BIS","Woita, Jase","831805","Left","MIZ_TIG","Undefined","6","Bottom","1","1","2","ChangeUp","Changeup","InPlay","Undefined","GroundBall","Out","1","0","","84.47405","-0.821895","-3.699692","1770.287678","247.766968","2:15","5.06162","2.85395","6.47232","-31.04021","8.14823","16.26383","1.71851","0.8069","75.81023","-6.68985","-0.75319","0.450558","70.4947","-59.769982","89.374641",,,,,"2.19878","2.19878","6.15208","0.020172","-9.83497","4.95701","-2.59998","50.0","4.99005","7.31125","-122.39112","-2.65136","-14.57168","29.38377","-24.82966","MIZ_TIG","NOR_BIS","TaylorStadium","D1","SEC","20260227-TaylorStadium-1","4ede4140-144a-11f1-8b2a-372dde908e8b","83.65728","1.80678",,"8.66382",,,,"2.17462","1.80678","-0.81714","1b302c73-8876-476a-9477-a2ba524ff780","2026-02-28","02:08:00.27","2026-02-27T20:08:00.2787328-06:00","2026-02-28T02:08:00.2787328Z","GroundBall","v3","4806","471388","9d219402a542450a8ca9d307da9f26b3","Freiter, Bennett","1000119083","Right","NOR_BIS","393b78bc-01a4-4074-8614-d380f7340a94","54.02596","-123.35389","14.69188","5.06359","-1.83781","-12.41483","-2.84736","7.78869","-7.28584",,"2.17462","0.56965",,,,,,,,"1.80755","-89.56764",,,,,,,,"-0.81759","52.18934",,,,,,,,,,,,,,,,,,,,,,,,,,,,,,"High","High","High","Estimated","Estimated","","","",,,,,,,,,,,,,,,,,,,,,,,,,,,,,,,,"69.00135","4.09851","1.34888","2026","02","27"
"213","2026-02-27","20:08:38.35","3","1","Shupe, Garrett","10013518","Right","NOR_BIS","Macon, Tyler","823527","Right","MIZ_TIG","Undefined","6","Bottom","2","0","0","Fastball","Four-Seam","BallCalled","Undefined","Undefined","Undefined","0","0","","88.90305","0.096463","-3.595636","2323.091793","206.225326","12:45","5.37564","2.54437","6.22925","-17.51954","18.05765","8.24918","4.00486","-0.08989","79.73626","-3.294822","-2.110517","0.429296",,,,,,,,,,,,"-5.38957","9.65158","-2.27915","50.0","5.37393","7.73706","-128.72645","-0.23224","-8.88867","30.98552","-16.25635","MIZ_TIG","NOR_BIS","TaylorStadium","D1","SEC","20260227-TaylorStadium-1","6599a6e0-144a-11f1-8b2a-372dde908e8b","87.80052",,,"9.16679",,,,,,,"1b302c73-8876-476a-9477-a2ba524ff780","2026-02-28","02:08:38.35","2026-02-27T20:08:38.3539712-06:00","2026-02-28T02:08:38.3539712Z","","v3","4806","471388","9d219402a542450a8ca9d307da9f26b3","Freiter, Bennett","1000119083","Right","NOR_BIS","2e0c6b6e-22f6-4de6-b4f4-0cc3eb3f714f","54.26434","-129.74885","15.49276","5.37275","0.30415","-8.12818","-2.53928","8.03035","-4.44434",,,,,,,,,,,,,,,,,,,,,,,,,,,,,,,,,,,,,,,,,,,,,,,,,,,"High","High","High","","","","","",,,,,,,,,,,,,,,,,,,,,,,,,,,,,,,,,,,"2026","02","27"
"214","2026-02-27","20:08:52.56","3","2","Shupe, Garrett","10013518","Right","NOR_BIS","Macon, Tyler","823527","Right","MIZ_TIG","Undefined","6","Bottom","2","1","0","Fastball","Four-Seam","StrikeCalled","Undefined","Undefined","Undefined","0","0","","88.93881","-1.745445","-3.184754","2277.403032","204.479522","12:45","5.32332","2.67803","6.18836","-17.39225","18.18592","7.67898","2.25938","0.37438","79.9954","-5.099801","-1.8019","0.429302",,,,,,,,,,,,"-4.96941","10.32583","-2.44125","50.0","5.18259","6.84115","-128.78835","-4.38608","-8.20838","30.87331","-15.11809","MIZ_TIG","NOR_BIS","TaylorStadium","D1","SEC","20260227-TaylorStadium-1","6e1e7020-144a-11f1-8b2a-372dde908e8b","87.79929",,,"8.94341",,,,,,,"1b302c73-8876-476a-9477-a2ba524ff780","2026-02-28","02:08:52.56","2026-02-27T20:08:52.5659136-06:00","2026-02-28T02:08:52.5659136Z","","v3","4806","471388","9d219402a542450a8ca9d307da9f26b3","Freiter, Bennett","1000119083","Right","NOR_BIS","90fcf9f9-7537-44fd-976a-12f413c16dca","54.30617","-129.81652","15.43666","5.32028","-3.8826","-7.55905","-2.67364","7.11451","-4.10419",,,,,,,,,,,,,,,,,,,,,,,,,,,,,,,,,,,,,,,,,,,,,,,,,,,"High","High","High","","","","","",,,,,,,,,,,,,,,,,,,,,,,,,,,,,,,,,,,"2026","02","27"
"215","2026-02-27","20:09:09.51","3","3","Shupe, Garrett","10013518","Right","NOR_BIS","Macon, Tyler","823527","Right","MIZ_TIG","Undefined","6","Bottom","2","1","1","Fastball","Four-Seam","StrikeCalled","Undefined","Undefined","Undefined","0","0","","89.30492","-2.025542","-4.363168","2320.928431","204.089837","12:45","5.32138","2.65155","6.34821","-16.33103","18.82308","7.83233","2.0897","-0.71994","80.3408","-5.19216","-2.951925","0.426736",,,,,,,,,,,,"-5.44071","10.78658","-2.3374","50.0","5.16586","9.52735","-129.16222","-4.97938","-9.04478","30.89691","-14.2421","MIZ_TIG","NOR_BIS","TaylorStadium","D1","SEC","20260227-TaylorStadium-1","78360e60-144a-11f1-8b2a-372dde908e8b","88.32724",,,"8.96413",,,,,,,"1b302c73-8876-476a-9477-a2ba524ff780","2026-02-28","02:09:09.51","2026-02-27T20:09:09.5125504-06:00","2026-02-28T02:09:09.5125504Z","","v3","4806","471388","9d219402a542450a8ca9d307da9f26b3","Freiter, Bennett","1000119083","Right","NOR_BIS","dac58725-27f7-401d-a62e-51b04652bba6","54.14611","-130.15023","15.44846","5.31781","-4.52395","-7.12105","-2.64669","9.81658","-4.52239",,,,,,,,,,,,,,,,,,,,,,,,,,,,,,,,,,,,,,,,,,,,,,,,,,,"High","High","High","","","","","",,,,,,,,,,,,,,,,,,,,,,,,,,,,,,,,,,,"2026","02","27"
"216","2026-02-27","20:09:27.10","3","4","Shupe, Garrett","10013518","Right","NOR_BIS","Macon, Tyler","823527","Right","MIZ_TIG","Undefined","6","Bottom","2","1","2","Fastball","Four-Seam","BallCalled","Undefined","Undefined","Undefined","0","0","","89.30442","-0.04039","-5.726047","2315.207071","212.631946","1:00","5.29094","2.53922","6.44869","-18.678","16.46221","9.70918","3.69714","-1.93019","80.10416","-3.643516","-3.979998","0.426652",,,,,,,,,,,,"-6.88016","8.95154","-2.13594","50.0","5.27944","12.53298","-128.99087","-0.57151","-11.39875","31.00249","-17.34353","MIZ_TIG","NOR_BIS","TaylorStadium","D1","SEC","20260227-TaylorStadium-1","829ae240-144a-11f1-8b2a-372dde908e8b","88.34468",,,"9.20027",,,,,,,"1b302c73-8876-476a-9477-a2ba524ff780","2026-02-28","02:09:27.10","2026-02-27T20:09:27.1062528-06:00","2026-02-28T02:09:27.1062528Z","","v3","4806","471388","9d219402a542450a8ca9d307da9f26b3","Freiter, Bennett","1000119083","Right","NOR_BIS","40990d38-1cd4-4a2d-9a7f-51498b876589","54.04578","-129.95962","15.50124","5.28884","-0.02956","-8.67176","-2.53313","12.88917","-5.69938",,,,,,,,,,,,,,,,,,,,,,,,,,,,,,,,,,,,,,,,,,,,,,,,,,,"High","High","High","","","","","",,,,,,,,,,,,,,,,,,,,,,,,,,,,,,,,,,,"2026","02","27"
"217","2026-02-27","20:09:42.08","3","5","Shupe, Garrett","10013518","Right","NOR_BIS","Macon, Tyler","823527","Right","MIZ_TIG","Undefined","6","Bottom","2","2","2","Cutter","Slider","BallCalled","Undefined","Undefined","Undefined","0","0","","85.13952","-0.642315","-4.988058","2309.190151","146.498188","11:00","5.21501","2.68477","6.21234","-30.37553","8.55835","-4.74134","2.08865","-2.32546","76.94605","-6.323041","-5.837922","0.449092",,,,,,,,,,,,"0.79244","5.08981","-2.30787","50.0","5.15196","10.9325","-123.05993","-2.31587","1.19521","28.16241","-24.49723","MIZ_TIG","NOR_BIS","TaylorStadium","D1","SEC","20260227-TaylorStadium-1","8b910af0-144a-11f1-8b2a-372dde908e8b","83.93033",,,"8.19347",,,,,,,"1b302c73-8876-476a-9477-a2ba524ff780","2026-02-28","02:09:42.08","2026-02-27T20:09:42.0812800-06:00","2026-02-28T02:09:42.0812800Z","","v3","4806","471388","9d219402a542450a8ca9d307da9f26b3","Freiter, Bennett","1000119083","Right","NOR_BIS","f58f6779-050f-453c-a223-e662f4f8848f","54.28167","-124.03592","14.0812","5.21751","-1.4669","-12.24862","-2.68603","10.89108","0.59761",,,,,,,,,,,,,,,,,,,,,,,,,,,,,,,,,,,,,,,,,,,,,,,,,,,"High","High","High","","","","","",,,,,,,,,,,,,,,,,,,,,,,,,,,,,,,,,,,"2026","02","27"
"218","2026-02-27","20:10:00.96","3","6","Shupe, Garrett","10013518","Right","NOR_BIS","Macon, Tyler","823527","Right","MIZ_TIG","Undefined","6","Bottom","2","3","2","Cutter","Slider","StrikeSwinging","Strikeout","Undefined","Undefined","0","0","","84.85943","-1.241247","-3.189817","2300.198568","154.309995","11:15","5.16001","2.65394","6.16783","-29.63293","9.10981","-3.76107","1.54214","-0.60888","77.38566","-6.771048","-3.86683","0.447988",,,,,,,,,,,,"0.98071","5.48614","-2.4103","50.0","5.05089","7.00454","-123.03931","-3.57946","1.49205","26.13324","-23.82755","MIZ_TIG","NOR_BIS","TaylorStadium","D1","SEC","20260227-TaylorStadium-1","96d62cb0-144a-11f1-8b2a-372dde908e8b","84.13713",,,"7.47377",,,,,,,"1b302c73-8876-476a-9477-a2ba524ff780","2026-02-28","02:10:00.96","2026-02-27T20:10:00.9638912-06:00","2026-02-28T02:10:00.9638912Z","","v3","4806","471388","9d219402a542450a8ca9d307da9f26b3","Freiter, Bennett","1000119083","Right","NOR_BIS","624c74e2-f946-4276-95ed-6cc4fc6ba2b8","54.32923","-123.95542","13.06662","5.16173","-2.74417","-11.91377","-2.65493","6.95223","0.74602",,,,,,,,,,,,,,,,,,,,,,,,,,,,,,,,,,,,,,,,,,,,,,,,,,,"High","High","High","","","","","",,,,,,,,,,,,,,,,,,,,,,,,,,,,,,,,,,,"2026","02","27"
"236","2026-02-27","20:23:27.19","1","1","Shupe, Garrett","10013518","Right","NOR_BIS","Serna, Mateo","806219","Left","MIZ_TIG","Undefined","7","Bottom","0","0","0","Fastball","Four-Seam","FoulBallNotFieldable","Undefined","Undefined","Undefined","0","0","","87.89304","-0.530565","-3.985696","2305.196939","217.523738","1:15","5.24696","2.63048","6.47228","-21.64529","14.15946","9.92256","2.95474","-0.20885","79.56094","-4.662465","-2.191596","0.430667","17.85503","39.064494","-156.613959","1536.116175",,,,,"53.12058",,,"-6.26138","7.90697","-2.35248","50.0","5.19971","8.45549","-127.33137","-1.77198","-10.19487","28.15946","-19.29975","MIZ_TIG","NOR_BIS","TaylorStadium","D1","SEC","20260227-TaylorStadium-1","77852300-144c-11f1-8b2a-372dde908e8b","87.52106","5.19657",,"8.3321",,,,,,,"1b302c73-8876-476a-9477-a2ba524ff780","2026-02-28","02:23:27.19","2026-02-27T20:23:27.1997952-06:00","2026-02-28T02:23:27.1997952Z","","v3","4806","471388","9d219402a542450a8ca9d307da9f26b3","Freiter, Bennett","1000119083","Right","NOR_BIS","df8f1ac6-59f2-4a16-baed-216c8b6d7188","54.02057","-128.21744","14.07973","5.24591","-1.16469","-9.64988","-2.62358","8.77628","-5.09743","24.751648","-7.19706","-18.66233","-147.6885","59.49492","-26.89243","12.93877","-6.15632","2.46247","-0.5675","2.1916","16.50336","-30.17795","23.97989","-15.44647","9.34772","-5.22257","2.32286","-0.57052","0.51639","-8.07088","5.02921","-13.07412","8.77703","-5.31792","2.95478","-1.30556","0.31909",,,,,,,,,,,,,,,,,,,,,,,"High","High","High","Low","Undefined","","","",,,,,,,,,,,,,,,,,,,,,,,,,,,,,,,,"65.78752","-18.52751","-33.30676","2026","02","27"
"237","2026-02-27","20:23:51.29","1","2","Shupe, Garrett","10013518","Right","NOR_BIS","Serna, Mateo","806219","Left","MIZ_TIG","Undefined","7","Bottom","0","0","1","Fastball","Four-Seam","BallCalled","Undefined","Undefined","Undefined","0","0","","88.65684","-1.50625","-5.549967","2351.060715","217.780946","1:15","5.21162","2.64269","6.37471","-21.04497","14.45572","10.23938","2.06519","-1.62636","80.26604","-5.509868","-3.70912","0.428835",,,,,,,,,,,,"-7.13536","8.3828","-2.24602","50.0","5.09268","12.06783","-128.20237","-3.98062","-11.74479","29.22416","-18.37595","MIZ_TIG","NOR_BIS","TaylorStadium","D1","SEC","20260227-TaylorStadium-1","85b7a0b0-144c-11f1-8b2a-372dde908e8b","87.89504",,,"8.39079",,,,,,,"1b302c73-8876-476a-9477-a2ba524ff780","2026-02-28","02:23:51.29","2026-02-27T20:23:51.2952320-06:00","2026-02-28T02:23:51.2952320Z","","v3","4806","471388","9d219402a542450a8ca9d307da9f26b3","Freiter, Bennett","1000119083","Right","NOR_BIS","fa989562-be8f-408e-9328-892bf6b807f5","54.12531","-129.13932","14.61208","5.21086","-3.39147","-9.18798","-2.63896","12.44437","-5.8724",,,,,,,,,,,,,,,,,,,,,,,,,,,,,,,,,,,,,,,,,,,,,,,,,,,"High","High","High","","","","","",,,,,,,,,,,,,,,,,,,,,,,,,,,,,,,,,,,"2026","02","27"
"238","2026-02-27","20:24:06.80","1","3","Shupe, Garrett","10013518","Right","NOR_BIS","Serna, Mateo","806219","Left","MIZ_TIG","Undefined","7","Bottom","0","1","1","Fastball","Four-Seam","InPlay","Undefined","Popup","Out","1","0","","87.44187","-1.077626","-3.765578","2324.545551","223.285365","1:30","5.276","2.85373","6.14384","-24.56375","11.97481","10.10957","2.23092","0.21144","79.44691","-5.701576","-1.947474","0.435058","87.1204","50.272811","-26.749162",,"88.35613","113.14061","-65.52242","237.2892","111.62062","-43.343594","5.643131","-6.39477","6.87717","-2.57185","50.0","5.18109","7.94373","-126.75167","-3.13767","-10.32205","27.79704","-21.07329","MIZ_TIG","NOR_BIS","TaylorStadium","D1","SEC","20260227-TaylorStadium-1","8efe3350-144c-11f1-8b2a-372dde908e8b","86.63771","120.70987",,"7.99496",,,,"1.33597","2.31505","-0.23184","1b302c73-8876-476a-9477-a2ba524ff780","2026-02-28","02:24:06.80","2026-02-27T20:24:06.8059136-06:00","2026-02-28T02:24:06.8059136Z","FlyBall","v3","4806","471388","9d219402a542450a8ca9d307da9f26b3","Freiter, Bennett","1000119083","Right","NOR_BIS","8adcc8c4-4b0e-4955-950d-51498daff419","54.35543","-127.70326","13.89852","5.27616","-2.41626","-10.53664","-2.84984","8.29709","-5.16102","154.743746","1.344","72.73112","-22.54594","5.38528","-0.28463","-0.30378","0.10351","-0.01363","6.6E-4","2.29719","98.58234","-25.41273","3.40808","-1.08268","0.29464","-0.04556","0.00335","-9.0E-5","-0.22681","-36.85451","1.18097","0.19992","0.09975","-0.09788","0.02738","-0.00337","1.6E-4",,,,,,,,,,,,,,,,,,,,,,,"High","High","High","High","Low","","","",,,,,,,,,,,,,,,,,,,,,,,,,,,,,,,,"77.11291","16.94865","5.30423","2026","02","27"
"239","2026-02-27","20:24:42.24","2","1","Shupe, Garrett","10013518","Right","NOR_BIS","Parker, Sam","806179","Left","MIZ_TIG","Undefined","7","Bottom","1","0","0","ChangeUp","Changeup","BallCalled","Undefined","Undefined","Undefined","0","0","","85.59181","-1.519217","-3.913075","1625.44137","254.746421","2:30","5.00802","2.86881","6.50013","-31.64096","5.67378","16.52363","0.97323","0.64848","78.62194","-7.427286","-0.917455","0.439655",,,,,,,,,,,,"-9.77134","3.73807","-2.60162","50.0","4.88767","7.89243","-124.22606","-4.24561","-15.28186","24.69302","-26.32789","MIZ_TIG","NOR_BIS","TaylorStadium","D1","SEC","20260227-TaylorStadium-1","a41a19c0-144c-11f1-8b2a-372dde908e8b","85.7319",,,"6.96987",,,,,,,"1b302c73-8876-476a-9477-a2ba524ff780","2026-02-28","02:24:42.24","2026-02-27T20:24:42.2492160-06:00","2026-02-28T02:24:42.2492160Z","","v3","4806","471388","9d219402a542450a8ca9d307da9f26b3","Freiter, Bennett","1000119083","Right","NOR_BIS","aeb371c4-b11f-40a9-8884-21b252975a3a","54.00097","-125.01882","12.34651","5.01041","-3.40036","-13.16394","-2.86288","8.38305","-7.64093",,,,,,,,,,,,,,,,,,,,,,,,,,,,,,,,,,,,,,,,,,,,,,,,,,,"High","High","High","","","","","",,,,,,,,,,,,,,,,,,,,,,,,,,,,,,,,,,,"2026","02","27"
"240","2026-02-27","20:24:56.98","2","2","Shupe, Garrett","10013518","Right","NOR_BIS","Parker, Sam","806179","Left","MIZ_TIG","Undefined","7","Bottom","1","1","0","ChangeUp","Changeup","BallCalled","Undefined","Undefined","Undefined","0","0","","83.13389","-1.636472","-4.58561","1702.108163","260.403298","2:45","4.9625","2.87897","6.65992","-35.59754","4.16858","16.56536","0.49332","0.05422","75.74757","-8.302486","-1.576092","0.453866",,,,,,,,,,,,"-10.19343","3.0774","-2.57669","50.0","4.83802","9.08654","-120.47973","-4.45868","-14.83293","25.59096","-27.69597","MIZ_TIG","NOR_BIS","TaylorStadium","D1","SEC","20260227-TaylorStadium-1","acef4cf0-144c-11f1-8b2a-372dde908e8b","83.04744",,,"7.38633",,,,,,,"1b302c73-8876-476a-9477-a2ba524ff780","2026-02-28","02:24:56.98","2026-02-27T20:24:56.9853440-06:00","2026-02-28T02:24:56.9853440Z","","v3","4806","471388","9d219402a542450a8ca9d307da9f26b3","Freiter, Bennett","1000119083","Right","NOR_BIS","e44b7959-2265-4e46-9ac3-3714ec52f2ae","53.84059","-121.29277","12.79548","4.9657","-3.57878","-13.84799","-2.87285","9.55779","-7.41646",,,,,,,,,,,,,,,,,,,,,,,,,,,,,,,,,,,,,,,,,,,,,,,,,,,"High","High","High","","","","","",,,,,,,,,,,,,,,,,,,,,,,,,,,,,,,,,,,"2026","02","27"
"241","2026-02-27","20:25:12.48","2","3","Shupe, Garrett","10013518","Right","NOR_BIS","Parker, Sam","806179","Left","MIZ_TIG","Undefined","7","Bottom","1","2","0","ChangeUp","Changeup","StrikeSwinging","Undefined","Undefined","Undefined","0","0","","82.99702","0.34166","-4.362156","1764.858341","250.231548","2:15","5.15587","2.79489","6.59041","-32.27632","7.75489","17.6795","2.78015","0.26341","75.10888","-5.752801","-1.157593","0.455377",,,,,,,,,,,,"-10.57709","4.39776","-2.50247","50.0","5.16612","8.52502","-120.28899","-0.18659","-15.32549","25.74907","-25.80199","MIZ_TIG","NOR_BIS","TaylorStadium","D1","SEC","20260227-TaylorStadium-1","b6367bd0-144c-11f1-8b2a-372dde908e8b","82.77199",,,"7.88814",,,,,,,"1b302c73-8876-476a-9477-a2ba524ff780","2026-02-28","02:25:12.48","2026-02-27T20:25:12.4834816-06:00","2026-02-28T02:25:12.4834816Z","","v3","4806","471388","9d219402a542450a8ca9d307da9f26b3","Freiter, Bennett","1000119083","Right","NOR_BIS","d5723410-51d0-43de-a94d-f452a7507cbe","53.90764","-121.12257","12.87454","5.15864","0.6487","-12.901","-2.78648","9.02116","-7.66275",,,,,,,,,,,,,,,,,,,,,,,,,,,,,,,,,,,,,,,,,,,,,,,,,,,"High","High","High","","","","","",,,,,,,,,,,,,,,,,,,,,,,,,,,,,,,,,,,"2026","02","27"
"242","2026-02-27","20:25:28.18","2","4","Shupe, Garrett","10013518","Right","NOR_BIS","Parker, Sam","806179","Left","MIZ_TIG","Undefined","7","Bottom","1","2","1","ChangeUp","Changeup","BallCalled","Undefined","Undefined","Undefined","0","0","","84.30381","-1.337753","-6.389891","1727.985947","255.335717","2:30","5.04483","2.72703","6.58094","-33.21415","5.81992","16.99217","1.04309","-1.73744","76.51953","-7.562772","-3.324794","0.449669",,,,,,,,,,,,"-10.8443","3.89142","-2.29362","50.0","4.93897","13.00859","-121.77146","-3.82376","-16.12493","26.07808","-26.38771","MIZ_TIG","NOR_BIS","TaylorStadium","D1","SEC","20260227-TaylorStadium-1","bf8d3b10-144c-11f1-8b2a-372dde908e8b","83.82254",,,"7.78428",,,,,,,"1b302c73-8876-476a-9477-a2ba524ff780","2026-02-28","02:25:28.18","2026-02-27T20:25:28.1807872-06:00","2026-02-28T02:25:28.1807872Z","","v3","4806","471388","9d219402a542450a8ca9d307da9f26b3","Freiter, Bennett","1000119083","Right","NOR_BIS","42d5fffa-ebc1-4d89-b401-7d0e0845f3f6","53.91784","-122.60762","13.03904","5.04801","-2.97768","-13.19386","-2.71901","13.52561","-8.06247",,,,,,,,,,,,,,,,,,,,,,,,,,,,,,,,,,,,,,,,,,,,,,,,,,,"High","High","High","","","","","",,,,,,,,,,,,,,,,,,,,,,,,,,,,,,,,,,,"2026","02","27"
"243","2026-02-27","20:25:45.57","2","5","Shupe, Garrett","10013518","Right","NOR_BIS","Parker, Sam","806179","Left","MIZ_TIG","Undefined","7","Bottom","1","3","1","Fastball","Sinker","StrikeCalled","Undefined","Undefined","Undefined","0","0","","89.28689","-1.645291","-4.533981","2290.038475","229.669671","1:45","5.10476","2.85428","5.97463","-23.89816","11.4439","12.05709","1.58278","-0.35296","81.12826","-6.123641","-2.375368","0.427875",,,,,,,,,,,,"-7.51268","6.723","-2.50142","50.0","4.96098","9.73531","-129.21722","-4.49304","-12.6202","28.54722","-20.88044","MIZ_TIG","NOR_BIS","TaylorStadium","D1","SEC","20260227-TaylorStadium-1","c9e2f3c0-144c-11f1-8b2a-372dde908e8b","88.09207",,,"8.15863",,,,,,,"1b302c73-8876-476a-9477-a2ba524ff780","2026-02-28","02:25:45.57","2026-02-27T20:25:45.5755776-06:00","2026-02-28T02:25:45.5755776Z","","v3","4806","471388","9d219402a542450a8ca9d307da9f26b3","Freiter, Bennett","1000119083","Right","NOR_BIS","b872128e-e98f-4f29-a400-de8c783c8199","54.52311","-130.21264","14.27361","5.10495","-3.76495","-10.44022","-2.84856","10.17537","-6.3101",,,,,,,,,,,,,,,,,,,,,,,,,,,,,,,,,,,,,,,,,,,,,,,,,,,"High","High","High","","","","","",,,,,,,,,,,,,,,,,,,,,,,,,,,,,,,,,,,"2026","02","27"
"244","2026-02-27","20:26:03.65","2","6","Shupe, Garrett","10013518","Right","NOR_BIS","Parker, Sam","806179","Left","MIZ_TIG","Undefined","7","Bottom","1","3","2","Fastball","Sinker","InPlay","Undefined","GroundBall","Out","1","0","","89.6421","-0.597723","-4.457533","2236.681684","226.726908","1:30","5.21741","2.78786","6.08356","-21.59895","13.25595","12.8302","2.86282","-0.27515","81.3577","-4.679329","-2.156453","0.424916","58.91547","-53.368865","49.958696",,,,,"4.21302","2.50872","26.759774","0.042561","-7.97","7.35996","-2.44991","50.0","5.15971","9.59642","-129.84819","-2.02323","-13.5211","28.79668","-19.68788","MIZ_TIG","NOR_BIS","TaylorStadium","D1","SEC","20260227-TaylorStadium-1","d4983190-144c-11f1-8b2a-372dde908e8b","88.70555","2.96958",,"8.2844",,,,"2.34138","2.96958","0.20658","1b302c73-8876-476a-9477-a2ba524ff780","2026-02-28","02:26:03.65","2026-02-27T20:26:03.6587520-06:00","2026-02-28T02:26:03.6587520Z","GroundBall","v3","4806","471388","9d219402a542450a8ca9d307da9f26b3","Freiter, Bennett","1000119083","Right","NOR_BIS","8622bc04-ea6c-4432-96af-f7cba34288e5","54.41575","-130.82382","14.39834","5.21696","-1.35621","-9.84394","-2.78279","10.05451","-6.76055",,"2.33997","33.37446",,,,,,,,"2.97253","-69.77305",,,,,,,,"0.2049","39.71596",,,,,,,,,,,,,,,,,,,,,,,,,,,,,,"High","High","High","Low","Low","","","",,,,,,,,,,,,,,,,,,,,,,,,,,,,,,,,"74.89204","2.77195","-5.73472","2026","02","27"
"245","2026-02-27","20:26:40.70","3","1","Shupe, Garrett","10013518","Right","NOR_BIS","Ward, Blaize","1000263242","Left","MIZ_TIG","Undefined","7","Bottom","2","0","0","Slider","Slider","StrikeCalled","Undefined","Undefined","Undefined","0","0","","78.76262","1.749491","-2.686583","2357.147063","59.379962","8:00","5.1303","2.7709","5.63945","-48.48223","-2.96181","-7.34363","2.72451","-0.34921","72.367","-7.113712","-3.995905","0.485595",,,,,,,,,,,,"2.96351","-1.52599","-2.53779","50.0","5.24833","5.647","-114.26853","1.87775","3.91888","21.02585","-34.192","MIZ_TIG","NOR_BIS","TaylorStadium","D1","SEC","20260227-TaylorStadium-1","ead16ee0-144c-11f1-8b2a-372dde908e8b","77.62109",,,"6.39562",,,,,,,"1b302c73-8876-476a-9477-a2ba524ff780","2026-02-28","02:26:40.70","2026-02-27T20:26:40.7023616-06:00","2026-02-28T02:26:40.7023616Z","","v3","4806","471388","9d219402a542450a8ca9d307da9f26b3","Freiter, Bennett","1000119083","Right","NOR_BIS","8a879a1c-6c98-469a-bcaa-dbe6d6a26b11","54.86067","-115.15944","10.51293","5.13807","3.32653","-17.096","-2.77355","5.48095","1.95944",,,,,,,,,,,,,,,,,,,,,,,,,,,,,,,,,,,,,,,,,,,,,,,,,,,"High","High","High","","","","","",,,,,,,,,,,,,,,,,,,,,,,,,,,,,,,,,,,"2026","02","27"
"246","2026-02-27","20:26:56.97","3","2","Shupe, Garrett","10013518","Right","NOR_BIS","Ward, Blaize","1000263242","Left","MIZ_TIG","Undefined","7","Bottom","2","0","1","ChangeUp","Changeup","InPlay","Undefined","GroundBall","Single","0","0","","83.643","0.273278","-3.599145","1842.616889","258.149247","2:30","4.94018","3.02548","6.50387","-34.47604","4.77705","16.60249","2.31849","1.10135","76.22001","-6.190387","-0.589713","0.450929","95.40555","-0.513376","5.177066","1047.05458",,,,"38.8358","38.27106","3.704565","0.281772","-9.79067","2.79063","-2.78058","50.0","4.94436","7.03725","-121.4147","-0.42816","-14.53025","25.05743","-28.03248","MIZ_TIG","NOR_BIS","TaylorStadium","D1","SEC","20260227-TaylorStadium-1","f4790d40-144c-11f1-8b2a-372dde908e8b","83.58837","2.23554",,"7.42299",,,,"1.11826","2.23554","-1.11334","1b302c73-8876-476a-9477-a2ba524ff780","2026-02-28","02:26:56.97","2026-02-27T20:26:56.9793536-06:00","2026-02-28T02:26:56.9793536Z","GroundBall","v3","4806","471388","9d219402a542450a8ca9d307da9f26b3","Freiter, Bennett","1000119083","Right","NOR_BIS","b37c50f5-918f-4115-be57-444495003250","53.99659","-122.23672","12.52871","4.94332","0.49147","-14.01624","-3.01926","7.51393","-7.26512","342.008441","1.12116","139.21466","-20.10309",,,,,,,"2.23933","-1.43311","-23.16502",,,,,,,"-1.11384","12.6496","0.74657",,,,,,,,,,,,,,,,,,,,,,,,,,,,,"High","High","High","High","High","","","",,,,,,,,,,,,,,,,,,,,,,,,,,,,,,,,"68.06272","9.84106","5.3181","2026","02","27"
"247","2026-02-27","20:27:40.46","4","1","Shupe, Garrett","10013518","Right","NOR_BIS","Benson, Cameron","813272","Left","MIZ_TIG","Undefined","7","Bottom","2","0","0","ChangeUp","Changeup","StrikeCalled","Undefined","Undefined","Undefined","0","0","","82.17112","-0.313315","-4.511271","1794.398765","257.900344","2:30","5.09123","3.07245","6.35741","-36.13356","4.90272","16.44021","1.79084","0.28186","74.86906","-7.058311","-1.543669","0.461058",,,,,,,,,,,,"-9.85926","3.07945","-2.75213","50.0","5.05188","8.78471","-119.0846","-1.72984","-14.07076","24.18111","-27.77918","MIZ_TIG","NOR_BIS","TaylorStadium","D1","SEC","20260227-TaylorStadium-1","0e6df300-144d-11f1-8b2a-372dde908e8b","81.7521",,,"7.30206",,,,,,,"1b302c73-8876-476a-9477-a2ba524ff780","2026-02-28","02:27:40.46","2026-02-27T20:27:40.4609536-06:00","2026-02-28T02:27:40.4609536Z","","v3","4806","471388","9d219402a542450a8ca9d307da9f26b3","Freiter, Bennett","1000119083","Right","NOR_BIS","ab798496-1dc5-4362-b383-07acb6583a8f","54.14168","-119.92265","12.09055","5.09514","-0.76709","-13.88959","-3.06503","9.27236","-7.03538",,,,,,,,,,,,,,,,,,,,,,,,,,,,,,,,,,,,,,,,,,,,,,,,,,,"High","High","High","","","","","",,,,,,,,,,,,,,,,,,,,,,,,,,,,,,,,,,,"2026","02","27"
"248","2026-02-27","20:27:59.89","4","2","Shupe, Garrett","10013518","Right","NOR_BIS","Benson, Cameron","813272","Left","MIZ_TIG","Undefined","7","Bottom","2","0","1","Fastball","Four-Seam","BallCalled","Undefined","Undefined","Undefined","0","0","","87.3824","0.950861","-2.153527","2289.515443","213.148759","1:00","5.30491","3.00066","6.25175","-21.72194","14.69438","8.78871","4.37234","1.74611","79.02653","-3.19167","-0.567251","0.43433",,,,,,,,,,,,"-5.16618","7.68256","-2.84452","50.0","5.36484","4.40749","-126.79122","1.49121","-8.3337","28.11468","-19.78108","MIZ_TIG","NOR_BIS","TaylorStadium","D1","SEC","20260227-TaylorStadium-1","19f2dce0-144d-11f1-8b2a-372dde908e8b","86.783",,,"8.35587",,,,,,,"1b302c73-8876-476a-9477-a2ba524ff780","2026-02-28","02:27:59.89","2026-02-27T20:27:59.8927360-06:00","2026-02-28T02:27:59.8927360Z","","v3","4806","471388","9d219402a542450a8ca9d307da9f26b3","Freiter, Bennett","1000119083","Right","NOR_BIS","25d2c04f-87c4-47e9-a277-748689354eab","54.24393","-127.72881","14.05734","5.30411","2.15088","-9.89054","-2.99614","4.6854","-4.16685",,,,,,,,,,,,,,,,,,,,,,,,,,,,,,,,,,,,,,,,,,,,,,,,,,,"High","High","High","","","","","",,,,,,,,,,,,,,,,,,,,,,,,,,,,,,,,,,,"2026","02","27"
"249","2026-02-27","20:28:21.74","4","3","Shupe, Garrett","10013518","Right","NOR_BIS","Benson, Cameron","813272","Left","MIZ_TIG","Undefined","7","Bottom","2","1","1","ChangeUp","Changeup","StrikeCalled","Undefined","Undefined","Undefined","0","0","","82.36876","0.370638","-5.15369","1731.928351","237.271171","2:00","5.07669","3.02803","6.7689","-30.13576","10.38788","13.9228","2.90522","-0.53072","74.3796","-5.357944","-2.627953","0.458169",,,,,,,,,,,,"-8.89485","5.81721","-2.69493","50.0","5.08974","10.24922","-119.22574","-0.01342","-12.64546","25.55848","-23.90397","MIZ_TIG","NOR_BIS","TaylorStadium","D1","SEC","20260227-TaylorStadium-1","2704f670-144d-11f1-8b2a-372dde908e8b","82.26757",,,"7.98916",,,,,,,"1b302c73-8876-476a-9477-a2ba524ff780","2026-02-28","02:28:21.74","2026-02-27T20:28:21.7425920-06:00","2026-02-28T02:28:21.7425920Z","","v3","4806","471388","9d219402a542450a8ca9d307da9f26b3","Freiter, Bennett","1000119083","Right","NOR_BIS","c515adb5-5c89-43d2-b6ac-91e62f00dcc9","53.7273","-120.0221","12.77924","5.07856","0.73139","-11.95199","-3.02042","10.64324","-6.32273",,,,,,,,,,,,,,,,,,,,,,,,,,,,,,,,,,,,,,,,,,,,,,,,,,,"High","High","High","","","","","",,,,,,,,,,,,,,,,,,,,,,,,,,,,,,,,,,,"2026","02","27"
"250","2026-02-27","20:28:42.34","4","4","Shupe, Garrett","10013518","Right","NOR_BIS","Benson, Cameron","813272","Left","MIZ_TIG","Undefined","7","Bottom","2","1","2","Fastball","Four-Seam","FoulBallNotFieldable","Undefined","Undefined","Undefined","0","0","","88.67838","-0.144945","-4.04791","2236.042061","215.184528","1:15","5.2518","3.14046","6.35038","-20.71383","14.69513","9.48398","3.3919","0.19854","80.06331","-4.103379","-2.337602","0.42828","72.41736","44.997264","-50.243449","4064.67445","57.03816","77.74722","-94.05662","212.77272","95.12088","-64.324836","4.596334","-6.21548","8.05985","-2.85058","50.0","5.23151","8.71702","-128.49515","-0.90583","-10.26535","29.64824","-18.86263","MIZ_TIG","NOR_BIS","TaylorStadium","D1","SEC","20260227-TaylorStadium-1","33393320-144d-11f1-8b2a-372dde908e8b","88.00887","78.29674",,"8.61507",,,,"1.18433","3.34784","-0.14192","1b302c73-8876-476a-9477-a2ba524ff780","2026-02-28","02:28:42.34","2026-02-27T20:28:42.3489536-06:00","2026-02-28T02:28:42.3489536Z","FlyBall","v3","4806","471388","9d219402a542450a8ca9d307da9f26b3","Freiter, Bennett","1000119083","Right","NOR_BIS","66b2b457-d1fc-45ce-bc41-d8819a1df1e0","54.14745","-129.44857","14.82412","5.25088","-0.29926","-9.43132","-3.13621","9.04713","-5.13267","146.427451","1.19466","47.78984","-14.89314","2.61525","0.76834","-0.6862","0.19617","-0.02546","0.00126","3.34661","75.1107","-21.49152","1.37549","0.24196","-0.29651","0.11208","-0.019","0.0012","-0.14439","-57.67531","5.91155","-0.20802","-0.60012","0.35827","-0.10232","0.01448","-8.1E-4",,,,,,,,,,,,,,,,,,,,,,,"High","High","High","High","Low","","","",,,,,,,,,,,,,,,,,,,,,,,,,,,,,,,,,,,"2026","02","27"
"251","2026-02-27","20:29:07.53","4","5","Shupe, Garrett","10013518","Right","NOR_BIS","Benson, Cameron","813272","Left","MIZ_TIG","Undefined","7","Bottom","2","1","2","Fastball","Four-Seam","InPlay","Undefined","GroundBall","Single","0","0","","88.58788","-1.291315","-4.0667","2269.230509","207.254604","1:00","5.24695","3.1214","6.25983","-18.32855","17.59292","8.35965","2.52569","0.06196","79.40235","-4.828454","-2.561847","0.431368","103.33575","-10.758392","25.477645",,,,,"16.39941","16.39941","22.274413","0.095872","-5.73457","9.96327","-2.82346","50.0","5.14208","8.77908","-128.20591","-3.38419","-9.34496","31.67409","-15.93805","MIZ_TIG","NOR_BIS","TaylorStadium","D1","SEC","20260227-TaylorStadium-1","42599340-144d-11f1-8b2a-372dde908e8b","87.37876","2.71655",,"9.18553",,,,"2.26897","2.71655","0.06608","1b302c73-8876-476a-9477-a2ba524ff780","2026-02-28","02:29:07.53","2026-02-27T20:29:07.5354624-06:00","2026-02-28T02:29:07.5354624Z","GroundBall","v3","4806","471388","9d219402a542450a8ca9d307da9f26b3","Freiter, Bennett","1000119083","Right","NOR_BIS","697feadc-7eab-4a2f-b97e-4a1b050e7f79","54.23713","-129.24848","15.83704","5.24484","-2.85958","-7.96903","-3.11749","9.08668","-4.67248","180.0","2.26574","134.62419",,,,,,,,"2.71722","-28.33513",,,,,,,,"0.06454","64.14798",,,,,,,,,,,,,,,,,,,,,,,,,,,,,,"High","High","High","Low","High","","","",,,,,,,,,,,,,,,,,,,,,,,,,,,,,,,,"59.11857","0.73534","5.65387","2026","02","27"
"252","2026-02-27","20:29:59.01","5","1","Shupe, Garrett","10013518","Right","NOR_BIS","Maisonet, Eric","835908","Left","MIZ_TIG","Undefined","7","Bottom","2","0","0","Fastball","Four-Seam","BallCalled","Undefined","Undefined","Undefined","0","0","","88.00673","-0.516884","-3.132846","2086.092757","205.830593","12:45","5.29306","3.11639","6.0399","-19.23855","17.44107","7.76481","3.21053","0.85985","78.72637","-4.216911","-1.738518","0.435897",,,,,,,,,,,,"-4.99607","9.50481","-2.87571","50.0","5.24233","6.63571","-127.3867","-1.67913","-8.03879","31.24186","-16.88063","MIZ_TIG","NOR_BIS","TaylorStadium","D1","SEC","20260227-TaylorStadium-1","60ec9230-144d-11f1-8b2a-372dde908e8b","86.47098",,,"9.28037",,,,,,,"1b302c73-8876-476a-9477-a2ba524ff780","2026-02-28","02:29:59.01","2026-02-27T20:29:59.0183424-06:00","2026-02-28T02:29:59.0183424Z","","v3","4806","471388","9d219402a542450a8ca9d307da9f26b3","Freiter, Bennett","1000119083","Right","NOR_BIS","fb0e03f1-b17c-4224-aece-e5abe99e98e0","54.45288","-128.47413","15.62093","5.29055","-1.09157","-8.44032","-3.11155","6.91552","-4.0194",,,,,,,,,,,,,,,,,,,,,,,,,,,,,,,,,,,,,,,,,,,,,,,,,,,"High","High","High","","","","","",,,,,,,,,,,,,,,,,,,,,,,,,,,,,,,,,,,"2026","02","27"
"253","2026-02-27","20:30:17.20","5","2","Shupe, Garrett","10013518","Right","NOR_BIS","Maisonet, Eric","835908","Left","MIZ_TIG","Undefined","7","Bottom","2","1","0","ChangeUp","Changeup","FoulBallNotFieldable","Undefined","Undefined","Undefined","0","0","","82.53612","-0.333532","-4.256826","1686.258928","260.990164","2:45","5.11069","2.99853","6.5873","-36.71289","4.20575","16.6521","1.7448","0.47826","74.11129","-7.249151","-1.235801","0.460397",,,,,,,,,,,,"-10.20249","2.77973","-2.713","50.0","5.07296","8.29096","-119.53283","-1.74748","-14.41998","28.00472","-28.24522","MIZ_TIG","NOR_BIS","TaylorStadium","D1","SEC","20260227-TaylorStadium-1","6bba8820-144d-11f1-8b2a-372dde908e8b","81.8695",,,"8.42483",,,,,,,"1b302c73-8876-476a-9477-a2ba524ff780","2026-02-28","02:30:17.20","2026-02-27T20:30:17.2086272-06:00","2026-02-28T02:30:17.2086272Z","","v3","4806","471388","9d219402a542450a8ca9d307da9f26b3","Freiter, Bennett","1000119083","Right","NOR_BIS","4d28b24d-2b7d-40b1-bb61-62b590e7622c","53.91037","-120.44549","14.00236","5.11491","-0.82699","-14.12261","-2.99085","8.7609","-7.20999",,,,,,,,,,,,,,,,,,,,,,,,,,,,,,,,,,,,,,,,,,,,,,,,,,,"High","High","High","","","","","",,,,,,,,,,,,,,,,,,,,,,,,,,,,,,,,,,,"2026","02","27"
"254","2026-02-27","20:30:58.00","5","3","Shupe, Garrett","10013518","Right","NOR_BIS","Maisonet, Eric","835908","Left","MIZ_TIG","Undefined","7","Bottom","2","1","1","ChangeUp","Changeup","BallCalled","Undefined","Undefined","Undefined","0","0","","82.85736","-0.801315","-5.065952","1616.253425","269.090954","3:00","5.07336","3.03097","6.53125","-38.79034","1.71709","15.77328","1.10283","-0.31389","74.98618","-8.051324","-2.21136","0.458077",,,,,,,,,,,,"-9.87501","1.61638","-2.68454","50.0","5.00146","10.05047","-119.91939","-2.83255","-14.15461","26.57968","-29.85717","MIZ_TIG","NOR_BIS","TaylorStadium","D1","SEC","20260227-TaylorStadium-1","842831a0-144d-11f1-8b2a-372dde908e8b","82.28403",,,"7.87118",,,,,,,"1b302c73-8876-476a-9477-a2ba524ff780","2026-02-28","02:30:58.00","2026-02-27T20:30:58.0066816-06:00","2026-02-28T02:30:58.0066816Z","","v3","4806","471388","9d219402a542450a8ca9d307da9f26b3","Freiter, Bennett","1000119083","Right","NOR_BIS","409ed2f5-6856-4a67-a96c-88e309a5611b","53.96724","-120.79551","13.28984","5.07861","-1.84839","-14.92859","-3.02352","10.51704","-7.07731",,,,,,,,,,,,,,,,,,,,,,,,,,,,,,,,,,,,,,,,,,,,,,,,,,,"High","High","High","","","","","",,,,,,,,,,,,,,,,,,,,,,,,,,,,,,,,,,,"2026","02","27"
"255","2026-02-27","20:31:18.20","5","4","Shupe, Garrett","10013518","Right","NOR_BIS","Maisonet, Eric","835908","Left","MIZ_TIG","Undefined","7","Bottom","2","2","1","ChangeUp","Changeup","BallCalled","Undefined","Undefined","StolenBase","0","0","","81.84385","2.083553","-3.06706","1667.729663","238.852083","2:00","5.07027","3.18322","6.5562","-32.47069","8.8178","12.18056","4.27837","1.38341","73.72072","-4.069324","-0.85857","0.462472",,,,,,,,,,,,"-7.28638","4.41386","-2.97579","50.0","5.2008","5.90337","-118.63452","3.4253","-10.24212","25.59398","-25.96968","MIZ_TIG","NOR_BIS","TaylorStadium","D1","SEC","20260227-TaylorStadium-1","902ecea0-144d-11f1-8b2a-372dde908e8b","81.50203",,,"8.12313",,,,,,,"1b302c73-8876-476a-9477-a2ba524ff780","2026-02-28","02:31:18.20","2026-02-27T20:31:18.2070000-06:00","2026-02-28T02:31:18.2070000Z","","v3","4806","471388","9d219402a542450a8ca9d307da9f26b3","Freiter, Bennett","1000119083","Right","NOR_BIS","963ba4c6-eb40-490f-aba1-9121c6ff8326","53.93953","-119.48141","12.79699","5.07325","4.28461","-12.98484","-3.17673","6.24228","-5.12106",,,,,,,,,,,,,,,,,,,,,,,,,,,,,"80.41916","1.96561","0.694272","1.271338","-1.99131","4.02236","-1.33659","-0.84918","6.7566","-1.44051","127.28519","6.33794","0.54841","-0.66353","115.14311","-11.57125","6.74741","12.91638","-10.41005","-1.46017","0.46821","0.89127","High","High","High","","","High","High","High",,,,,,,,,,,,,,,,,,,,,,,,,,,,,,,,,,,"2026","02","27"
"256","2026-02-27","20:31:50.31","5","5","Shupe, Garrett","10013518","Right","NOR_BIS","Maisonet, Eric","835908","Left","MIZ_TIG","Undefined","7","Bottom","2","3","1","ChangeUp","Changeup","BallCalled","Walk","Undefined","Undefined","0","0","","84.04456","-0.604578","-4.743882","1734.904556","266.948845","3:00","5.03481","2.98907","6.44582","-37.05463","2.30851","17.11233","1.3895","0.04633","76.15895","-7.526727","-1.649965","0.451561",,,,,,,,,,,,"-10.37619","1.84799","-2.65884","50.0","4.97578","9.44933","-121.70755","-2.41917","-15.364","26.74737","-29.43771","MIZ_TIG","NOR_BIS","TaylorStadium","D1","SEC","20260227-TaylorStadium-1","a3699900-144d-11f1-8b2a-372dde908e8b","83.47147",,,"7.88561",,,,,,,"1b302c73-8876-476a-9477-a2ba524ff780","2026-02-28","02:31:50.31","2026-02-27T20:31:50.3159808-06:00","2026-02-28T02:31:50.3159808Z","","v3","4806","471388","9d219402a542450a8ca9d307da9f26b3","Freiter, Bennett","1000119083","Right","NOR_BIS","1a727b9b-e2ad-436d-81a1-048ec12001d7","54.05265","-122.59495","13.37368","5.03984","-1.4425","-14.71885","-2.9808","9.95907","-7.682",,,,,,,,,,,,,,,,,,,,,,,,,,,,,,,,,,,,,,,,,,,,,,,,,,,"High","High","High","","","","","",,,,,,,,,,,,,,,,,,,,,,,,,,,,,,,,,,,"2026","02","27"
"257","2026-02-27","20:32:55.38","6","1","Shupe, Garrett","10013518","Right","NOR_BIS","Patterson, Christopher","1000080435","Left","MIZ_TIG","Undefined","7","Bottom","2","0","0","Cutter","Slider","StrikeCalled","Undefined","Undefined","Undefined","0","0","","83.15198","0.298873","-3.532533","2286.613084","177.071207","12:00","5.18391","3.08677","6.09896","-32.43939","7.88914","-0.33713","2.75758","-0.21261","75.90233","-5.745988","-3.593077","0.457065",,,,,,,,,,,,"-0.84654","4.40296","-2.81449","50.0","5.19012","7.456","-120.56475","-0.3735","-1.24162","24.21143","-25.71616","MIZ_TIG","NOR_BIS","TaylorStadium","D1","SEC","20260227-TaylorStadium-1","ca1299d0-144d-11f1-8b2a-372dde908e8b","82.46632",,,"7.24965",,,,,,,"1b302c73-8876-476a-9477-a2ba524ff780","2026-02-28","02:32:55.38","2026-02-27T20:32:55.3807360-06:00","2026-02-28T02:32:55.3807360Z","","v3","4806","471388","9d219402a542450a8ca9d307da9f26b3","Freiter, Bennett","1000119083","Right","NOR_BIS","8769055d-c403-4f92-bcde-d2918303184b","54.39778","-121.44469","12.10572","5.18672","0.56113","-12.85808","-3.08629","7.50112","-0.62081",,,,,,,,,,,,,,,,,,,,,,,,,,,,,,,,,,,,,,,,,,,,,,,,,,,"High","High","High","","","","","",,,,,,,,,,,,,,,,,,,,,,,,,,,,,,,,,,,"2026","02","27"
"258","2026-02-27","20:33:15.03","6","2","Shupe, Garrett","10013518","Right","NOR_BIS","Patterson, Christopher","1000080435","Left","MIZ_TIG","Undefined","7","Bottom","2","0","1","Cutter","Slider","InPlay","Undefined","GroundBall","Error","0","1","","83.73975","0.631784","-3.638971","2317.550146","145.893093","10:45","5.17931","3.01634","6.05649","-34.64274","5.09717","-2.61169","2.87842","-0.57412","76.65905","-5.79277","-4.107419","0.453717","74.48285","-46.590247","-24.883416",,,,,"4.70005","4.70005","-7.957923","0.037027","0.32095","2.79776","-2.73188","50.0","5.20983","7.82424","-121.46615","0.24656","0.47853","24.22523","-28.00238","MIZ_TIG","NOR_BIS","TaylorStadium","D1","SEC","20260227-TaylorStadium-1","d5c6d110-144d-11f1-8b2a-372dde908e8b","83.07485","2.94972",,"7.08071",,,,"2.12347","2.94972","0.52341","1b302c73-8876-476a-9477-a2ba524ff780","2026-02-28","02:33:15.03","2026-02-27T20:33:15.0348800-06:00","2026-02-28T02:33:15.0348800Z","GroundBall","v3","4806","471388","9d219402a542450a8ca9d307da9f26b3","Freiter, Bennett","1000119083","Right","NOR_BIS","fe6478e9-566d-4059-abfc-3bc985ca106b","54.44336","-122.34912","12.11262","5.18224","1.2672","-14.00119","-3.01674","7.8068","0.23927",,"2.12192","68.36328",,,,,,,,"2.95153","-79.66294",,,,,,,,"0.52413","-31.70913",,,,,,,,,,,,,,,,,,,,,,,,,,,,,,"High","High","High","Estimated","Estimated","","","",,,,,,,,,,,,,,,,,,,,,,,,,,,,,,,,"75.35359","13.54342","2.68979","2026","02","27"
"259","2026-02-27","20:34:00.31","7","1","Shupe, Garrett","10013518","Right","NOR_BIS","Frost, Isaiah","801981","Left","MIZ_TIG","Undefined","7","Bottom","2","0","0","ChangeUp","Changeup","InPlay","Undefined","GroundBall","Single","0","2","","83.13013","-0.650619","-4.550894","1747.142333","249.319505","2:15","5.03053","3.02776","6.4033","-32.97376","7.14209","15.2769","1.68251","0.10718","75.56809","-6.830819","-1.791911","0.455858","104.30907","3.950554","7.334483","2644.976104",,,,"113.72355","113.72355","6.003478","0.831723","-9.37119","4.32213","-2.70782","50.0","4.96877","9.02744","-120.4516","-2.33396","-13.64815","25.29199","-25.87934","MIZ_TIG","NOR_BIS","TaylorStadium","D1","SEC","20260227-TaylorStadium-1","f0bb9aa0-144d-11f1-8b2a-372dde908e8b","82.68464","3.47939",,"7.56204",,,,"1.54805","1.72184","0.01853","1b302c73-8876-476a-9477-a2ba524ff780","2026-02-28","02:34:00.31","2026-02-27T20:34:00.3186688-06:00","2026-02-28T02:34:00.3186688Z","GroundBall","v3","4806","471388","9d219402a542450a8ca9d307da9f26b3","Freiter, Bennett","1000119083","Right","NOR_BIS","ddc3b368-7bd5-46b2-bdc9-ad16c8de15e9","54.09613","-121.30864","12.64599","5.033","-1.45701","-12.93967","-3.02156","9.48992","-6.82408","107.6312","1.64735","149.73986","-19.05188",,,,,,,"1.75319","10.02752","-14.6324",,,,,,,"0.05792","18.8319","-5.58248",,,,,,,,,,,,,,,,,,,,,,,,,,,,,"High","High","High","High","High","","","",,,,,,,,,,,,,,,,,,,,,,,,,,,,,,,,"75.57074","6.6565","6.82568","2026","02","27"
"260","2026-02-27","20:34:44.89","8","1","Shupe, Garrett","10013518","Right","NOR_BIS","Woita, Jase","831805","Left","MIZ_TIG","Undefined","7","Bottom","2","0","0","Slider","Slider","BallCalled","Undefined","Undefined","Undefined","0","0","","78.78222","0.292266","-4.516067","2322.403036","66.70253","8:15","5.02171","3.08219","5.83918","-45.54605","-0.18539","-3.6913","1.49869","-1.4314","72.47038","-8.046676","-5.174702","0.484743",,,,,,,,,,,,"0.6085","0.26303","-2.71134","50.0","5.0189","9.15221","-114.12622","-0.86763","0.80139","21.29212","-31.82763","MIZ_TIG","NOR_BIS","TaylorStadium","D1","SEC","20260227-TaylorStadium-1","0b6fffd0-144e-11f1-8b2a-372dde908e8b","77.75765",,,"6.31184",,,,,,,"1b302c73-8876-476a-9477-a2ba524ff780","2026-02-28","02:34:44.89","2026-02-27T20:34:44.8950272-06:00","2026-02-28T02:34:44.8950272Z","","v3","4806","471388","9d219402a542450a8ca9d307da9f26b3","Freiter, Bennett","1000119083","Right","NOR_BIS","26abce12-a492-41b6-b625-c7a9bd0c933a","54.66048","-114.99242","10.64606","5.02786","0.42717","-15.91382","-3.08301","9.1196","0.40069",,,,,,,,,,,,,,,,,,,,,,,,,,,,,,,,,,,,,,,,,,,,,,,,,,,"High","High","High","","","","","",,,,,,,,,,,,,,,,,,,,,,,,,,,,,,,,,,,"2026","02","27"
"261","2026-02-27","20:35:02.67","8","2","Shupe, Garrett","10013518","Right","NOR_BIS","Woita, Jase","831805","Left","MIZ_TIG","Undefined","7","Bottom","2","1","0","ChangeUp","Changeup","InPlay","Undefined","LineDrive","Single","0","1","","81.96638","0.578442","-4.787072","1821.273466","226.340516","1:30","5.00564","3.02663","6.49832","-27.95131","13.41308","12.50355","3.2092","-0.33573","73.88477","-4.738259","-2.529381","0.462897","102.44892","7.915812","23.481941","1241.077243","98.86884","9.43935","48.21696","179.9118","178.95327","28.120119","1.460677","-8.09461","7.26095","-2.6961","50.0","5.03404","9.48878","-118.66159","0.46365","-11.37689","25.7254","-21.96886","MIZ_TIG","NOR_BIS","TaylorStadium","D1","SEC","20260227-TaylorStadium-1","15f74fd0-144e-11f1-8b2a-372dde908e8b","81.42722","9.90406",,"8.08162",,,,"2.48159","3.36117","0.21749","1b302c73-8876-476a-9477-a2ba524ff780","2026-02-28","02:35:02.67","2026-02-27T20:35:02.6746368-06:00","2026-02-28T02:35:02.6746368Z","LineDrive","v3","4806","471388","9d219402a542450a8ca9d307da9f26b3","Freiter, Bennett","1000119083","Right","NOR_BIS","0e156ec1-c345-495b-8ddb-a81de86522e2","53.99964","-119.52556","12.8627","5.00608","1.20145","-10.98443","-3.02118","9.87086","-5.68845","254.715932","2.48159","136.50162","-27.20049","6.38994","-1.48689","0.33982","-0.07327","0.01202","-0.00101","3.36117","20.69306","-16.89458","0.88786","-0.06462","-0.00684","0.00341","1.0E-4","-1.3E-4","0.21748","59.30122","-0.24954","-0.87272","0.39817","-0.12625","0.0313","-0.00522","4.0E-4",,,,,,,,,,,,,,,,,,,,,,,"High","High","High","High","High","","","",,,,,,,,,,,,,,,,,,,,,,,,,,,,,,,,"76.63404","12.63567","15.89693","2026","02","27"
"262","2026-02-27","20:39:15.68","9","1","McCaleb, Connor","1000094054","Right","NOR_BIS","Macon, Tyler","823527","Right","MIZ_TIG","Undefined","7","Bottom","2","0","0","Sinker","Sinker","BallCalled","Undefined","Undefined","Undefined","0","0","","89.01659","-2.625097","-4.869053","2473.84244","244.829403","2:15","5.35053","0.84151","6.04444","-27.02958","8.85024","15.97686","0.65717","-2.34586","80.26744","-7.67943","-2.003856","0.431118",,,,,,,,,,,,"-9.73319","5.81756","-0.46946","50.0","5.13092","10.26838","-128.57451","-6.79948","-16.02577","30.73919","-22.59537","MIZ_TIG","NOR_BIS","TaylorStadium","D1","SEC","20260227-TaylorStadium-1","acce93a0-144e-11f1-8b2a-372dde908e8b","87.42942",,,"8.74915",,,,,,,"1b302c73-8876-476a-9477-a2ba524ff780","2026-02-28","02:39:15.68","2026-02-27T20:39:15.6886528-06:00","2026-02-28T02:39:15.6886528Z","","v3","4806","471388","9d219402a542450a8ca9d307da9f26b3","Freiter, Bennett","1000119083","Right","NOR_BIS","f0752436-c72a-496e-9c07-02caa4cbeeb3","54.4518","-129.63446","15.36959","5.35194","-6.02034","-11.29768","-0.83306","10.82098","-8.01289",,,,,,,,,,,,,,,,,,,,,,,,,,,,,,,,,,,,,,,,,,,,,,,,,,,"High","High","High","","","","","",,,,,,,,,,,,,,,,,,,,,,,,,,,,,,,,,,,"2026","02","27"
"263","2026-02-27","20:39:35.97","9","2","McCaleb, Connor","1000094054","Right","NOR_BIS","Macon, Tyler","823527","Right","MIZ_TIG","Undefined","7","Bottom","2","1","0","Curveball","Curveball","StrikeCalled","Undefined","Undefined","Undefined","0","0","","77.8978","2.527771","0.571659","2577.049361","54.671814","7:45","5.14108","1.32584","5.18745","-54.38023","-7.51378","-12.45627","2.98915","0.82564","72.07149","-7.304679","-1.636272","0.492722",,,,,,,,,,,,"6.33638","-3.93788","-1.36916","50.0","5.33436","-0.62723","-113.15106","3.05852","8.29093","18.85492","-37.32664","MIZ_TIG","NOR_BIS","TaylorStadium","D1","SEC","20260227-TaylorStadium-1","b8d334d0-144e-11f1-8b2a-372dde908e8b","76.49833",,,"5.82631",,,,,,,"1b302c73-8876-476a-9477-a2ba524ff780","2026-02-28","02:39:35.97","2026-02-27T20:39:35.9767040-06:00","2026-02-28T02:39:35.9767040Z","","v3","4806","471388","9d219402a542450a8ca9d307da9f26b3","Freiter, Bennett","1000119083","Right","NOR_BIS","16f99207-5425-4b30-9141-b5e0dd75ee81","55.31561","-114.03339","9.42746","5.15037","4.80524","-18.66332","-1.33073","-1.01521","4.14547",,,,,,,,,,,,,,,,,,,,,,,,,,,,,,,,,,,,,,,,,,,,,,,,,,,"High","High","High","","","","","",,,,,,,,,,,,,,,,,,,,,,,,,,,,,,,,,,,"2026","02","27"
"264","2026-02-27","20:39:52.06","9","3","McCaleb, Connor","1000094054","Right","NOR_BIS","Macon, Tyler","823527","Right","MIZ_TIG","Undefined","7","Bottom","2","1","1","Sinker","Sinker","FoulBallNotFieldable","Undefined","Undefined","Undefined","0","0","","90.26444","-0.845603","-2.590056","2565.463914","234.557207","1:45","5.35012","0.92331","6.04202","-22.94883","11.84768","14.79276","2.65394","-0.24365","80.91423","-5.195139","0.070637","0.42456",,,,,,,,,,,,"-8.49209","6.75764","-0.72923","50.0","5.27197","5.28581","-130.7971","-2.65556","-14.39843","33.05833","-20.71641","MIZ_TIG","NOR_BIS","TaylorStadium","D1","SEC","20260227-TaylorStadium-1","c25a04c0-144e-11f1-8b2a-372dde908e8b","88.77994",,,"9.35021",,,,,,,"1b302c73-8876-476a-9477-a2ba524ff780","2026-02-28","02:39:52.06","2026-02-27T20:39:52.0619008-06:00","2026-02-28T02:39:52.0619008Z","","v3","4806","471388","9d219402a542450a8ca9d307da9f26b3","Freiter, Bennett","1000119083","Right","NOR_BIS","77ae6f1c-7f2a-4a0e-96af-768c0a7a85b7","54.45487","-131.91824","16.52916","5.35012","-1.95299","-10.35821","-0.91677","5.77412","-7.19921",,,,,,,,,,,,,,,,,,,,,,,,,,,,,,,,,,,,,,,,,,,,,,,,,,,"High","High","High","","","","","",,,,,,,,,,,,,,,,,,,,,,,,,,,,,,,,,,,"2026","02","27"
"265","2026-02-27","20:40:14.39","9","4","McCaleb, Connor","1000094054","Right","NOR_BIS","Macon, Tyler","823527","Right","MIZ_TIG","Undefined","7","Bottom","2","1","2","Curveball","Curveball","StrikeSwinging","Strikeout","Undefined","Undefined","0","0","","78.80542","0.970744","-1.703274","2701.15137","28.627088","7:00","5.12968","1.24653","5.22511","-60.28377","-13.86052","-8.38343","1.01914","-1.05385","72.33026","-9.903247","-3.192607","0.490387",,,,,,,,,,,,"3.68394","-6.80398","-1.08291","50.0","5.17365","3.73782","-114.35986","-0.23175","4.83759","22.74563","-41.1088","MIZ_TIG","NOR_BIS","TaylorStadium","D1","SEC","20260227-TaylorStadium-1","cfc22d90-144e-11f1-8b2a-372dde908e8b","76.8626",,,"6.47515",,,,,,,"1b302c73-8876-476a-9477-a2ba524ff780","2026-02-28","02:40:14.39","2026-02-27T20:40:14.3925760-06:00","2026-02-28T02:40:14.3925760Z","","v3","4806","471388","9d219402a542450a8ca9d307da9f26b3","Freiter, Bennett","1000119083","Right","NOR_BIS","fd82b5be-83bf-415a-83f0-d8cf5673a81b","55.27785","-115.40482","11.37282","5.14091","1.65684","-20.5544","-1.24952","3.51558","2.4188",,,,,,,,,,,,,,,,,,,,,,,,,,,,,,,,,,,,,,,,,,,,,,,,,,,"High","High","High","","","","","",,,,,,,,,,,,,,,,,,,,,,,,,,,,,,,,,,,"2026","02","27"
"287","2026-02-27","20:53:59.48","1","1","McCaleb, Connor","1000094054","Right","NOR_BIS","Serna, Mateo","806219","Left","MIZ_TIG","Undefined","8","Bottom","0","0","0","Sinker","Sinker","BallCalled","Undefined","Undefined","Undefined","0","0","","88.74545","-1.791736","-2.202401","2485.92874","247.704958","2:15","5.39932","0.83349","6.13845","-28.51486","6.92473","13.95142","1.36542","-0.04032","80.78258","-7.110173","0.314947","0.428465",,,,,,,,,,,,"-7.86213","4.48709","-0.67243","50.0","5.24796","4.37933","-128.76786","-4.9631","-13.08673","28.8926","-24.70516","MIZ_TIG","NOR_BIS","TaylorStadium","D1","SEC","20260227-TaylorStadium-1","bb7f5720-1450-11f1-8b2a-372dde908e8b","87.97079",,,"7.96286",,,,,,,"1b302c73-8876-476a-9477-a2ba524ff780","2026-02-28","02:53:59.48","2026-02-27T20:53:59.4889216-06:00","2026-02-28T02:53:59.4889216Z","","v3","4806","471388","9d219402a542450a8ca9d307da9f26b3","Freiter, Bennett","1000119083","Right","NOR_BIS","9548763f-bcc3-4bc9-ba1d-10b9e7f28170","54.36003","-129.74246","14.4463","5.40132","-4.12975","-12.35258","-0.82761","4.82077","-6.54337",,,,,,,,,,,,,,,,,,,,,,,,,,,,,,,,,,,,,,,,,,,,,,,,,,,"High","High","High","","","","","",,,,,,,,,,,,,,,,,,,,,,,,,,,,,,,,,,,"2026","02","27"
"288","2026-02-27","20:54:15.01","1","2","McCaleb, Connor","1000094054","Right","NOR_BIS","Serna, Mateo","806219","Left","MIZ_TIG","Undefined","8","Bottom","0","1","0","Sinker","Sinker","InPlay","Undefined","GroundBall","Out","1","0","","90.32885","-1.32106","-1.646821","2571.833776","236.443218","2:00","5.25542","0.93858","6.11509","-24.46253","9.93217","13.12465","1.99471","0.50924","81.63686","-5.925489","0.719834","0.422102","99.39827","-13.02746","16.331745",,,,,"10.39432","9.58241","11.303582","0.062585","-7.33233","5.90469","-0.81916","50.0","5.14142","3.22379","-131.06452","-3.80809","-12.56456","31.54275","-22.05583","MIZ_TIG","NOR_BIS","TaylorStadium","D1","SEC","20260227-TaylorStadium-1","c4c79770-1450-11f1-8b2a-372dde908e8b","89.29701","2.05943",,"8.69199",,,,"1.65097","2.05943","-0.46555","1b302c73-8876-476a-9477-a2ba524ff780","2026-02-28","02:54:15.01","2026-02-27T20:54:15.0102016-06:00","2026-02-28T02:54:15.0102016Z","GroundBall","v3","4806","471388","9d219402a542450a8ca9d307da9f26b3","Freiter, Bennett","1000119083","Right","NOR_BIS","ba4f5ade-7fbf-4994-b36c-d917ac0f7f9a","54.38333","-132.11522","15.77138","5.25603","-3.0734","-11.02792","-0.93352","3.64232","-6.28228","180.0","1.64914","136.48214",,,,,,,,"2.05987","-32.90606",,,,,,,,"-0.46609","39.99227",,,,,,,,,,,,,,,,,,,,,,,,,,,,,,"High","High","High","Low","Low","","","",,,,,,,,,,,,,,,,,,,,,,,,,,,,,,,,,,,"2026","02","27"
"289","2026-02-27","20:54:50.28","2","1","McCaleb, Connor","1000094054","Right","NOR_BIS","Parker, Sam","806179","Left","MIZ_TIG","Undefined","8","Bottom","1","0","0","Fastball","Sinker","InPlay","Undefined","LineDrive","Single","0","0","","89.40015","-1.009355","-1.863317","2431.85437","227.098847","1:30","5.29882","0.80399","5.95759","-20.90978","14.82946","14.4417","2.61973","0.27892","79.75609","-5.002961","0.731489","0.430273","92.43657","10.811184","26.78185","1786.482524","95.75794","11.19508","54.13256","176.17465","175.11866","32.141027","1.592845","-8.11906","8.36882","-0.66426","50.0","5.20725","3.60427","-129.52481","-2.91471","-13.42144","33.84015","-18.33976","MIZ_TIG","NOR_BIS","TaylorStadium","D1","SEC","20260227-TaylorStadium-1","d9d10750-1450-11f1-8b2a-372dde908e8b","87.60127","11.7895",,"9.64407",,,,"3.10037","2.80839","-0.28473","1b302c73-8876-476a-9477-a2ba524ff780","2026-02-28","02:54:50.28","2026-02-27T20:54:50.2877184-06:00","2026-02-28T02:54:50.2877184Z","LineDrive","v3","4806","471388","9d219402a542450a8ca9d307da9f26b3","Freiter, Bennett","1000119083","Right","NOR_BIS","8dc180a5-c393-4e43-b85c-2b80ba5024bd","54.53942","-130.70541","16.92008","5.29777","-2.27488","-9.16988","-0.79817","4.07251","-6.71072","262.119335","3.10038","118.88183","-23.62671","5.61621","-1.25172","0.22951","-0.0049","-0.01581","0.00379","2.80839","25.43035","-18.97849","1.56503","-0.36617","0.19638","-0.13616","0.0575","-0.01006","-0.28473","60.00459","-0.67506","-0.0268","0.03653","0.03873","-0.05032","0.02399","-0.00436",,,,,,,,,,,,,,,,,,,,,,,"High","High","High","High","High","","","",,,,,,,,,,,,,,,,,,,,,,,,,,,,,,,,"75.56361","14.90186","22.41015","2026","02","27"
"290","2026-02-27","20:55:29.58","3","1","McCaleb, Connor","1000094054","Right","NOR_BIS","Knutson, Keegan","821322","Right","MIZ_TIG","Undefined","8","Bottom","1","0","0","Fastball","Four-Seam","InPlay","Undefined","GroundBall","FieldersChoice","1","0","","89.60347","-0.594761","-1.518361","2433.394647","225.255926","1:30","5.30782","0.94017","5.98899","-20.60308","14.86737","13.6106","3.03947","0.66685","80.01161","-4.534142","0.928799","0.428652","70.49934","2.617314","10.552364","2074.202392",,,,"58.91305","58.91305","12.068208","0.602983","-7.508","8.22729","-0.82782","50.0","5.24979","2.85703","-129.85426","-1.96506","-12.49965","33.51743","-18.47689","MIZ_TIG","NOR_BIS","TaylorStadium","D1","SEC","20260227-TaylorStadium-1","f13900a0-1450-11f1-8b2a-372dde908e8b","87.93251","3.34203",,"9.59187",,,,"0.99326","3.00823","-0.67465","1b302c73-8876-476a-9477-a2ba524ff780","2026-02-28","02:55:29.58","2026-02-27T20:55:29.5811584-06:00","2026-02-28T02:55:29.5811584Z","GroundBall","v3","4806","471388","9d219402a542450a8ca9d307da9f26b3","Freiter, Bennett","1000119083","Right","NOR_BIS","2c4b6e95-0c30-45a9-85b3-637b4d012c17","54.50668","-131.01234","16.75871","5.30665","-1.32665","-9.23845","-0.934","3.28892","-6.24983","271.276901","1.00933","101.18484","-12.17328",,,,,,,"3.02009","4.45809","-15.73081",,,,,,,"-0.68666","19.18563","3.97836",,,,,,,,,,,,,,,,,,,,,,,,,,,,,"High","High","High","High","High","","","",,,,,,,,,,,,,,,,,,,,,,,,,,,,,,,,"58.53616","2.62262","3.88266","2026","02","27"
"291","2026-02-27","20:56:09.86","4","1","McCaleb, Connor","1000094054","Right","NOR_BIS","Benson, Cameron","813272","Left","MIZ_TIG","Undefined","8","Bottom","2","0","0","Fastball","Sinker","BallCalled","Undefined","Undefined","Undefined","0","0","","89.701","-1.570841","-3.14781","2452.461626","230.709619","1:45","5.2866","0.75909","5.96602","-22.0373","13.27583","14.60497","1.99113","-0.9454","80.59978","-5.744586","-0.526231","0.4277",,,,,,,,,,,,"-8.47469","7.70591","-0.51717","50.0","5.1498","6.50517","-129.86873","-4.2543","-14.21011","31.81411","-19.25304","MIZ_TIG","NOR_BIS","TaylorStadium","D1","SEC","20260227-TaylorStadium-1","0940e370-1451-11f1-8b2a-372dde908e8b","88.12815",,,"9.10122",,,,,,,"1b302c73-8876-476a-9477-a2ba524ff780","2026-02-28","02:56:09.86","2026-02-27T20:56:09.8626560-06:00","2026-02-28T02:56:09.8626560Z","","v3","4806","471388","9d219402a542450a8ca9d307da9f26b3","Freiter, Bennett","1000119083","Right","NOR_BIS","944907e6-2fc1-4601-99f5-280c60be630d","54.5296","-130.97365","15.90706","5.28594","-3.58563","-9.62652","-0.75167","6.99869","-7.10506",,,,,,,,,,,,,,,,,,,,,,,,,,,,,,,,,,,,,,,,,,,,,,,,,,,"High","High","High","","","","","",,,,,,,,,,,,,,,,,,,,,,,,,,,,,,,,,,,"2026","02","27"
"292","2026-02-27","20:56:32.50","4","2","McCaleb, Connor","1000094054","Right","NOR_BIS","Benson, Cameron","813272","Left","MIZ_TIG","Undefined","8","Bottom","2","1","0","Curveball","Curveball","BallCalled","Undefined","Undefined","Undefined","0","0","","79.43831","1.96262","0.288876","2522.965324","51.060929","7:45","5.052","1.36332","5.2372","-50.8892","-5.24559","-8.3478","2.65668","0.93919","72.42797","-7.294387","-1.192555","0.486252",,,,,,,,,,,,"4.21713","-2.66591","-1.38357","50.0","5.19496","-0.23168","-115.20841","2.11305","5.63274","22.64568","-35.73483","MIZ_TIG","NOR_BIS","TaylorStadium","D1","SEC","20260227-TaylorStadium-1","16b408c0-1451-11f1-8b2a-372dde908e8b","77.51628",,,"7.01034",,,,,,,"1b302c73-8876-476a-9477-a2ba524ff780","2026-02-28","02:56:32.50","2026-02-27T20:56:32.5072384-06:00","2026-02-28T02:56:32.5072384Z","","v3","4806","471388","9d219402a542450a8ca9d307da9f26b3","Freiter, Bennett","1000119083","Right","NOR_BIS","80f37093-3b95-45c1-a8f3-6a8406e70357","55.26189","-116.2381","11.32284","5.06194","3.73789","-17.86742","-1.36721","-0.4878","2.81637",,,,,,,,,,,,,,,,,,,,,,,,,,,,,,,,,,,,,,,,,,,,,,,,,,,"High","High","High","","","","","",,,,,,,,,,,,,,,,,,,,,,,,,,,,,,,,,,,"2026","02","27"
"293","2026-02-27","20:56:53.04","4","3","McCaleb, Connor","1000094054","Right","NOR_BIS","Benson, Cameron","813272","Left","MIZ_TIG","Undefined","8","Bottom","2","2","0","Sinker","Sinker","FoulBallNotFieldable","Undefined","Undefined","Undefined","0","0","","88.35568","-0.638981","-2.032115","2476.814797","245.619118","2:15","5.22756","0.90239","6.30879","-27.69919","7.765","14.49906","2.33027","0.23784","80.32194","-5.841595","0.591201","0.428614","70.5021","15.359206","-172.63382","2517.99013","-107.53109","9.40382","-23.17385","144.61341","40.74943","-166.66038","1.682543","-8.19926","4.57425","-0.76027","50.0","5.16747","3.9861","-128.33149","-2.29403","-13.55274","28.74839","-24.61315","MIZ_TIG","NOR_BIS","TaylorStadium","D1","SEC","20260227-TaylorStadium-1","22e73400-1451-11f1-8b2a-372dde908e8b","87.94028","12.9399",,"8.03374",,,,"2.59387","2.53193","-0.3631","1b302c73-8876-476a-9477-a2ba524ff780","2026-02-28","02:56:53.04","2026-02-27T20:56:53.0410496-06:00","2026-02-28T02:56:53.0410496Z","LineDrive","v3","4806","471388","9d219402a542450a8ca9d307da9f26b3","Freiter, Bennett","1000119083","Right","NOR_BIS","a8475748-1346-467a-b11b-17f2a043239d","54.19094","-129.26692","14.37419","5.22908","-1.49315","-12.30658","-0.89715","4.42709","-6.77637","271.395553","2.45136","-97.70624","7.54157",,,,,,,"2.71973","25.87405","-16.39914",,,,,,,"-0.1807","-14.29334","-3.28176",,,,,,,,,,,,,,,,,,,,,,,,,,,,,"High","High","High","High","Low","","","",,,,,,,,,,,,,,,,,,,,,,,,,,,,,,,,"71.06559","9.21127","12.01447","2026","02","27"
"294","2026-02-27","20:57:20.99","4","4","McCaleb, Connor","1000094054","Right","NOR_BIS","Benson, Cameron","813272","Left","MIZ_TIG","Undefined","8","Bottom","2","2","1","Fastball","Four-Seam","InPlay","Undefined","LineDrive","Single","1","0","","88.54337","-1.212076","-1.140038","2387.188418","228.254975","1:30","5.20075","1.05343","5.90238","-24.04852","12.31162","12.24233","2.07114","1.01518","79.39849","-5.753526","1.05876","0.433995","90.29047","16.928771","-5.726112","3276.672021","108.75929","28.31539","-16.47438","275.30248","275.30248","-12.037181","3.283721","-6.69115","7.11441","-0.96896","50.0","5.0898","2.03922","-128.3453","-3.47922","-10.90538","32.23208","-20.57877","MIZ_TIG","NOR_BIS","TaylorStadium","D1","SEC","20260227-TaylorStadium-1","33922bc0-1451-11f1-8b2a-372dde908e8b","86.85003","32.25069",,"9.14489",,,,"1.76238","2.13702","-1.014","1b302c73-8876-476a-9477-a2ba524ff780","2026-02-28","02:57:20.99","2026-02-27T20:57:20.9957888-06:00","2026-02-28T02:57:20.9957888Z","LineDrive","v3","4806","471388","9d219402a542450a8ca9d307da9f26b3","Freiter, Bennett","1000119083","Right","NOR_BIS","106be5f8-b3e3-4741-ad2b-7dbcf667f325","54.59474","-129.49406","16.11604","5.20073","-2.74579","-10.28939","-1.04857","2.42789","-5.45269","149.44381","1.76254","126.05212","-23.23101","4.87914","-0.97185","0.19812","-0.04056","0.00607","-4.1E-4","2.13676","38.5652","-12.36356","-0.1843","0.21535","-0.09797","0.03385","-0.006","4.2E-4","-1.01382","-12.64273","-4.08536","1.68101","-0.52389","0.17143","-0.04936","0.00865","-6.4E-4",,,,,,,,,,,,,,,,,,,,,,,"High","High","High","High","High","","","",,,,,,,,,,,,,,,,,,,,,,,,,,,,,,,,,,,"2026","02","27"
"9","2026-02-27","18:08:03.70","1","1","Puetz, Parker","1000213729","Right","NOR_BIS","Woita, Jase","831805","Left","MIZ_TIG","Undefined","1","Bottom","0","0","0","Fastball","Four-Seam","BallCalled","Undefined","Undefined","Undefined","0","0","","92.65496","1.390795","-1.286823","2284.68925","213.521864","1:00","5.28311","1.74852","6.10491","-15.98359","16.51548","10.22658","5.23788","1.41052","83.84733","-1.684015","0.555082","0.410305",,,,,,,,,,,,"-5.58536","8.38217","-1.65446","50.0","5.38138","2.56326","-134.46832","2.81905","-10.15524","31.05723","-16.93365","MIZ_TIG","NOR_BIS","TaylorStadium","D1","SEC","20260227-TaylorStadium-1","8d5d0110-1439-11f1-8b2a-372dde908e8b","91.86438",,,"8.80763",,,,,,,"1b302c73-8876-476a-9477-a2ba524ff780","2026-02-28","00:08:03.70","2026-02-27T18:08:03.7048832-06:00","2026-02-28T00:08:03.7048832Z","","v3","4806","471388","9d219402a542450a8ca9d307da9f26b3","Freiter, Bennett","1000119083","Right","NOR_BIS","1d5e259f-4921-40a3-a3fa-bc9e90568361","54.39051","-135.47857","15.52862","5.28072","3.36988","-8.46682","-1.74321","2.8936","-5.07762",,,,,,,,,,,,,,,,,,,,,,,,,,,,,,,,,,,,,,,,,,,,,,,,,,,"High","High","High","","","","","",,,,,,,,,,,,,,,,,,,,,,,,,,,,,,,,,,,"2026","02","28"
"10","2026-02-27","18:08:20.72","1","2","Puetz, Parker","1000213729","Right","NOR_BIS","Woita, Jase","831805","Left","MIZ_TIG","Undefined","1","Bottom","0","1","0","Fastball","Four-Seam","InPlay","Undefined","LineDrive","Single","0","0","","92.07909","-1.424528","-3.358536","2230.437405","223.153425","1:30","5.27105","1.64599","6.09659","-19.59316","13.37198","11.49253","2.31818","-0.50622","83.63505","-5.134435","-1.292051","0.413237","96.93813","11.54809","15.877212","1104.611429","104.9232","16.59676","33.03046","242.46934","242.46934","19.8075","2.246277","-6.9617","7.6578","-1.39328","50.0","5.1509","7.35281","-133.51518","-3.93616","-12.47993","30.59677","-18.44628","MIZ_TIG","NOR_BIS","TaylorStadium","D1","SEC","20260227-TaylorStadium-1","977da000-1439-11f1-8b2a-372dde908e8b","91.21272","17.03945",,"8.44404",,,,"2.53522","2.41748","0.46762","1b302c73-8876-476a-9477-a2ba524ff780","2026-02-28","00:08:20.72","2026-02-27T18:08:20.7258112-06:00","2026-02-28T00:08:20.7258112Z","LineDrive","v3","4806","471388","9d219402a542450a8ca9d307da9f26b3","Freiter, Bennett","1000119083","Right","NOR_BIS","3a305205-37d2-48f5-a5ca-7b58ce47592c","54.40267","-134.52033","15.29838","5.27025","-3.33018","-9.22314","-1.64157","7.7628","-6.23997","223.464136","2.5352","133.98455","-21.25917","4.16365","-0.86535","0.13388","0.00817","-0.01068","0.00171","2.41751","28.46074","-14.58393","0.79353","-0.11374","0.0663","-0.04944","0.01833","-0.00245","0.46766","38.10666","-0.32919","-0.42856","0.15617","0.01827","-0.05396","0.02272","-0.00313",,,,,,,,,,,,,,,,,,,,,,,"High","High","High","High","High","","","",,,,,,,,,,,,,,,,,,,,,,,,,,,,,,,,"76.7551","8.6171","8.30841","2026","02","28"
"11","2026-02-27","18:09:27.88","2","1","Puetz, Parker","1000213729","Right","NOR_BIS","Macon, Tyler","823527","Right","MIZ_TIG","Undefined","1","Bottom","0","0","0","Fastball","Four-Seam","FoulBallNotFieldable","Undefined","Undefined","Undefined","0","0","","91.52917","-1.101529","-3.579799","2341.063443","218.905068","1:15","5.38098","1.51461","6.10268","-17.12922","16.55261","12.3578","2.93272","-0.77052","82.26672","-4.396623","-1.358853","0.417705","75.96261","20.059359","162.584932","3693.640519","-106.87325","17.2939","26.04037","166.72873","52.31277","168.745701","1.901258","-7.38575","9.18985","-1.2446","50.0","5.28691","7.72763","-132.49452","-3.02677","-12.93316","32.24761","-16.08176","MIZ_TIG","NOR_BIS","TaylorStadium","D1","SEC","20260227-TaylorStadium-1","bf9af150-1439-11f1-8b2a-372dde908e8b","90.23704","19.0004",,"9.26245",,,,"0.46584","2.85104","0.77782","1b302c73-8876-476a-9477-a2ba524ff780","2026-02-28","00:09:27.88","2026-02-27T18:09:27.8848000-06:00","2026-02-28T00:09:27.8848000Z","LineDrive","v3","4806","471388","9d219402a542450a8ca9d307da9f26b3","Freiter, Bennett","1000119083","Right","NOR_BIS","fc6783ce-e8dc-4d80-ab4d-fe42190010cd","54.3903","-133.5588","16.12381","5.37804","-2.49602","-8.04088","-1.50668","8.15447","-6.46658","305.293099","0.46587","-99.85966","8.38875","-1.29802","0.82185","-0.5528","0.25895","-0.06699","0.0073","2.85107","38.20883","-24.4359","2.24873","0.07658","-0.39707","0.21928","-0.05769","0.00625","0.77785","31.31737","-9.91103","1.33562","0.24607","-0.42911","0.21992","-0.05717","0.00619",,,,,,,,,,,,,,,,,,,,,,,"High","High","High","High","Low","","","",,,,,,,,,,,,,,,,,,,,,,,,,,,,,,,,"73.10536","15.56504","5.47469","2026","02","28"
"12","2026-02-27","18:09:49.05","2","2","Puetz, Parker","1000213729","Right","NOR_BIS","Macon, Tyler","823527","Right","MIZ_TIG","Undefined","1","Bottom","0","0","1","Slider","Slider","BallCalled","Undefined","Undefined","Undefined","0","0","","82.7867","0.752891","-1.610749","2644.979804","73.782518","8:30","5.06879","1.76874","5.43004","-45.47975","-2.89284","-15.6004","1.98425","-1.04024","74.21253","-7.586885","-4.386556","0.469688",,,,,,,,,,,,"7.17032","-1.15095","-1.61525","50.0","5.10486","4.04719","-119.827","-0.07623","10.13747","29.10922","-33.80127","MIZ_TIG","NOR_BIS","TaylorStadium","D1","SEC","20260227-TaylorStadium-1","cc2e16e0-1439-11f1-8b2a-372dde908e8b","80.24996",,,"8.57417",,,,,,,"1b302c73-8876-476a-9477-a2ba524ff780","2026-02-28","00:09:49.05","2026-02-27T18:09:49.0564096-06:00","2026-02-28T00:09:49.0564096Z","","v3","4806","471388","9d219402a542450a8ca9d307da9f26b3","Freiter, Bennett","1000119083","Right","NOR_BIS","063fa79b-20a4-4649-9706-7c98b352f348","55.06533","-121.05125","14.55461","5.07817","1.34535","-16.90063","-1.7765","3.62083","5.06873",,,,,,,,,,,,,,,,,,,,,,,,,,,,,,,,,,,,,,,,,,,,,,,,,,,"High","High","High","","","","","",,,,,,,,,,,,,,,,,,,,,,,,,,,,,,,,,,,"2026","02","28"
"13","2026-02-27","18:10:12.44","2","3","Puetz, Parker","1000213729","Right","NOR_BIS","Macon, Tyler","823527","Right","MIZ_TIG","Undefined","1","Bottom","0","1","1","Slider","Slider","BallCalled","Undefined","Undefined","Undefined","0","0","","81.94351","-0.308379","-2.881314","2680.067254","77.739297","8:30","5.18152","1.73375","5.58773","-45.42302","-2.15469","-17.47651","1.10794","-2.41546","73.78841","-8.625019","-5.994888","0.473431",,,,,,,,,,,,"7.69638","-0.3937","-1.47514","50.0","5.12642","6.70309","-118.55491","-2.22986","10.65083","28.50587","-32.71886","MIZ_TIG","NOR_BIS","TaylorStadium","D1","SEC","20260227-TaylorStadium-1","da2fe7a0-1439-11f1-8b2a-372dde908e8b","79.61553",,,"8.1551",,,,,,,"1b302c73-8876-476a-9477-a2ba524ff780","2026-02-28","00:10:12.44","2026-02-27T18:10:12.4429312-06:00","2026-02-28T00:10:12.4429312Z","","v3","4806","471388","9d219402a542450a8ca9d307da9f26b3","Freiter, Bennett","1000119083","Right","NOR_BIS","209477bf-8e54-4bf8-bbc7-01f89530515a","54.9078","-119.72915","14.25293","5.19051","-0.88208","-16.35943","-1.74222","6.26435","5.32542",,,,,,,,,,,,,,,,,,,,,,,,,,,,,,,,,,,,,,,,,,,,,,,,,,,"High","High","High","","","","","",,,,,,,,,,,,,,,,,,,,,,,,,,,,,,,,,,,"2026","02","28"
"14","2026-02-27","18:10:33.40","2","4","Puetz, Parker","1000213729","Right","NOR_BIS","Macon, Tyler","823527","Right","MIZ_TIG","Undefined","1","Bottom","0","2","1","Cutter","Slider","StrikeCalled","Undefined","Undefined","Undefined","0","0","","87.42414","-0.538933","-2.738805","2513.010929","167.745216","11:30","5.14834","1.75972","5.5285","-26.79372","10.21843","-1.97386","2.41114","-0.96703","80.22607","-5.487783","-3.090031","0.437868",,,,,,,,,,,,"0.25634","5.6604","-1.52023","50.0","5.08372","6.15303","-126.82624","-2.12991","0.41881","25.17466","-22.92563","MIZ_TIG","NOR_BIS","TaylorStadium","D1","SEC","20260227-TaylorStadium-1","e6a39e50-1439-11f1-8b2a-372dde908e8b","86.08168",,,"7.19806",,,,,,,"1b302c73-8876-476a-9477-a2ba524ff780","2026-02-28","00:10:33.40","2026-02-27T18:10:33.4051328-06:00","2026-02-28T00:10:33.4051328Z","","v3","4806","471388","9d219402a542450a8ca9d307da9f26b3","Freiter, Bennett","1000119083","Right","NOR_BIS","39f083d7-3a2e-4440-b19e-0e8d7af67532","54.96936","-127.80884","12.58733","5.14939","-1.2351","-11.46282","-1.76008","6.13669","0.20941",,,,,,,,,,,,,,,,,,,,,,,,,,,,,,,,,,,,,,,,,,,,,,,,,,,"High","High","High","","","","","",,,,,,,,,,,,,,,,,,,,,,,,,,,,,,,,,,,"2026","02","28"
"15","2026-02-27","18:10:53.61","2","5","Puetz, Parker","1000213729","Right","NOR_BIS","Macon, Tyler","823527","Right","MIZ_TIG","Undefined","1","Bottom","0","2","2","Cutter","Slider","StrikeSwinging","Strikeout","Undefined","Undefined","0","0","","87.09898","0.386158","-2.403502","2651.883997","125.856938","10:15","5.05029","1.75285","5.31838","-32.26931","5.23055","-5.69733","2.72391","-0.97894","80.08854","-5.514891","-3.413604","0.440744",,,,,,,,,,,,"2.23575","2.83851","-1.53072","50.0","5.06188","5.55279","-126.41481","-0.34153","3.63332","24.74378","-27.56118","MIZ_TIG","NOR_BIS","TaylorStadium","D1","SEC","20260227-TaylorStadium-1","f2a77c30-1439-11f1-8b2a-372dde908e8b","85.52004",,,"7.01044",,,,,,,"1b302c73-8876-476a-9477-a2ba524ff780","2026-02-28","00:10:53.61","2026-02-27T18:10:53.6173056-06:00","2026-02-28T00:10:53.6173056Z","","v3","4806","471388","9d219402a542450a8ca9d307da9f26b3","Freiter, Bennett","1000119083","Right","NOR_BIS","c5420d58-ebfa-463c-aaf4-d9a3b253ff6d","55.18188","-127.42505","12.37189","5.05285","0.78373","-13.78059","-1.7544","5.40445","1.81666",,,,,,,,,,,,,,,,,,,,,,,,,,,,,,,,,,,,,,,,,,,,,,,,,,,"High","High","High","","","","","",,,,,,,,,,,,,,,,,,,,,,,,,,,,,,,,,,,"2026","02","28"
"16","2026-02-27","18:11:30.44","3","1","Puetz, Parker","1000213729","Right","NOR_BIS","Serna, Mateo","806219","Left","MIZ_TIG","Undefined","1","Bottom","1","0","0","Fastball","Four-Seam","BallCalled","Undefined","Undefined","Undefined","0","0","","90.93361","-0.490882","-1.091648","2370.067918","213.891383","1:15","5.24976","1.675","5.91309","-16.90981","17.37438","10.82875","3.38492","1.56409","81.70324","-3.743314","0.852442","0.421423",,,,,,,,,,,,"-5.82898","9.37886","-1.59326","50.0","5.20078","2.02409","-131.8448","-1.61028","-10.09096","32.34572","-15.9376","MIZ_TIG","NOR_BIS","TaylorStadium","D1","SEC","20260227-TaylorStadium-1","08a18da0-143a-11f1-8b2a-372dde908e8b","89.44087",,,"9.23037",,,,,,,"1b302c73-8876-476a-9477-a2ba524ff780","2026-02-28","00:11:30.44","2026-02-27T18:11:30.4442880-06:00","2026-02-28T00:11:30.4442880Z","","v3","4806","471388","9d219402a542450a8ca9d307da9f26b3","Freiter, Bennett","1000119083","Right","NOR_BIS","22ac7989-7fd3-4095-9749-3858995d93b2","54.58111","-132.96394","16.17286","5.24696","-1.05885","-7.9688","-1.66933","2.37323","-5.04548",,,,,,,,,,,,,,,,,,,,,,,,,,,,,,,,,,,,,,,,,,,,,,,,,,,"High","High","High","","","","","",,,,,,,,,,,,,,,,,,,,,,,,,,,,,,,,,,,"2026","02","28"
"17","2026-02-27","18:11:56.61","3","2","Puetz, Parker","1000213729","Right","NOR_BIS","Serna, Mateo","806219","Left","MIZ_TIG","Undefined","1","Bottom","1","1","0","Cutter","Slider","BallCalled","Undefined","Undefined","Undefined","0","0","","86.65983","0.49499","-0.070648","2505.062062","143.633078","10:45","5.10474","1.883","5.56505","-30.26635","7.28717","-4.51866","3.04498","1.44044","79.40157","-5.093088","-0.876994","0.441059",,,,,,,,,,,,"2.24819","3.92551","-1.87396","50.0","5.12772","0.35217","-125.85762","0.01706","3.61522","24.93433","-25.86155","MIZ_TIG","NOR_BIS","TaylorStadium","D1","SEC","20260227-TaylorStadium-1","18319f80-143a-11f1-8b2a-372dde908e8b","85.45894",,,"7.25826",,,,,,,"1b302c73-8876-476a-9477-a2ba524ff780","2026-02-28","00:11:56.61","2026-02-27T18:11:56.6130688-06:00","2026-02-28T00:11:56.6130688Z","","v3","4806","471388","9d219402a542450a8ca9d307da9f26b3","Freiter, Bennett","1000119083","Right","NOR_BIS","e6249b7e-171c-47c1-8d54-25dc245131df","54.93238","-126.83103","12.46717","5.10735","1.02668","-12.93077","-1.88495","0.21103","1.80761",,,,,,,,,,,,,,,,,,,,,,,,,,,,,,,,,,,,,,,,,,,,,,,,,,,"High","High","High","","","","","",,,,,,,,,,,,,,,,,,,,,,,,,,,,,,,,,,,"2026","02","28"
"18","2026-02-27","18:12:15.68","3","3","Puetz, Parker","1000213729","Right","NOR_BIS","Serna, Mateo","806219","Left","MIZ_TIG","Undefined","1","Bottom","1","2","0","Cutter","Slider","FoulBallNotFieldable","Undefined","Undefined","Undefined","0","0","","85.80039","-0.172041","-2.248698","2578.157557","119.128914","10:00","5.07353","1.84112","5.48074","-34.17289","4.29122","-5.61374","2.06469","-0.7318","78.88956","-6.428986","-3.247721","0.446375",,,,,,,,,,,,"2.24134","2.53654","-1.63974","50.0","5.03505","5.12534","-124.55799","-1.59612","3.52858","24.5262","-28.18071","MIZ_TIG","NOR_BIS","TaylorStadium","D1","SEC","20260227-TaylorStadium-1","238f0430-143a-11f1-8b2a-372dde908e8b","84.44128",,,"6.91083",,,,,,,"1b302c73-8876-476a-9477-a2ba524ff780","2026-02-28","00:12:15.68","2026-02-27T18:12:15.6843520-06:00","2026-02-28T00:12:15.6843520Z","","v3","4806","471388","9d219402a542450a8ca9d307da9f26b3","Freiter, Bennett","1000119083","Right","NOR_BIS","474c4422-be6e-494f-9fcb-8992653099c4","55.01965","-125.5425","12.2631","5.07642","-0.46491","-14.09036","-1.84264","4.9837","1.76429",,,,,,,,,,,,,,,,,,,,,,,,,,,,,,,,,,,,,,,,,,,,,,,,,,,"High","High","High","","","","","",,,,,,,,,,,,,,,,,,,,,,,,,,,,,,,,,,,"2026","02","28"
"19","2026-02-27","18:12:42.65","3","4","Puetz, Parker","1000213729","Right","NOR_BIS","Serna, Mateo","806219","Left","MIZ_TIG","Undefined","1","Bottom","1","2","1","Fastball","Four-Seam","BallCalled","Undefined","Undefined","Undefined","0","0","","91.99946","0.256111","-1.137944","2302.099464","218.882732","1:15","5.2788","1.60959","6.05918","-19.13564","13.71749","10.21205","3.92126","1.40721","83.75271","-3.372377","0.700432","0.412534",,,,,,,,,,,,"-5.53937","7.29819","-1.52636","50.0","5.28836","2.20701","-133.63068","0.00458","-9.98999","29.50459","-19.01203","MIZ_TIG","NOR_BIS","TaylorStadium","D1","SEC","20260227-TaylorStadium-1","33a69590-143a-11f1-8b2a-372dde908e8b","91.36806",,,"8.24675",,,,,,,"1b302c73-8876-476a-9477-a2ba524ff780","2026-02-28","00:12:42.65","2026-02-27T18:12:42.6533376-06:00","2026-02-28T00:12:42.6533376Z","","v3","4806","471388","9d219402a542450a8ca9d307da9f26b3","Freiter, Bennett","1000119083","Right","NOR_BIS","951e8634-f33d-4def-8170-afaca9c9cf20","54.43787","-134.60696","14.75229","5.27781","0.63367","-9.50602","-1.60486","2.53757","-4.995",,,,,,,,,,,,,,,,,,,,,,,,,,,,,,,,,,,,,,,,,,,,,,,,,,,"High","High","High","","","","","",,,,,,,,,,,,,,,,,,,,,,,,,,,,,,,,,,,"2026","02","28"
"20","2026-02-27","18:13:02.32","3","5","Puetz, Parker","1000213729","Right","NOR_BIS","Serna, Mateo","806219","Left","MIZ_TIG","Undefined","1","Bottom","1","3","1","Fastball","Sinker","BallCalled","Walk","Undefined","Undefined","0","0","","91.71033","-0.777197","-1.862594","2236.882753","231.037328","1:45","5.336","1.66959","6.00183","-20.62997","12.58154","14.20465","2.89629","1.12688","83.44342","-4.669053","0.691822","0.414778",,,,,,,,,,,,"-7.7689","7.01363","-1.53039","50.0","5.26354","3.70168","-133.13269","-2.46784","-13.88285","29.74033","-19.6408","MIZ_TIG","NOR_BIS","TaylorStadium","D1","SEC","20260227-TaylorStadium-1","3f5a57a0-143a-11f1-8b2a-372dde908e8b","90.87381",,,"8.26691",,,,,,,"1b302c73-8876-476a-9477-a2ba524ff780","2026-02-28","00:13:02.32","2026-02-27T18:13:02.3285248-06:00","2026-02-28T00:13:02.3285248Z","","v3","4806","471388","9d219402a542450a8ca9d307da9f26b3","Freiter, Bennett","1000119083","Right","NOR_BIS","7210ae4c-914e-4723-b3f8-95a238cc2233","54.4953","-134.13313","14.87017","5.33544","-1.80714","-9.8204","-1.66277","4.16869","-6.94143",,,,,,,,,,,,,,,,,,,,,,,,,,,,,,,,,,,,,,,,,,,,,,,,,,,"High","High","High","","","","","",,,,,,,,,,,,,,,,,,,,,,,,,,,,,,,,,,,"2026","02","28"
"21","2026-02-27","18:13:39.48","4","1","Puetz, Parker","1000213729","Right","NOR_BIS","Parker, Sam","806179","Left","MIZ_TIG","Undefined","1","Bottom","1","0","0","Cutter","Slider","StrikeCalled","Undefined","Undefined","Undefined","0","0","","85.86585","0.758469","-2.339683","2511.86378","142.313069","10:45","5.18808","1.80037","5.40907","-33.15474","5.35792","-3.23937","3.13645","-0.66288","78.78039","-5.322663","-2.915016","0.446656",,,,,,,,,,,,"0.99406","2.86256","-1.58977","50.0","5.23258","5.23129","-124.59152","0.44888","1.56762","24.26332","-27.65971","MIZ_TIG","NOR_BIS","TaylorStadium","D1","SEC","20260227-TaylorStadium-1","558479c0-143a-11f1-8b2a-372dde908e8b","84.38807",,,"7.08545",,,,,,,"1b302c73-8876-476a-9477-a2ba524ff780","2026-02-28","00:13:39.48","2026-02-27T18:13:39.4895872-06:00","2026-02-28T00:13:39.4895872Z","","v3","4806","471388","9d219402a542450a8ca9d307da9f26b3","Freiter, Bennett","1000119083","Right","NOR_BIS","10a379a7-ec3b-4803-807c-829f941be890","55.08929","-125.57871","12.13166","5.19142","1.57427","-13.82986","-1.80132","5.1675","0.78381",,,,,,,,,,,,,,,,,,,,,,,,,,,,,,,,,,,,,,,,,,,,,,,,,,,"High","High","High","","","","","",,,,,,,,,,,,,,,,,,,,,,,,,,,,,,,,,,,"2026","02","28"
"22","2026-02-27","18:13:56.51","4","2","Puetz, Parker","1000213729","Right","NOR_BIS","Parker, Sam","806179","Left","MIZ_TIG","Undefined","1","Bottom","1","0","1","Fastball","Sinker","BallCalled","Undefined","Undefined","Undefined","0","0","","91.51607","-0.322637","-1.947694","2310.500593","225.049515","1:30","5.17778","1.95308","6.06671","-19.65257","13.78135","12.65276","3.24131","1.20431","82.80208","-4.058074","0.32969","0.416165",,,,,,,,,,,,"-7.07449","7.52788","-1.80852","50.0","5.14229","3.96648","-132.8044","-1.35175","-12.51046","31.04916","-18.86186","MIZ_TIG","NOR_BIS","TaylorStadium","D1","SEC","20260227-TaylorStadium-1","5faa21c0-143a-11f1-8b2a-372dde908e8b","90.571",,,"8.714",,,,,,,"1b302c73-8876-476a-9477-a2ba524ff780","2026-02-28","00:13:56.51","2026-02-27T18:13:56.5128704-06:00","2026-02-28T00:13:56.5128704Z","","v3","4806","471388","9d219402a542450a8ca9d307da9f26b3","Freiter, Bennett","1000119083","Right","NOR_BIS","2729f7db-7ef5-46cf-a854-06839bdae853","54.43023","-133.83617","15.52458","5.1768","-0.72497","-9.43093","-1.94723","4.3822","-6.25523",,,,,,,,,,,,,,,,,,,,,,,,,,,,,,,,,,,,,,,,,,,,,,,,,,,"High","High","High","","","","","",,,,,,,,,,,,,,,,,,,,,,,,,,,,,,,,,,,"2026","02","28"
"23","2026-02-27","18:14:14.27","4","3","Puetz, Parker","1000213729","Right","NOR_BIS","Parker, Sam","806179","Left","MIZ_TIG","Undefined","1","Bottom","1","1","1","Fastball","Four-Seam","BallCalled","Undefined","Undefined","Undefined","0","0","","91.33472","-0.296133","-1.450805","2259.240131","222.499424","1:30","5.34149","1.72166","6.01175","-17.98529","15.72485","13.32288","3.56829","1.48759","82.41773","-3.735944","0.9453","0.41788",,,,,,,,,,,,"-7.27272","8.51052","-1.61486","50.0","5.30847","2.77575","-132.53091","-1.21766","-12.77122","31.67404","-17.2292","MIZ_TIG","NOR_BIS","TaylorStadium","D1","SEC","20260227-TaylorStadium-1","6a4f32f0-143a-11f1-8b2a-372dde908e8b","90.19919",,,"8.91699",,,,,,,"1b302c73-8876-476a-9477-a2ba524ff780","2026-02-28","00:14:14.27","2026-02-27T18:14:14.2759424-06:00","2026-02-28T00:14:14.2759424Z","","v3","4806","471388","9d219402a542450a8ca9d307da9f26b3","Freiter, Bennett","1000119083","Right","NOR_BIS","e9cdd4c2-2835-4a60-b09f-b72e4cbe42f8","54.48506","-133.59851","15.83702","5.33973","-0.63694","-8.6146","-1.71568","3.20622","-6.38561",,,,,,,,,,,,,,,,,,,,,,,,,,,,,,,,,,,,,,,,,,,,,,,,,,,"High","High","High","","","","","",,,,,,,,,,,,,,,,,,,,,,,,,,,,,,,,,,,"2026","02","28"
"24","2026-02-27","18:14:32.45","4","4","Puetz, Parker","1000213729","Right","NOR_BIS","Parker, Sam","806179","Left","MIZ_TIG","Undefined","1","Bottom","1","2","1","Cutter","Slider","StrikeCalled","Undefined","Undefined","Undefined","0","0","","86.2992","0.790577","-1.386648","2405.005098","135.277148","10:30","5.14074","1.74478","5.37179","-32.23321","6.14859","-4.86457","3.19612","0.03908","78.66397","-5.140745","-2.250937","0.445896",,,,,,,,,,,,"2.03394","3.24244","-1.61696","50.0","5.189","3.24482","-125.19094","0.5562","3.2172","26.05879","-27.04533","MIZ_TIG","NOR_BIS","TaylorStadium","D1","SEC","20260227-TaylorStadium-1","7514c470-143a-11f1-8b2a-372dde908e8b","84.53185",,,"7.63522",,,,,,,"1b302c73-8876-476a-9477-a2ba524ff780","2026-02-28","00:14:32.45","2026-02-27T18:14:32.4594176-06:00","2026-02-28T00:14:32.4594176Z","","v3","4806","471388","9d219402a542450a8ca9d307da9f26b3","Freiter, Bennett","1000119083","Right","NOR_BIS","688b6474-657e-438b-a0c8-c8b9fb6d21af","55.12573","-126.25336","13.0294","5.14384","1.65885","-13.52266","-1.74657","3.11365","1.6086",,,,,,,,,,,,,,,,,,,,,,,,,,,,,,,,,,,,,,,,,,,,,,,,,,,"High","High","High","","","","","",,,,,,,,,,,,,,,,,,,,,,,,,,,,,,,,,,,"2026","02","28"
"25","2026-02-27","18:14:50.38","4","5","Puetz, Parker","1000213729","Right","NOR_BIS","Parker, Sam","806179","Left","MIZ_TIG","Undefined","1","Bottom","1","2","2","Cutter","Slider","StrikeCalled","Strikeout","Undefined","Undefined","0","0","","87.14194","0.211849","-0.713516","2553.686626","136.227851","10:30","5.03961","1.81033","5.38993","-30.51667","7.03548","-5.58941","2.69513","0.67577","79.55432","-5.407848","-1.70757","0.441051",,,,,,,,,,,,"2.59658","3.84484","-1.74258","50.0","5.03726","1.82266","-126.47213","-0.64289","4.19636","26.32254","-25.96029","MIZ_TIG","NOR_BIS","TaylorStadium","D1","SEC","20260227-TaylorStadium-1","7fcb13b0-143a-11f1-8b2a-372dde908e8b","85.46052",,,"7.58762",,,,,,,"1b302c73-8876-476a-9477-a2ba524ff780","2026-02-28","00:14:50.38","2026-02-27T18:14:50.3821312-06:00","2026-02-28T00:14:50.3821312Z","","v3","4806","471388","9d219402a542450a8ca9d307da9f26b3","Freiter, Bennett","1000119083","Right","NOR_BIS","9755e655-0d10-4267-abae-f70802cb738d","55.10781","-127.53078","13.16127","5.04212","0.4012","-12.98014","-1.81249","1.65389","2.09818",,,,,,,,,,,,,,,,,,,,,,,,,,,,,,,,,,,,,,,,,,,,,,,,,,,"High","High","High","","","","","",,,,,,,,,,,,,,,,,,,,,,,,,,,,,,,,,,,"2026","02","28"
"26","2026-02-27","18:15:21.97","5","1","Puetz, Parker","1000213729","Right","NOR_BIS","Ward, Blaize","1000263242","Left","MIZ_TIG","Undefined","1","Bottom","2","0","0","Cutter","Slider","StrikeCalled","Undefined","Undefined","Undefined","0","0","","86.81707","-0.393558","-1.522887","2567.0195","154.761601","11:15","5.15282","1.80561","5.35138","-31.17494","6.62878","-2.56914","2.18565","0.16283","79.56581","-6.112475","-1.979418","0.442526",,,,,,,,,,,,"0.86661","3.80169","-1.66666","50.0","5.09528","3.46295","-125.99714","-2.00768","1.39423","25.40779","-26.05781","MIZ_TIG","NOR_BIS","TaylorStadium","D1","SEC","20260227-TaylorStadium-1","929716b0-143a-11f1-8b2a-372dde908e8b","85.17566",,,"7.25125",,,,,,,"1b302c73-8876-476a-9477-a2ba524ff780","2026-02-28","00:15:21.97","2026-02-27T18:15:21.9728896-06:00","2026-02-28T00:15:21.9728896Z","","v3","4806","471388","9d219402a542450a8ca9d307da9f26b3","Freiter, Bennett","1000119083","Right","NOR_BIS","4da98ff3-305d-4ca3-bde2-6242463c5878","55.14679","-127.03077","12.70389","5.15539","-0.94761","-13.0289","-1.80638","3.40623","0.69711",,,,,,,,,,,,,,,,,,,,,,,,,,,,,,,,,,,,,,,,,,,,,,,,,,,"High","High","High","","","","","",,,,,,,,,,,,,,,,,,,,,,,,,,,,,,,,,,,"2026","02","28"
"27","2026-02-27","18:15:41.00","5","2","Puetz, Parker","1000213729","Right","NOR_BIS","Ward, Blaize","1000263242","Left","MIZ_TIG","Undefined","1","Bottom","2","0","1","Fastball","Four-Seam","InPlay","Undefined","LineDrive","Double","0","2","","91.59056","-0.708273","-2.284163","2327.270861","211.825944","1:00","5.20768","1.77986","5.93762","-17.72828","15.71493","9.05941","3.07271","0.41469","83.1521","-4.081227","-0.658327","0.416222","100.50113","14.777315","8.24666","7053.313969","108.45765","23.82988","18.35544","284.27959","284.27959","11.575388","2.73224","-5.34233","8.608","-1.6028","50.0","5.14125","4.9135","-132.91456","-2.18681","-9.49515","30.20696","-16.87473","MIZ_TIG","NOR_BIS","TaylorStadium","D1","SEC","20260227-TaylorStadium-1","9dfb8040-143a-11f1-8b2a-372dde908e8b","90.55842","26.16671",,"8.43846",,,,"0.78291","3.01495","-0.40414","1b302c73-8876-476a-9477-a2ba524ff780","2026-02-28","00:15:41.00","2026-02-27T18:15:41.0059264-06:00","2026-02-28T00:15:41.0059264Z","LineDrive","v3","4806","471388","9d219402a542450a8ca9d307da9f26b3","Freiter, Bennett","1000119083","Right","NOR_BIS","60360094-56b8-4968-be28-5ca5ce4d950b","54.56109","-133.94713","15.10348","5.20615","-1.60998","-8.43737","-1.77631","5.23808","-4.74757","227.508781","0.78296","141.04992","-21.54741","4.15369","-0.76524","0.06438","0.0159","-0.00682","7.9E-4","3.01492","37.59816","-16.34654","0.96454","-0.11806","0.04928","-0.02117","0.00563","-6.1E-4","-0.40414","20.44311","2.93105","-2.0456","0.6789","-0.17576","0.03665","-0.00529","3.6E-4",,,,,,,,,,,,,,,,,,,,,,,"High","High","High","High","High","","","",,,,,,,,,,,,,,,,,,,,,,,,,,,,,,,,"78.38073","17.06428","8.17338","2026","02","28"
"28","2026-02-27","18:16:31.31","6","1","Puetz, Parker","1000213729","Right","NOR_BIS","Benson, Cameron","813272","Left","MIZ_TIG","Undefined","1","Bottom","2","0","0","Slider","Slider","BallCalled","Undefined","Undefined","Undefined","0","0","","81.75531","1.248133","-1.33882","2602.833491","64.37376","8:15","5.09189","1.8453","5.42315","-50.88412","-7.70662","-19.19694","2.02114","-1.00871","74.19447","-8.022555","-4.755268","0.472934",,,,,,,,,,,,"9.15957","-3.7765","-1.71301","50.0","5.16771","3.57603","-118.54198","0.73706","12.81309","26.23419","-37.45691","MIZ_TIG","NOR_BIS","TaylorStadium","D1","SEC","20260227-TaylorStadium-1","bbed8440-143a-11f1-8b2a-372dde908e8b","79.69924",,,"7.56084",,,,,,,"1b302c73-8876-476a-9477-a2ba524ff780","2026-02-28","00:16:31.31","2026-02-27T18:16:31.3192960-06:00","2026-02-28T00:16:31.3192960Z","","v3","4806","471388","9d219402a542450a8ca9d307da9f26b3","Freiter, Bennett","1000119083","Right","NOR_BIS","de68232c-79ac-4b84-becc-42dda00e2ebc","55.0769","-119.66026","13.1171","5.10226","2.33373","-18.72846","-1.8538","3.02985","6.40655",,,,,,,,,,,,,,,,,,,,,,,,,,,,,,,,,,,,,,,,,,,,,,,,,,,"High","High","High","","","","","",,,,,,,,,,,,,,,,,,,,,,,,,,,,,,,,,,,"2026","02","28"
"29","2026-02-27","18:17:07.05","6","2","Puetz, Parker","1000213729","Right","NOR_BIS","Benson, Cameron","813272","Left","MIZ_TIG","Undefined","1","Bottom","2","1","0","Cutter","Slider","StrikeCalled","Undefined","Undefined","Undefined","0","0","","86.88829","0.354121","-1.505187","2575.014204","150.367911","11:00","5.13748","1.9025","5.4469","-30.18202","7.4613","-3.57201","2.95398","0.19527","79.44333","-5.208605","-2.140722","0.441586",,,,,,,,,,,,"1.37063","4.02929","-1.76704","50.0","5.14818","3.47057","-126.09732","-0.3048","2.20649","25.68173","-25.68761","MIZ_TIG","NOR_BIS","TaylorStadium","D1","SEC","20260227-TaylorStadium-1","d137f4c0-143a-11f1-8b2a-372dde908e8b","85.35694",,,"7.44497",,,,,,,"1b302c73-8876-476a-9477-a2ba524ff780","2026-02-28","00:17:07.05","2026-02-27T18:17:07.0537216-06:00","2026-02-28T00:17:07.0537216Z","","v3","4806","471388","9d219402a542450a8ca9d307da9f26b3","Freiter, Bennett","1000119083","Right","NOR_BIS","77a080bf-3b32-4153-a3bb-5d2959e9a2bf","55.05065","-127.12181","12.84087","5.1399","0.71992","-12.8438","-1.90373","3.38255","1.10324",,,,,,,,,,,,,,,,,,,,,,,,,,,,,,,,,,,,,,,,,,,,,,,,,,,"High","High","High","","","","","",,,,,,,,,,,,,,,,,,,,,,,,,,,,,,,,,,,"2026","02","28"
"30","2026-02-27","18:17:26.04","6","3","Puetz, Parker","1000213729","Right","NOR_BIS","Benson, Cameron","813272","Left","MIZ_TIG","Undefined","1","Bottom","2","1","1","Cutter","Slider","BallCalled","Undefined","Undefined","Undefined","0","0","","86.81429","-0.05136","-0.475545","2575.101029","137.803635","10:30","5.09293","1.819","5.2281","-31.38427","6.60126","-4.9028","2.4293","0.96338","79.45312","-5.802788","-1.345172","0.443589",,,,,,,,,,,,"2.30555","3.68795","-1.77142","50.0","5.06497","1.26664","-125.99697","-1.28498","3.70723","25.53372","-26.24391","MIZ_TIG","NOR_BIS","TaylorStadium","D1","SEC","20260227-TaylorStadium-1","dc8ca6e0-143a-11f1-8b2a-372dde908e8b","84.97162",,,"7.36117",,,,,,,"1b302c73-8876-476a-9477-a2ba524ff780","2026-02-28","00:17:26.04","2026-02-27T18:17:26.0483584-06:00","2026-02-28T00:17:26.0483584Z","","v3","4806","471388","9d219402a542450a8ca9d307da9f26b3","Freiter, Bennett","1000119083","Right","NOR_BIS","ddb5c5cf-db6e-4a2c-9823-b327a2adb57b","55.26958","-127.06038","12.76686","5.09573","-0.192","-13.12196","-1.82096","1.11224","1.85362",,,,,,,,,,,,,,,,,,,,,,,,,,,,,,,,,,,,,,,,,,,,,,,,,,,"High","High","High","","","","","",,,,,,,,,,,,,,,,,,,,,,,,,,,,,,,,,,,"2026","02","28"
"31","2026-02-27","18:17:45.66","6","4","Puetz, Parker","1000213729","Right","NOR_BIS","Benson, Cameron","813272","Left","MIZ_TIG","Undefined","1","Bottom","2","2","1","Cutter","Slider","BallCalled","Undefined","Undefined","Undefined","0","0","","87.2125","1.042896","-0.896129","2544.53806","146.968509","11:00","5.08296","1.83045","5.45627","-31.53919","5.83855","-3.02772","3.43116","0.73921","79.58966","-4.769198","-1.435075","0.440025",,,,,,,,,,,,"1.26417","3.0215","-1.74934","50.0","5.15347","2.11383","-126.56914","1.15641","2.04836","26.10649","-27.27827","MIZ_TIG","NOR_BIS","TaylorStadium","D1","SEC","20260227-TaylorStadium-1","e8410530-143a-11f1-8b2a-372dde908e8b","85.65967",,,"7.62284",,,,,,,"1b302c73-8876-476a-9477-a2ba524ff780","2026-02-28","00:17:45.66","2026-02-27T18:17:45.6696320-06:00","2026-02-28T00:17:45.6696320Z","","v3","4806","471388","9d219402a542450a8ca9d307da9f26b3","Freiter, Bennett","1000119083","Right","NOR_BIS","9d52770a-c16f-48ac-a19d-4ec64bd89757","55.04123","-127.60472","13.05325","5.08614","2.23847","-13.63913","-1.83158","2.03257","1.02418",,,,,,,,,,,,,,,,,,,,,,,,,,,,,,,,,,,,,,,,,,,,,,,,,,,"High","High","High","","","","","",,,,,,,,,,,,,,,,,,,,,,,,,,,,,,,,,,,"2026","02","28"
"32","2026-02-27","18:18:07.30","6","5","Puetz, Parker","1000213729","Right","NOR_BIS","Benson, Cameron","813272","Left","MIZ_TIG","Undefined","1","Bottom","2","3","1","Fastball","Four-Seam","FoulBallNotFieldable","Undefined","Undefined","Undefined","0","0","","92.1596","-0.636306","-2.028404","2302.810186","209.236751","1:00","5.36002","1.68947","6.02981","-16.00359","16.92584","8.85402","3.43672","0.54806","83.58284","-3.705249","-0.436402","0.413013","69.43462","38.883012","-151.563139","4049.892057","-99.47441","41.27609","-46.95503","191.26197","71.32045","-156.351387","2.81849","-5.1852","9.24032","-1.53577","50.0","5.30167","4.36123","-133.77595","-1.95189","-9.3262","30.87172","-15.5542","MIZ_TIG","NOR_BIS","TaylorStadium","D1","SEC","20260227-TaylorStadium-1","f523f870-143a-11f1-8b2a-372dde908e8b","91.26216","42.27781",,"8.57675",,,,"1.20576","3.24959","-0.38239","1b302c73-8876-476a-9477-a2ba524ff780","2026-02-28","00:18:07.30","2026-02-27T18:18:07.3036800-06:00","2026-02-28T00:18:07.3036800Z","FlyBall","v3","4806","471388","9d219402a542450a8ca9d307da9f26b3","Freiter, Bennett","1000119083","Right","NOR_BIS","caf23cca-1705-4d48-8980-21d03a7249e2","54.46894","-134.80331","15.43586","5.35801","-1.43427","-7.7771","-1.68607","4.67159","-4.6631","23.03891","1.2058","-69.71028","2.88111","-0.06321","-0.0187","-0.02819","0.0192","-0.00467","4.4E-4","3.24965","63.92367","-30.37308","4.24112","-0.86518","0.12289","-0.0062","-0.00156","2.4E-4","-0.38253","-37.74294","6.94573","-1.77974","0.24237","0.06634","-0.05094","0.01239","-0.00109",,,,,,,,,,,,,,,,,,,,,,,"High","High","High","High","Low","","","",,,,,,,,,,,,,,,,,,,,,,,,,,,,,,,,"68.81706","-2.5129","-11.35735","2026","02","28"
"33","2026-02-27","18:18:30.87","6","6","Puetz, Parker","1000213729","Right","NOR_BIS","Benson, Cameron","813272","Left","MIZ_TIG","Undefined","1","Bottom","2","3","2","Cutter","Slider","InPlay","Undefined","GroundBall","Out","1","0","","86.80059","-0.306455","-1.908507","2563.796052","146.614134","11:00","5.09413","1.86603","5.51628","-30.76931","6.57469","-3.61988","2.24331","-0.22083","80.08224","-5.953028","-2.553357","0.439827","84.93576","-13.357199","22.859453",,,,,"11.60169","3.55248","19.451925","0.078671","1.3524","3.71201","-1.69718","50.0","5.04664","4.35314","-126.09931","-1.76947","2.19293","23.94652","-26.15501","MIZ_TIG","NOR_BIS","TaylorStadium","D1","SEC","20260227-TaylorStadium-1","0335f5d0-143b-11f1-8b2a-372dde908e8b","85.69835","2.26873",,"6.71835",,,,"2.13514","2.26873","0.15178","1b302c73-8876-476a-9477-a2ba524ff780","2026-02-28","00:18:30.87","2026-02-27T18:18:30.8720640-06:00","2026-02-28T00:18:30.8720640Z","GroundBall","v3","4806","471388","9d219402a542450a8ca9d307da9f26b3","Freiter, Bennett","1000119083","Right","NOR_BIS","d34edeb1-6eb9-4a63-bca4-36cf631eaa75","54.98447","-127.04235","11.97326","5.09605","-0.73946","-13.0775","-1.86691","4.26678","1.09646",,"2.13222","111.91366",,,,,,,,"2.26948","-28.8382",,,,,,,,"0.15056","47.18088",,,,,,,,,,,,,,,,,,,,,,,,,,,,,,"High","High","High","Low","Low","","","",,,,,,,,,,,,,,,,,,,,,,,,,,,,,,,,"82.31853","0.87203","3.87239","2026","02","28"
"42","2026-02-27","18:27:22.14","1","1","Puetz, Parker","1000213729","Right","NOR_BIS","Maisonet, Eric","835908","Left","MIZ_TIG","Undefined","2","Bottom","0","0","0","Fastball","Sinker","StrikeCalled","Undefined","Undefined","Undefined","0","0","","92.17327","-1.818731","-3.188272","2369.400479","226.497846","1:30","5.26338","1.58168","5.99198","-19.67198","13.3543","12.89327","1.93538","-0.30164","83.76401","-5.533331","-0.873416","0.41362",,,,,,,,,,,,"-7.53933","7.72615","-1.33711","50.0","5.10898","6.87852","-133.60651","-4.87414","-13.54627","30.39521","-18.29213","MIZ_TIG","NOR_BIS","TaylorStadium","D1","SEC","20260227-TaylorStadium-1","3fd84f50-143c-11f1-8b2a-372dde908e8b","91.12823",,,"8.40927",,,,,,,"1b302c73-8876-476a-9477-a2ba524ff780","2026-02-28","00:27:22.14","2026-02-27T18:27:22.1492736-06:00","2026-02-28T00:27:22.1492736Z","","v3","4806","471388","9d219402a542450a8ca9d307da9f26b3","Freiter, Bennett","1000119083","Right","NOR_BIS","f1ec44e7-3bc0-4034-a5a2-8f39fb5bfe6e","54.50589","-134.62769","15.19761","5.26241","-4.25958","-9.14606","-1.57585","7.33363","-6.77313",,,,,,,,,,,,,,,,,,,,,,,,,,,,,,,,,,,,,,,,,,,,,,,,,,,"High","High","High","","","","","",,,,,,,,,,,,,,,,,,,,,,,,,,,,,,,,,,,"2026","02","28"
"43","2026-02-27","18:27:36.29","1","2","Puetz, Parker","1000213729","Right","NOR_BIS","Maisonet, Eric","835908","Left","MIZ_TIG","Undefined","2","Bottom","0","0","1","Cutter","Cutter","InPlay","Undefined","GroundBall","Out","1","0","","89.0925","-0.973831","-2.101685","2628.076852","151.302014","11:00","5.1161","1.89342","5.52641","-25.46167","10.22658","-4.98918","2.0832","-0.48802","81.6362","-5.680829","-2.990213","0.429966","45.93934","-32.563123","50.046097",,,,,"3.79627","3.79627","50.308402","0.05434","1.94756","5.77237","-1.70719","50.0","5.01449","4.96217","-129.28851","-3.09937","3.29773","26.86227","-22.39989","MIZ_TIG","NOR_BIS","TaylorStadium","D1","SEC","20260227-TaylorStadium-1","48509570-143c-11f1-8b2a-372dde908e8b","87.6638","1.98399",,"7.4563",,,,"0.42949","1.98399","0.53975","1b302c73-8876-476a-9477-a2ba524ff780","2026-02-28","00:27:36.29","2026-02-27T18:27:36.2945024-06:00","2026-02-28T00:27:36.2945024Z","GroundBall","v3","4806","471388","9d219402a542450a8ca9d307da9f26b3","Freiter, Bennett","1000119083","Right","NOR_BIS","96849696-c258-4137-a576-caaa813b2ad1","54.97262","-130.31758","13.43114","5.11679","-2.24125","-11.19994","-1.89486","4.83584","1.64886",,"0.42733","36.71364",,,,,,,,"1.98614","-36.51063",,,,,,,,"0.53717","43.82517",,,,,,,,,,,,,,,,,,,,,,,,,,,,,,"High","High","High","Estimated","Estimated","","","",,,,,,,,,,,,,,,,,,,,,,,,,,,,,,,,"71.89685","5.32821","-7.08955","2026","02","28"
"44","2026-02-27","18:28:14.81","2","1","Puetz, Parker","1000213729","Right","NOR_BIS","Patterson, Christopher","1000080435","Left","MIZ_TIG","Undefined","2","Bottom","1","0","0","Fastball","Four-Seam","StrikeCalled","Undefined","Undefined","Undefined","0","0","","91.38174","-0.705387","-3.05137","2378.282565","221.353439","1:30","5.28021","1.45185","6.12891","-18.61493","14.80064","12.03229","3.07598","-0.36866","82.87806","-4.251212","-0.885995","0.41605",,,,,,,,,,,,"-7.06422","8.17024","-1.22427","50.0","5.21648","6.54426","-132.53293","-2.18583","-12.48174","30.07136","-17.73809","MIZ_TIG","NOR_BIS","TaylorStadium","D1","SEC","20260227-TaylorStadium-1","5f4d70e0-143c-11f1-8b2a-372dde908e8b","90.59589",,,"8.50368",,,,,,,"1b302c73-8876-476a-9477-a2ba524ff780","2026-02-28","00:28:14.81","2026-02-27T18:28:14.8142592-06:00","2026-02-28T00:28:14.8142592Z","","v3","4806","471388","9d219402a542450a8ca9d307da9f26b3","Freiter, Bennett","1000119083","Right","NOR_BIS","32d17a8c-e1b5-4b26-ba22-7554c8d8c25a","54.36787","-133.52031","15.03568","5.27868","-1.60341","-8.86905","-1.44588","6.95409","-6.24087",,,,,,,,,,,,,,,,,,,,,,,,,,,,,,,,,,,,,,,,,,,,,,,,,,,"High","High","High","","","","","",,,,,,,,,,,,,,,,,,,,,,,,,,,,,,,,,,,"2026","02","28"
"45","2026-02-27","18:28:31.31","2","2","Puetz, Parker","1000213729","Right","NOR_BIS","Patterson, Christopher","1000080435","Left","MIZ_TIG","Undefined","2","Bottom","1","0","1","Slider","Slider","StrikeCalled","Undefined","Undefined","Undefined","0","0","","80.96765","1.685254","0.468464","2638.380143","67.760789","8:15","5.14047","1.80339","5.46876","-51.30711","-7.18996","-21.53104","2.44257","0.44758","73.00957","-7.702167","-3.370211","0.478052",,,,,,,,,,,,"10.90615","-3.63374","-1.82983","50.0","5.25422","-0.05803","-117.3632","1.617","14.89124","26.57345","-37.13557","MIZ_TIG","NOR_BIS","TaylorStadium","D1","SEC","20260227-TaylorStadium-1","691f0570-143c-11f1-8b2a-372dde908e8b","78.84592",,,"7.95808",,,,,,,"1b302c73-8876-476a-9477-a2ba524ff780","2026-02-28","00:28:31.31","2026-02-27T18:28:31.3176064-06:00","2026-02-28T00:28:31.3176064Z","","v3","4806","471388","9d219402a542450a8ca9d307da9f26b3","Freiter, Bennett","1000119083","Right","NOR_BIS","cd44bb2f-b40f-4921-9af7-862fd3316292","55.03068","-118.49678","13.28673","5.15146","3.20114","-18.56779","-1.81381","-0.69326","7.44562",,,,,,,,,,,,,,,,,,,,,,,,,,,,,,,,,,,,,,,,,,,,,,,,,,,"High","High","High","","","","","",,,,,,,,,,,,,,,,,,,,,,,,,,,,,,,,,,,"2026","02","28"
"46","2026-02-27","18:28:49.44","2","3","Puetz, Parker","1000213729","Right","NOR_BIS","Patterson, Christopher","1000080435","Left","MIZ_TIG","Undefined","2","Bottom","1","0","2","Slider","Slider","BallCalled","Undefined","Undefined","Undefined","0","0","","81.41975","2.648084","0.766252","2675.549956","74.877273","8:30","5.05141","1.6247","5.43555","-47.07077","-3.40839","-18.48536","3.61064","0.80185","73.22829","-5.993283","-2.523106","0.475582",,,,,,,,,,,,"9.41016","-2.00689","-1.6799","50.0","5.25419","-0.78342","-117.90602","3.76345","13.00729","26.1972","-34.9481","MIZ_TIG","NOR_BIS","TaylorStadium","D1","SEC","20260227-TaylorStadium-1","73e4be00-143c-11f1-8b2a-372dde908e8b","79.25544",,,"8.19146",,,,,,,"1b302c73-8876-476a-9477-a2ba524ff780","2026-02-28","00:28:49.44","2026-02-27T18:28:49.4418432-06:00","2026-02-28T00:28:49.4418432Z","","v3","4806","471388","9d219402a542450a8ca9d307da9f26b3","Freiter, Bennett","1000119083","Right","NOR_BIS","268537b7-7c68-4fad-9d3c-f8a192d40d3e","55.06171","-119.02536","13.0986","5.06149","5.25669","-17.47405","-1.63455","-1.33919","6.50364",,,,,,,,,,,,,,,,,,,,,,,,,,,,,,,,,,,,,,,,,,,,,,,,,,,"High","High","High","","","","","",,,,,,,,,,,,,,,,,,,,,,,,,,,,,,,,,,,"2026","02","28"
"47","2026-02-27","18:29:11.05","2","4","Puetz, Parker","1000213729","Right","NOR_BIS","Patterson, Christopher","1000080435","Left","MIZ_TIG","Undefined","2","Bottom","1","1","2","Fastball","Four-Seam","StrikeSwinging","Strikeout","Undefined","Undefined","0","0","","91.96144","-2.055989","-2.84426","2300.539909","212.961292","1:00","5.23092","1.6613","5.97721","-16.36481","16.96013","10.23697","1.95811","-0.12441","83.20949","-5.187271","-1.00666","0.415486",,,,,,,,,,,,"-6.08843","9.66052","-1.44169","50.0","5.05901","6.1662","-133.24178","-5.26237","-10.83633","31.28926","-14.98005","MIZ_TIG","NOR_BIS","TaylorStadium","D1","SEC","20260227-TaylorStadium-1","80c82670-143c-11f1-8b2a-372dde908e8b","90.71899",,,"8.75196",,,,,,,"1b302c73-8876-476a-9477-a2ba524ff780","2026-02-28","00:29:11.05","2026-02-27T18:29:11.0570000-06:00","2026-02-28T00:29:11.0570000Z","","v3","4806","471388","9d219402a542450a8ca9d307da9f26b3","Freiter, Bennett","1000119083","Right","NOR_BIS","1f209fd6-33ca-44eb-9906-cda40b73d674","54.51909","-134.2988","15.64463","5.22824","-4.7563","-7.49002","-1.65618","6.53228","-5.41816",,,,,,,,,,,,,,,,,,,,,,,,,,,,,"68.8008","2.800893","1.848525","0.952368","-1.98216","1.64232","0.18064","-2.90889","6.37012","5.01871","66.31558","5.90328","58.47236","-2.84926","80.34772","-8.12543","6.3977","12.74036","-13.9299","5.02777","58.41326","-2.41288","High","High","High","","","High","High","High",,,,,,,,,,,,,,,,,,,,,,,,,,,,,,,,,,,"2026","02","28"
"48","2026-02-27","18:29:45.21","3","1","Puetz, Parker","1000213729","Right","NOR_BIS","Frost, Isaiah","801981","Left","MIZ_TIG","Undefined","2","Bottom","2","0","0","Fastball","Four-Seam","BallCalled","Undefined","Undefined","Undefined","0","0","","92.71305","-0.842578","-1.892935","2351.615731","225.997096","1:30","5.24214","1.51142","6.11071","-18.72426","13.8265","13.14528","2.9022","0.85589","83.85308","-4.407875","0.475472","0.410631",,,,,,,,,,,,"-7.28933","7.71","-1.37243","50.0","5.16762","3.86184","-134.52053","-2.55011","-13.21823","32.00878","-18.193","MIZ_TIG","NOR_BIS","TaylorStadium","D1","SEC","20260227-TaylorStadium-1","952306d0-143c-11f1-8b2a-372dde908e8b","91.79147",,,"8.85997",,,,,,,"1b302c73-8876-476a-9477-a2ba524ff780","2026-02-28","00:29:45.21","2026-02-27T18:29:45.2180480-06:00","2026-02-28T00:29:45.2180480Z","","v3","4806","471388","9d219402a542450a8ca9d307da9f26b3","Freiter, Bennett","1000119083","Right","NOR_BIS","d8a43353-bcc1-4e69-ba05-12fb4a0f0b65","54.38531","-135.55999","16.00439","5.24084","-1.9593","-9.0965","-1.50481","4.2911","-6.60911",,,,,,,,,,,,,,,,,,,,,,,,,,,,,,,,,,,,,,,,,,,,,,,,,,,"High","High","High","","","","","",,,,,,,,,,,,,,,,,,,,,,,,,,,,,,,,,,,"2026","02","28"
"49","2026-02-27","18:30:02.30","3","2","Puetz, Parker","1000213729","Right","NOR_BIS","Frost, Isaiah","801981","Left","MIZ_TIG","Undefined","2","Bottom","2","1","0","Fastball","Four-Seam","StrikeCalled","Undefined","Undefined","Undefined","0","0","","92.04618","-0.452806","-2.938845","2363.327291","224.333411","1:30","5.19869","1.61731","6.08533","-18.28119","14.72005","13.28611","3.2558","0.00334","83.39501","-3.936623","-0.549367","0.413463",,,,,,,,,,,,"-7.6637","8.03626","-1.39688","50.0","5.15395","6.27003","-133.50119","-1.60467","-13.73029","30.69107","-17.77627","MIZ_TIG","NOR_BIS","TaylorStadium","D1","SEC","20260227-TaylorStadium-1","9f58b460-143c-11f1-8b2a-372dde908e8b","91.16285",,,"8.65117",,,,,,,"1b302c73-8876-476a-9477-a2ba524ff780","2026-02-28","00:30:02.30","2026-02-27T18:30:02.3061504-06:00","2026-02-28T00:30:02.3061504Z","","v3","4806","471388","9d219402a542450a8ca9d307da9f26b3","Freiter, Bennett","1000119083","Right","NOR_BIS","4afc97fa-2b7b-4bff-8fe9-4434e6ffb1a8","54.41145","-134.51153","15.34553","5.19715","-1.01948","-8.88813","-1.61073","6.72202","-6.86514",,,,,,,,,,,,,,,,,,,,,,,,,,,,,,,,,,,,,,,,,,,,,,,,,,,"High","High","High","","","","","",,,,,,,,,,,,,,,,,,,,,,,,,,,,,,,,,,,"2026","02","28"
"50","2026-02-27","18:30:17.61","3","3","Puetz, Parker","1000213729","Right","NOR_BIS","Frost, Isaiah","801981","Left","MIZ_TIG","Undefined","2","Bottom","2","1","1","Cutter","Slider","StrikeSwinging","Undefined","Undefined","Undefined","0","0","","86.36878","1.028538","-0.834807","2696.24488","129.574511","10:15","5.1261","1.56414","5.26994","-32.23195","5.7439","-5.64973","3.40646","0.3091","79.66266","-4.865108","-1.836998","0.443532",,,,,,,,,,,,"2.61091","2.96414","-1.48356","50.0","5.19643","2.07764","-125.46919","1.05363","4.20377","22.99989","-27.40149","MIZ_TIG","NOR_BIS","TaylorStadium","D1","SEC","20260227-TaylorStadium-1","a86fab80-143c-11f1-8b2a-372dde908e8b","84.98242",,,"6.70613",,,,,,,"1b302c73-8876-476a-9477-a2ba524ff780","2026-02-28","00:30:17.61","2026-02-27T18:30:17.6174080-06:00","2026-02-28T00:30:17.6174080Z","","v3","4806","471388","9d219402a542450a8ca9d307da9f26b3","Freiter, Bennett","1000119083","Right","NOR_BIS","80cad652-63dd-4eb1-81a4-730de7eb96f6","55.22934","-126.42415","11.49994","5.12907","2.19134","-13.70074","-1.5662","1.9031","2.10188",,,,,,,,,,,,,,,,,,,,,,,,,,,,,,,,,,,,,,,,,,,,,,,,,,,"High","High","High","","","","","",,,,,,,,,,,,,,,,,,,,,,,,,,,,,,,,,,,"2026","02","28"
"51","2026-02-27","18:30:38.06","3","4","Puetz, Parker","1000213729","Right","NOR_BIS","Frost, Isaiah","801981","Left","MIZ_TIG","Undefined","2","Bottom","2","1","2","Fastball","Four-Seam","BallCalled","Undefined","Undefined","Undefined","0","0","","93.12598","-0.004262","-1.049045","2372.621374","217.690519","1:15","5.19187","1.73811","5.96178","-17.47493","14.89438","10.65859","3.73167","1.65347","84.28844","-3.336092","0.866295","0.409485",,,,,,,,,,,,"-5.71548","7.94154","-1.6604","50.0","5.18172","1.9884","-135.15732","-0.54448","-10.48344","31.77058","-17.60753","MIZ_TIG","NOR_BIS","TaylorStadium","D1","SEC","20260227-TaylorStadium-1","b4a37300-143c-11f1-8b2a-372dde908e8b","92.04835",,,"8.83754",,,,,,,"1b302c73-8876-476a-9477-a2ba524ff780","2026-02-28","00:30:38.06","2026-02-27T18:30:38.0601344-06:00","2026-02-28T00:30:38.0601344Z","","v3","4806","471388","9d219402a542450a8ca9d307da9f26b3","Freiter, Bennett","1000119083","Right","NOR_BIS","9f6d8723-e74c-455b-bc9c-e696baae469f","54.53369","-136.21886","15.88529","5.19009","0.04383","-8.80376","-1.73269","2.33868","-5.24172",,,,,,,,,,,,,,,,,,,,,,,,,,,,,,,,,,,,,,,,,,,,,,,,,,,"High","High","High","","","","","",,,,,,,,,,,,,,,,,,,,,,,,,,,,,,,,,,,"2026","02","28"
"52","2026-02-27","18:30:56.11","3","5","Puetz, Parker","1000213729","Right","NOR_BIS","Frost, Isaiah","801981","Left","MIZ_TIG","Undefined","2","Bottom","2","2","2","Cutter","Slider","FoulBallNotFieldable","Undefined","Undefined","Undefined","0","0","","86.90681","-0.303453","-1.497611","2597.382839","131.198451","10:15","5.10797","1.68194","5.57529","-31.63986","5.43051","-5.00957","2.18778","-0.13464","80.38454","-6.10484","-2.39148","0.438213","64.9778","31.34932","-157.384163","4394.872692","-103.76149","21.52528","-36.51785","149.56469","51.92998","-162.365194","2.24943","2.18201","3.12603","-1.54955","50.0","5.06089","3.51028","-126.32537","-1.79417","3.55893","23.48086","-27.07543","MIZ_TIG","NOR_BIS","TaylorStadium","D1","SEC","20260227-TaylorStadium-1","bf62c2f0-143c-11f1-8b2a-372dde908e8b","86.01406","26.49919",,"6.52226",,,,"1.2588","2.23448","0.14547","1b302c73-8876-476a-9477-a2ba524ff780","2026-02-28","00:30:56.11","2026-02-27T18:30:56.1193472-06:00","2026-02-28T00:30:56.1193472Z","FlyBall","v3","4806","471388","9d219402a542450a8ca9d307da9f26b3","Freiter, Bennett","1000119083","Right","NOR_BIS","4883913c-b6e6-44c3-b596-1b9fdba87da3","54.92586","-127.23768","11.74043","5.11016","-0.74221","-13.53771","-1.68325","3.372","1.77947","20.438103","1.25888","-75.13516","3.76531","0.72578","0.14593","-0.39784","0.26798","-0.08165","0.00939","2.23448","49.58068","-28.5369","3.83443","-0.79924","0.20781","-0.06276","0.01787","-0.00243","0.14553","-31.30239","4.95168","-0.15891","0.33258","-0.37947","0.23183","-0.0693","0.00795",,,,,,,,,,,,,,,,,,,,,,,"High","High","High","High","Low","","","",,,,,,,,,,,,,,,,,,,,,,,,,,,,,,,,,,,"2026","02","28"
"53","2026-02-27","18:31:18.97","3","6","Puetz, Parker","1000213729","Right","NOR_BIS","Frost, Isaiah","801981","Left","MIZ_TIG","Undefined","2","Bottom","2","2","2","Slider","Slider","BallCalled","Undefined","Undefined","Undefined","0","0","","80.54837","0.869444","1.147016","2577.078157","68.26811","8:15","5.17569","1.71186","5.42421","-50.54243","-6.04154","-19.15812","1.77841","1.18985","72.92996","-8.359545","-2.26826","0.480127",,,,,,,,,,,,"9.91481","-2.75559","-1.80032","50.0","5.21831","-1.5361","-116.78778","-0.03519","13.45461","25.57552","-35.91345","MIZ_TIG","NOR_BIS","TaylorStadium","D1","SEC","20260227-TaylorStadium-1","cd1b0790-143c-11f1-8b2a-372dde908e8b","78.5052",,,"7.61841",,,,,,,"1b302c73-8876-476a-9477-a2ba524ff780","2026-02-28","00:31:18.97","2026-02-27T18:31:18.9710848-06:00","2026-02-28T00:31:18.9710848Z","","v3","4806","471388","9d219402a542450a8ca9d307da9f26b3","Freiter, Bennett","1000119083","Right","NOR_BIS","c95f18bd-0700-4dec-b548-1e5ca20211e3","55.07486","-117.89389","12.78776","5.18625","1.51802","-17.95673","-1.7213","-2.11799","6.72731",,,,,,,,,,,,,,,,,,,,,,,,,,,,,,,,,,,,,,,,,,,,,,,,,,,"High","High","High","","","","","",,,,,,,,,,,,,,,,,,,,,,,,,,,,,,,,,,,"2026","02","28"
"54","2026-02-27","18:31:39.23","3","7","Puetz, Parker","1000213729","Right","NOR_BIS","Frost, Isaiah","801981","Left","MIZ_TIG","Undefined","2","Bottom","2","3","2","Cutter","Slider","InPlay","Undefined","Popup","Out","1","0","","85.32321","0.262003","-2.133797","2593.76761","132.15857","10:30","5.15235","1.86058","5.47235","-32.28388","6.30977","-5.78595","2.70739","-0.61933","78.96449","-5.649454","-3.163012","0.447125","72.29392","67.163151","-23.527146",,,,,"114.9853","52.30284","-46.932869","5.166395","2.41414","3.42992","-1.66885","50.0","5.15317","4.85771","-123.97376","-0.57365","3.79739","22.29795","-26.77883","MIZ_TIG","NOR_BIS","TaylorStadium","D1","SEC","20260227-TaylorStadium-1","d920e140-143c-11f1-8b2a-372dde908e8b","84.2995","111.51786",,"6.35872",,,,"1.31498","2.8759","0.59474","1b302c73-8876-476a-9477-a2ba524ff780","2026-02-28","00:31:39.23","2026-02-27T18:31:39.2363008-06:00","2026-02-28T00:31:39.2363008Z","Popup","v3","4806","471388","9d219402a542450a8ca9d307da9f26b3","Freiter, Bennett","1000119083","Right","NOR_BIS","69e1d63f-7c18-4383-837e-aedd77ae904d","55.02874","-124.87496","11.14898","5.15449","0.50864","-13.38942","-1.86208","4.70423","1.89869","161.608587","1.30339","37.90007","-15.08396","5.05644","-0.99695","-0.01219","0.06057","-0.01233","7.9E-4","2.85688","98.09882","-28.44557","5.28626","-2.21261","0.75372","-0.15268","0.01577","-6.4E-4","0.58545","-16.27458","-3.12235","2.13413","-0.74117","0.1297","-0.00124","-0.00268","2.5E-4",,,,,,,,,,,,,,,,,,,,,,,"High","High","High","High","Low","","","",,,,,,,,,,,,,,,,,,,,,,,,,,,,,,,,"79.68967","13.73694","12.94742","2026","02","28"
"73","2026-02-27","18:42:56.85","1","1","Puetz, Parker","1000213729","Right","NOR_BIS","Woita, Jase","831805","Left","MIZ_TIG","Undefined","3","Bottom","0","0","0","Cutter","Slider","BallCalled","Undefined","Undefined","Undefined","0","0","","87.22546","-0.559063","-0.186122","2559.938289","172.55579","11:45","5.19159","1.84467","5.40149","-28.07124","9.00103","-1.03595","2.32844","1.58393","80.47561","-5.71723","-0.370489","0.438224",,,,,,,,,,,,"0.47236","5.01103","-1.82734","50.0","5.12218","0.45721","-126.73728","-2.24957","0.77522","23.71351","-23.95017","MIZ_TIG","NOR_BIS","TaylorStadium","D1","SEC","20260227-TaylorStadium-1","6cfaa710-143e-11f1-8b2a-372dde908e8b","86.01184",,,"6.74986",,,,,,,"1b302c73-8876-476a-9477-a2ba524ff780","2026-02-28","00:42:56.85","2026-02-27T18:42:56.8502272-06:00","2026-02-28T00:42:56.8502272Z","","v3","4806","471388","9d219402a542450a8ca9d307da9f26b3","Freiter, Bennett","1000119083","Right","NOR_BIS","15dad82d-6f46-4947-8c01-1ce9dd8bfeab","55.09715","-127.68743","11.85676","5.19309","-1.28993","-11.97509","-1.84504","0.42615","0.38761",,,,,,,,,,,,,,,,,,,,,,,,,,,,,,,,,,,,,,,,,,,,,,,,,,,"High","High","High","","","","","",,,,,,,,,,,,,,,,,,,,,,,,,,,,,,,,,,,"2026","02","28"
"74","2026-02-27","18:43:09.88","1","2","Puetz, Parker","1000213729","Right","NOR_BIS","Woita, Jase","831805","Left","MIZ_TIG","Undefined","3","Bottom","0","1","0","Cutter","Slider","FoulBallNotFieldable","Undefined","Undefined","Undefined","0","0","","87.19742","0.199556","-2.102132","2522.918084","152.15161","11:00","5.06466","1.77931","5.47005","-29.46903","7.6113","-3.45394","2.79579","-0.47668","80.34636","-5.21627","-2.716522","0.438271","65.35482","32.991573","-163.642405","3776.870249","-106.65833","25.74818","-26.90641","156.82389","53.01377","-167.00746","2.374489","1.21343","4.10173","-1.59195","50.0","5.06201","4.79497","-126.64729","-0.6123","1.98488","24.13288","-25.46446","MIZ_TIG","NOR_BIS","TaylorStadium","D1","SEC","20260227-TaylorStadium-1","74c2b000-143e-11f1-8b2a-372dde908e8b","86.00252","29.81476",,"6.85106",,,,"1.66704","2.90849","0.45622","1b302c73-8876-476a-9477-a2ba524ff780","2026-02-28","00:43:09.88","2026-02-27T18:43:09.8830336-06:00","2026-02-28T00:43:09.8830336Z","FlyBall","v3","4806","471388","9d219402a542450a8ca9d307da9f26b3","Freiter, Bennett","1000119083","Right","NOR_BIS","a8021b64-1bb1-41a4-959c-4d79faab1eb1","55.03043","-127.60225","12.06644","5.06631","0.39535","-12.73223","-1.78013","4.71643","0.99244","13.024084","1.66713","-77.14905","3.76931","0.75838","0.11845","-0.37542","0.25508","-0.07621","0.0085","2.9085","52.19328","-28.59311","3.76598","-0.77726","0.1714","-0.04496","0.01339","-0.00189","0.45626","-22.64526","3.37293","-0.1911","0.20528","-0.21836","0.1318","-0.03859","0.0043",,,,,,,,,,,,,,,,,,,,,,,"High","High","High","High","Low","","","",,,,,,,,,,,,,,,,,,,,,,,,,,,,,,,,"81.69207","6.20464","-7.73285","2026","02","28"
"75","2026-02-27","18:43:29.08","1","3","Puetz, Parker","1000213729","Right","NOR_BIS","Woita, Jase","831805","Left","MIZ_TIG","Undefined","3","Bottom","0","1","1","Cutter","Slider","BallCalled","Undefined","Undefined","Undefined","0","0","","86.56738","0.967","-1.018769","2623.67045","164.081587","11:30","5.08866","1.71205","5.51879","-30.32458","7.27374","-1.75728","3.46599","0.61296","79.50611","-4.622594","-1.3319","0.441322",,,,,,,,,,,,"0.61685","3.77646","-1.62216","50.0","5.15265","2.312","-125.73123","1.04469","0.99323","24.09636","-26.09351","MIZ_TIG","NOR_BIS","TaylorStadium","D1","SEC","20260227-TaylorStadium-1","80374630-143e-11f1-8b2a-372dde908e8b","85.40801",,,"7.06127",,,,,,,"1b302c73-8876-476a-9477-a2ba524ff780","2026-02-28","00:43:29.08","2026-02-27T18:43:29.0800128-06:00","2026-02-28T00:43:29.0800128Z","","v3","4806","471388","9d219402a542450a8ca9d307da9f26b3","Freiter, Bennett","1000119083","Right","NOR_BIS","5809d64a-a9bd-4e40-9f49-f8f980e76a17","54.97948","-126.68195","12.04818","5.09113","2.07421","-13.04676","-1.71261","2.27281","0.49661",,,,,,,,,,,,,,,,,,,,,,,,,,,,,,,,,,,,,,,,,,,,,,,,,,,"High","High","High","","","","","",,,,,,,,,,,,,,,,,,,,,,,,,,,,,,,,,,,"2026","02","28"
"76","2026-02-27","18:43:44.25","1","4","Puetz, Parker","1000213729","Right","NOR_BIS","Woita, Jase","831805","Left","MIZ_TIG","Undefined","3","Bottom","0","2","1","Cutter","Slider","FoulBallNotFieldable","Undefined","Undefined","Undefined","0","0","","85.82525","0.068752","-2.730409","2593.86722","131.497025","10:30","5.10317","1.78448","5.50495","-33.29514","4.93713","-4.34488","2.39294","-1.13312","79.26152","-6.024688","-3.503253","0.445027","102.2359","-8.439431","55.432983",,,,,"20.09499","16.88022","48.963702","0.139517","1.51823","2.77303","-1.54283","50.0","5.08649","6.12199","-124.62836","-1.03142","2.40583","23.28041","-27.77976","MIZ_TIG","NOR_BIS","TaylorStadium","D1","SEC","20260227-TaylorStadium-1","893e37c0-143e-11f1-8b2a-372dde908e8b","84.69694","3.03211",,"6.56373",,,,"1.4881","3.03211","-1.70477","1b302c73-8876-476a-9477-a2ba524ff780","2026-02-28","00:43:44.25","2026-02-27T18:43:44.2515968-06:00","2026-02-28T00:43:44.2515968Z","GroundBall","v3","4806","471388","9d219402a542450a8ca9d307da9f26b3","Freiter, Bennett","1000119083","Right","NOR_BIS","55a53709-8acb-401a-96b3-826482514f22","54.9964","-125.55821","11.64021","5.10553","0.07814","-13.88988","-1.78543","6.0259","1.20292",,"1.48809","84.15427","-1.8444",,,,,,,"3.03194","-21.99023","1.86199",,,,,,,"-1.70468","122.12942","-9.09168",,,,,,,,,,,,,,,,,,,,,,,,,,,,,"High","High","High","Low","Low","","","",,,,,,,,,,,,,,,,,,,,,,,,,,,,,,,,,,,"2026","02","28"
"77","2026-02-27","18:44:17.91","1","5","Puetz, Parker","1000213729","Right","NOR_BIS","Woita, Jase","831805","Left","MIZ_TIG","Undefined","3","Bottom","0","2","2","Cutter","Slider","FoulBallNotFieldable","Undefined","Undefined","Undefined","0","0","","87.5711","0.387242","-2.236597","2585.192764","141.234188","10:45","5.00629","1.74208","5.46289","-31.69395","4.84028","-3.10169","2.72786","-0.61086","81.24285","-5.405613","-2.788229","0.435032","54.65473","53.616117","-74.597921","5262.803692",,,,"127.65002","87.9823","-85.357042","3.372682","1.04606","2.63095","-1.54284","50.0","5.01843","5.1019","-127.27622","-0.2985","1.74043","22.62825","-27.7968","MIZ_TIG","NOR_BIS","TaylorStadium","D1","SEC","20260227-TaylorStadium-1","9d4a5be0-143e-11f1-8b2a-372dde908e8b","86.64286","50.95977",,"6.32825",,,,"0.99695","2.75264","0.69631","1b302c73-8876-476a-9477-a2ba524ff780","2026-02-28","00:44:17.91","2026-02-27T18:44:17.9193856-06:00","2026-02-28T00:44:17.9193856Z","Popup","v3","4806","471388","9d219402a542450a8ca9d307da9f26b3","Freiter, Bennett","1000119083","Right","NOR_BIS","385e711c-ddaf-4560-8e8b-c7e0ed4e696f","55.03867","-128.16891","11.31413","5.00858","0.79809","-13.8984","-1.74276","5.03324","0.87022","141.212169","1.00178","12.48006","-7.448","1.3289","1.0238","-0.73497","0.16615","-0.00608","-0.0015","2.75002","64.63354","-25.5347","4.51768","-2.86071","1.77286","-0.67282","0.13239","-0.01039","0.6989","-45.94184","3.83794","-2.0811","2.37995","-1.71269","0.66991","-0.13184","0.01022",,,,,,,,,,,,,,,,,,,,,,,"High","High","High","High","Medium","","","",,,,,,,,,,,,,,,,,,,,,,,,,,,,,,,,,,,"2026","02","28"
"78","2026-02-27","18:44:39.11","1","6","Puetz, Parker","1000213729","Right","NOR_BIS","Woita, Jase","831805","Left","MIZ_TIG","Undefined","3","Bottom","0","2","2","Fastball","Four-Seam","FoulBallNotFieldable","Undefined","Undefined","Undefined","0","0","","92.0036","-1.191033","-2.228667","2327.722541","223.985255","1:30","5.28379","1.62783","6.02233","-17.54233","15.553","13.92225","2.71779","0.72276","83.42185","-4.535302","0.274811","0.414052","78.51989","51.017152","-70.873199","4278.908605",,,,,"66.85002",,,"-7.83111","8.69075","-1.4608","50.0","5.18097","4.59497","-133.49899","-3.30474","-14.01749","30.92302","-16.6178","MIZ_TIG","NOR_BIS","TaylorStadium","D1","SEC","20260227-TaylorStadium-1","a9edae10-143e-11f1-8b2a-372dde908e8b","91.03311","71.00712",,"8.58175",,,,"0.69242","2.65999","-0.72645","1b302c73-8876-476a-9477-a2ba524ff780","2026-02-28","00:44:39.11","2026-02-27T18:44:39.1129088-06:00","2026-02-28T00:44:39.1129088Z","","v3","4806","471388","9d219402a542450a8ca9d307da9f26b3","Freiter, Bennett","1000119083","Right","NOR_BIS","8ae623e8-35ca-40c7-9a2d-4147972c7eec","54.47599","-134.53179","15.46151","5.28208","-2.74972","-8.3089","-1.62208","5.06314","-7.00875",,"0.69242","23.73804","-14.97632","5.0325","-1.35202","0.32487","-0.07536","0.01436","-0.00161","2.65999","89.51962","-26.32599","2.81726","-0.42006","0.03802","8.2E-4","-0.00133","2.6E-4","-0.72645","-68.4478","8.33658","-1.21225","0.09258","0.02077","-0.01114","0.00321","-4.1E-4",,,,,,,,,,,,,,,,,,,,,,,"High","High","High","Medium","Undefined","","","",,,,,,,,,,,,,,,,,,,,,,,,,,,,,,,,"74.34029","2.45369","-8.99805","2026","02","28"
"79","2026-02-27","18:44:59.29","1","7","Puetz, Parker","1000213729","Right","NOR_BIS","Woita, Jase","831805","Left","MIZ_TIG","Undefined","3","Bottom","0","2","2","Cutter","Slider","BallCalled","Undefined","Undefined","Undefined","0","0","","87.74554","0.671261","0.076046","2597.457861","126.030136","10:15","5.08073","1.73697","5.35967","-30.94915","6.04335","-6.71886","3.13116","1.24838","80.21453","-5.019387","-1.118332","0.437752",,,,,,,,,,,,"3.37736","3.2113","-1.73892","50.0","5.11919","0.13254","-127.37755","0.34418","5.55053","26.08858","-26.89643","MIZ_TIG","NOR_BIS","TaylorStadium","D1","SEC","20260227-TaylorStadium-1","b5f20120-143e-11f1-8b2a-372dde908e8b","86.10455",,,"7.53101",,,,,,,"1b302c73-8876-476a-9477-a2ba524ff780","2026-02-28","00:44:59.29","2026-02-27T18:44:59.2916480-06:00","2026-02-28T00:44:59.2916480Z","","v3","4806","471388","9d219402a542450a8ca9d307da9f26b3","Freiter, Bennett","1000119083","Right","NOR_BIS","1f985dca-0cd7-4b58-bc9e-fb38207e41dd","55.13829","-128.42563","13.04429","5.08366","1.42471","-13.44822","-1.73977","-0.09045","2.77527",,,,,,,,,,,,,,,,,,,,,,,,,,,,,,,,,,,,,,,,,,,,,,,,,,,"High","High","High","","","","","",,,,,,,,,,,,,,,,,,,,,,,,,,,,,,,,,,,"2026","02","28"
"80","2026-02-27","18:45:16.23","1","8","Puetz, Parker","1000213729","Right","NOR_BIS","Woita, Jase","831805","Left","MIZ_TIG","Undefined","3","Bottom","0","3","2","Cutter","Slider","BallCalled","Walk","Undefined","Undefined","0","0","","87.18718","1.139459","-1.506393","2576.261946","125.624148","10:15","5.17878","1.6196","5.41606","-31.27132","6.13611","-6.95099","3.64078","-0.37115","79.73145","-4.614531","-2.741823","0.4402",,,,,,,,,,,,"3.06614","3.13433","-1.48079","50.0","5.25844","3.63449","-126.52527","1.37605","4.97363","25.65605","-27.08982","MIZ_TIG","NOR_BIS","TaylorStadium","D1","SEC","20260227-TaylorStadium-1","c027d5c0-143e-11f1-8b2a-372dde908e8b","85.62564",,,"7.45573",,,,,,,"1b302c73-8876-476a-9477-a2ba524ff780","2026-02-28","00:45:16.23","2026-02-27T18:45:16.2312704-06:00","2026-02-28T00:45:16.2312704Z","","v3","4806","471388","9d219402a542450a8ca9d307da9f26b3","Freiter, Bennett","1000119083","Right","NOR_BIS","c0fc21d9-ab88-4219-adb7-c902e72248f5","55.08207","-127.55162","12.82803","5.18171","2.45975","-13.54491","-1.6222","3.43552","2.48681",,,,,,,,,,,,,,,,,,,,,,,,,,,,,,,,,,,,,,,,,,,,,,,,,,,"High","High","High","","","","","",,,,,,,,,,,,,,,,,,,,,,,,,,,,,,,,,,,"2026","02","28"
"81","2026-02-27","18:45:57.92","2","1","Puetz, Parker","1000213729","Right","NOR_BIS","Macon, Tyler","823527","Right","MIZ_TIG","Undefined","3","Bottom","0","0","0","Fastball","Four-Seam","FoulBallNotFieldable","Undefined","Undefined","Undefined","0","0","","90.78345","-0.640034","-2.545559","2383.854894","221.953811","1:30","5.38424","1.61917","6.02993","-18.85639","15.14048","12.56772","3.21954","0.30754","82.25751","-4.228863","-0.286457","0.419654",,,,,,,,,,,,"-7.26693","8.33217","-1.42703","50.0","5.32404","5.32823","-131.72297","-2.04274","-12.65623","30.26176","-17.6626","MIZ_TIG","NOR_BIS","TaylorStadium","D1","SEC","20260227-TaylorStadium-1","d8eee9e0-143e-11f1-8b2a-372dde908e8b","89.81798",,,"8.52594",,,,,,,"1b302c73-8876-476a-9477-a2ba524ff780","2026-02-28","00:45:57.92","2026-02-27T18:45:57.9246080-06:00","2026-02-28T00:45:57.9246080Z","","v3","4806","471388","9d219402a542450a8ca9d307da9f26b3","Freiter, Bennett","1000119083","Right","NOR_BIS","3ef79380-6c48-4304-ad23-2dd4b3320291","54.46892","-132.74568","15.13088","5.38298","-1.44582","-8.8313","-1.61433","5.75595","-6.32811",,,,,,,,,,,,,,,,,,,,,,,,,,,,,,,,,,,,,,,,,,,,,,,,,,,"High","High","High","","","","","",,,,,,,,,,,,,,,,,,,,,,,,,,,,,,,,,,,"2026","02","28"
"82","2026-02-27","18:46:32.03","2","2","Puetz, Parker","1000213729","Right","NOR_BIS","Macon, Tyler","823527","Right","MIZ_TIG","Undefined","3","Bottom","0","0","1","Cutter","Slider","BallCalled","Undefined","Undefined","Undefined","0","0","","85.8827","0.045068","-3.054603","2619.397451","144.135343","10:45","5.20956","1.6475","5.38782","-30.90864","7.59272","-4.66252","2.67614","-1.60679","79.0117","-5.621077","-3.881407","0.446591",,,,,,,,,,,,"1.52878","4.17272","-1.37099","50.0","5.19196","6.85021","-124.56579","-1.01202","2.41475","23.78566","-25.58322","MIZ_TIG","NOR_BIS","TaylorStadium","D1","SEC","20260227-TaylorStadium-1","ed4a1860-143e-11f1-8b2a-372dde908e8b","84.40044",,,"6.87101",,,,,,,"1b302c73-8876-476a-9477-a2ba524ff780","2026-02-28","00:46:32.03","2026-02-27T18:46:32.0388096-06:00","2026-02-28T00:46:32.0388096Z","","v3","4806","471388","9d219402a542450a8ca9d307da9f26b3","Freiter, Bennett","1000119083","Right","NOR_BIS","241311bc-7025-4802-9204-0f14afe82ca8","55.11034","-125.53781","11.89283","5.21196","0.03346","-12.79161","-1.64892","6.75153","1.20738",,,,,,,,,,,,,,,,,,,,,,,,,,,,,,,,,,,,,,,,,,,,,,,,,,,"High","High","High","","","","","",,,,,,,,,,,,,,,,,,,,,,,,,,,,,,,,,,,"2026","02","28"
"83","2026-02-27","18:46:54.01","2","3","Puetz, Parker","1000213729","Right","NOR_BIS","Macon, Tyler","823527","Right","MIZ_TIG","Undefined","3","Bottom","0","1","1","Fastball","Sinker","BallCalled","Undefined","Undefined","Undefined","0","0","","90.77662","-1.466963","-4.164276","2355.984214","227.637218","1:30","5.34405","1.54941","6.15992","-18.82761","15.24883","15.38355","2.416","-1.02242","81.94212","-5.062783","-1.39855","0.420144",,,,,,,,,,,,"-9.13815","8.6665","-1.23997","50.0","5.22269","8.89758","-131.40461","-3.91759","-15.79761","30.7769","-17.19177","MIZ_TIG","NOR_BIS","TaylorStadium","D1","SEC","20260227-TaylorStadium-1","fa5d4360-143e-11f1-8b2a-372dde908e8b","89.71308",,,"8.83449",,,,,,,"1b302c73-8876-476a-9477-a2ba524ff780","2026-02-28","00:46:54.01","2026-02-27T18:46:54.0124160-06:00","2026-02-28T00:46:54.0124160Z","","v3","4806","471388","9d219402a542450a8ca9d307da9f26b3","Freiter, Bennett","1000119083","Right","NOR_BIS","ccbc90cf-03fd-4f3d-b82f-dfb816d56552","54.33586","-132.41624","15.38845","5.34218","-3.3525","-8.59589","-1.54096","9.41684","-7.8988",,,,,,,,,,,,,,,,,,,,,,,,,,,,,,,,,,,,,,,,,,,,,,,,,,,"High","High","High","","","","","",,,,,,,,,,,,,,,,,,,,,,,,,,,,,,,,,,,"2026","02","28"
"84","2026-02-27","18:47:15.22","2","4","Puetz, Parker","1000213729","Right","NOR_BIS","Macon, Tyler","823527","Right","MIZ_TIG","Undefined","3","Bottom","0","2","1","Cutter","Slider","BallCalled","Undefined","Undefined","StolenBase","0","0","","85.73314","-0.442031","-2.760847","2527.361207","136.589236","10:30","5.22928","1.82134","5.33799","-32.33143","6.27658","-4.87591","2.11982","-1.1771","79.13243","-6.344489","-3.625475","0.447209",,,,,,,,,,,,"1.72791","3.6304","-1.56851","50.0","5.16626","6.21148","-124.40421","-2.14061","2.72814","23.20937","-26.44213","MIZ_TIG","NOR_BIS","TaylorStadium","D1","SEC","20260227-TaylorStadium-1","07004770-143f-11f1-8b2a-372dde908e8b","84.2838",,,"6.60071",,,,,,,"1b302c73-8876-476a-9477-a2ba524ff780","2026-02-28","00:47:15.22","2026-02-27T18:47:15.2279552-06:00","2026-02-28T00:47:15.2279552Z","","v3","4806","471388","9d219402a542450a8ca9d307da9f26b3","Freiter, Bennett","1000119083","Right","NOR_BIS","3556268c-4903-4a59-804c-b465e177d3bc","55.1607","-125.36331","11.60469","5.23214","-1.04791","-13.22107","-1.82287","6.09874","1.36407",,,,,,,,,,,,,,,,,,,,,,,,,,,,,,,,,,,,,,,,,,,,,,,,,,,"High","High","High","","","","","",,,,,,,,,,,,,,,,,,,,,,,,,,,,,,,,,,,"2026","02","28"
"85","2026-02-27","18:47:44.22","2","5","Puetz, Parker","1000213729","Right","NOR_BIS","Macon, Tyler","823527","Right","MIZ_TIG","Undefined","3","Bottom","0","3","1","Fastball","Sinker","InPlay","Undefined","GroundBall","Error","1","1","","91.71543","-1.411092","-3.162354","2346.941256","238.128317","2:00","5.29122","1.6424","5.60792","-22.2656","11.75131","16.95442","2.11631","0.10039","82.88522","-5.579357","-0.139071","0.419777","103.94411","-7.671302","-8.722568",,,,,"16.29997","16.20298","-8.585103","0.102548","-9.57103","6.73992","-1.383","50.0","5.15623","6.56953","-132.83555","-4.05107","-16.90111","31.56553","-20.27226","MIZ_TIG","NOR_BIS","TaylorStadium","D1","SEC","20260227-TaylorStadium-1","183f1ac0-143f-11f1-8b2a-372dde908e8b","89.79154","2.10365",,"8.83021",,,,"0.84671","2.10365","-0.11157","1b302c73-8876-476a-9477-a2ba524ff780","2026-02-28","00:47:44.22","2026-02-27T18:47:44.2271232-06:00","2026-02-28T00:47:44.2271232Z","GroundBall","v3","4806","471388","9d219402a542450a8ca9d307da9f26b3","Freiter, Bennett","1000119083","Right","NOR_BIS","4918d93e-f974-43a4-a70e-93955b225f54","54.89026","-133.99258","15.78277","5.2911","-3.308","-10.13613","-1.63515","7.18903","-8.45055","188.282045","0.84672","149.33761","-4.15868",,,,,,,"2.10363","-20.34759","-1.61571",,,,,,,"-0.11158","-22.91125","2.65029",,,,,,,,,,,,,,,,,,,,,,,,,,,,,"High","High","High","Medium","High","","","",,,,,,,,,,,,,,,,,,,,,,,,,,,,,,,,"79.6741","6.55271","-2.25164","2026","02","28"
"86","2026-02-27","18:48:32.44","3","1","Puetz, Parker","1000213729","Right","NOR_BIS","Serna, Mateo","806219","Left","MIZ_TIG","Undefined","3","Bottom","1","0","0","Slider","Slider","StrikeCalled","Undefined","Undefined","Undefined","0","0","","81.55345","1.62027","-0.343122","2592.561045","63.876234","8:15","5.25935","1.6591","5.45466","-50.56357","-7.11272","-17.69623","2.56293","-0.13679","73.64568","-7.623785","-3.496215","0.474428",,,,,,,,,,,,"8.70957","-3.56984","-1.61668","50.0","5.36812","1.45541","-118.21421","1.51664","12.0853","26.61744","-37.12751","MIZ_TIG","NOR_BIS","TaylorStadium","D1","SEC","20260227-TaylorStadium-1","35128f60-143f-11f1-8b2a-372dde908e8b","79.44815",,,"7.90777",,,,,,,"1b302c73-8876-476a-9477-a2ba524ff780","2026-02-28","00:48:32.44","2026-02-27T18:48:32.4487680-06:00","2026-02-28T00:48:32.4487680Z","","v3","4806","471388","9d219402a542450a8ca9d307da9f26b3","Freiter, Bennett","1000119083","Right","NOR_BIS","2e8854ff-4f9b-4d45-abf4-5c2828508140","55.04416","-119.34456","13.30872","5.27024","3.09332","-18.56376","-1.66759","0.94219","6.04265",,,,,,,,,,,,,,,,,,,,,,,,,,,,,,,,,,,,,,,,,,,,,,,,,,,"High","High","High","","","","","",,,,,,,,,,,,,,,,,,,,,,,,,,,,,,,,,,,"2026","02","28"
"87","2026-02-27","18:48:47.49","3","2","Puetz, Parker","1000213729","Right","NOR_BIS","Serna, Mateo","806219","Left","MIZ_TIG","Undefined","3","Bottom","1","0","1","Fastball","Sinker","BallCalled","Undefined","Undefined","Undefined","0","0","","93.35923","-0.028054","-1.15236","2369.347748","230.673095","1:45","5.164","1.76447","5.83468","-19.09993","13.23654","14.82658","3.54626","1.92877","84.59838","-3.640226","1.505729","0.409277",,,,,,,,,,,,"-7.82426","7.07516","-1.67876","50.0","5.15053","2.03804","-135.49302","-0.69234","-14.43488","31.6991","-19.12119","MIZ_TIG","NOR_BIS","TaylorStadium","D1","SEC","20260227-TaylorStadium-1","3dfa1210-143f-11f1-8b2a-372dde908e8b","92.0951",,,"8.76084",,,,,,,"1b302c73-8876-476a-9477-a2ba524ff780","2026-02-28","00:48:47.49","2026-02-27T18:48:47.4931712-06:00","2026-02-28T00:48:47.4931712Z","","v3","4806","471388","9d219402a542450a8ca9d307da9f26b3","Freiter, Bennett","1000119083","Right","NOR_BIS","59c53b71-06cf-4689-936d-e20bc1930174","54.66157","-136.57926","15.84955","5.16303","-0.03711","-9.56059","-1.75708","2.53268","-7.21744",,,,,,,,,,,,,,,,,,,,,,,,,,,,,,,,,,,,,,,,,,,,,,,,,,,"High","High","High","","","","","",,,,,,,,,,,,,,,,,,,,,,,,,,,,,,,,,,,"2026","02","28"
"88","2026-02-27","18:49:02.37","3","3","Puetz, Parker","1000213729","Right","NOR_BIS","Serna, Mateo","806219","Left","MIZ_TIG","Undefined","3","Bottom","1","1","1","Cutter","Slider","BallCalled","Undefined","Undefined","Undefined","0","0","","86.96495","1.146625","-1.517121","2578.804497","159.811812","11:15","5.12242","1.7422","5.4363","-29.17832","8.07949","-2.58154","3.76515","0.10605","80.11323","-4.221882","-1.976153","0.439319",,,,,,,,,,,,"0.91354","4.12335","-1.60611","50.0","5.20384","3.45855","-126.3083","1.47887","1.49022","23.36953","-25.44765","MIZ_TIG","NOR_BIS","TaylorStadium","D1","SEC","20260227-TaylorStadium-1","46e08350-143f-11f1-8b2a-372dde908e8b","85.79739",,,"6.85171",,,,,,,"1b302c73-8876-476a-9477-a2ba524ff780","2026-02-28","00:49:02.37","2026-02-27T18:49:02.3773184-06:00","2026-02-28T00:49:02.3773184Z","","v3","4806","471388","9d219402a542450a8ca9d307da9f26b3","Freiter, Bennett","1000119083","Right","NOR_BIS","2167cfb4-f95f-41aa-9047-2040e013a8a9","55.0622","-127.24146","11.68476","5.1245","2.49502","-12.72383","-1.74302","3.39905","0.74511",,,,,,,,,,,,,,,,,,,,,,,,,,,,,,,,,,,,,,,,,,,,,,,,,,,"High","High","High","","","","","",,,,,,,,,,,,,,,,,,,,,,,,,,,,,,,,,,,"2026","02","28"
"89","2026-02-27","18:49:21.19","3","4","Puetz, Parker","1000213729","Right","NOR_BIS","Serna, Mateo","806219","Left","MIZ_TIG","Undefined","3","Bottom","1","2","1","Fastball","Sinker","StrikeSwinging","Undefined","Undefined","Undefined","0","0","","92.54675","0.055983","-3.220136","2357.163848","228.487117","1:30","5.26418","1.48759","6.0689","-19.50501","13.17953","13.63642","3.69065","-0.35909","83.79216","-3.646536","-0.769534","0.411474",,,,,,,,,,,,"-7.90178","7.08457","-1.24458","50.0","5.2581","6.94076","-134.18527","-0.47672","-14.30307","30.99171","-19.35022","MIZ_TIG","NOR_BIS","TaylorStadium","D1","SEC","20260227-TaylorStadium-1","52060f20-143f-11f1-8b2a-372dde908e8b","91.60338",,,"8.75459",,,,,,,"1b302c73-8876-476a-9477-a2ba524ff780","2026-02-28","00:49:21.19","2026-02-27T18:49:21.1960320-06:00","2026-02-28T00:49:21.1960320Z","","v3","4806","471388","9d219402a542450a8ca9d307da9f26b3","Freiter, Bennett","1000119083","Right","NOR_BIS","4b45157a-f7d2-4795-aa60-ac16f0267843","54.42746","-135.20397","15.49585","5.26332","0.15933","-9.67511","-1.48045","7.41091","-7.15154",,,,,,,,,,,,,,,,,,,,,,,,,,,,,,,,,,,,,,,,,,,,,,,,,,,"High","High","High","","","","","",,,,,,,,,,,,,,,,,,,,,,,,,,,,,,,,,,,"2026","02","28"
"90","2026-02-27","18:49:43.23","3","5","Puetz, Parker","1000213729","Right","NOR_BIS","Serna, Mateo","806219","Left","MIZ_TIG","Undefined","3","Bottom","1","2","2","Slider","Slider","FoulBallNotFieldable","Undefined","Undefined","Undefined","0","0","","82.3696","1.176378","-0.818676","2678.194047","68.402355","8:15","5.16731","1.82429","5.60138","-48.48282","-6.16244","-19.37462","2.22556","-0.55459","74.52794","-7.704838","-4.279761","0.468216","30.15275","-25.895482","41.022491",,,,,"6.67585","6.67582","32.922488","0.117297","9.58989","-3.13567","-1.74113","50.0","5.23652","2.48858","-119.47696","0.75664","13.58863","27.25075","-36.6172","MIZ_TIG","NOR_BIS","TaylorStadium","D1","SEC","20260227-TaylorStadium-1","5f4ccd40-143f-11f1-8b2a-372dde908e8b","80.50226","2.3067",,"7.84166",,,,"2.01902","2.3067","0.50972","1b302c73-8876-476a-9477-a2ba524ff780","2026-02-28","00:49:43.23","2026-02-27T18:49:43.2397312-06:00","2026-02-28T00:49:43.2397312Z","GroundBall","v3","4806","471388","9d219402a542450a8ca9d307da9f26b3","Freiter, Bennett","1000119083","Right","NOR_BIS","c0a61fc3-08a6-4b7f-9455-0a838394f23a","54.89941","-120.58925","13.62537","5.17513","2.25125","-18.3086","-1.83138","1.93393","6.79431",,"2.00871","30.56117",,,,,,,,"2.31333","-19.66557",,,,,,,,"0.50075","26.58749",,,,,,,,,,,,,,,,,,,,,,,,,,,,,,"High","High","High","Estimated","Estimated","","","",,,,,,,,,,,,,,,,,,,,,,,,,,,,,,,,,,,"2026","02","28"
"91","2026-02-27","18:50:16.47","3","6","Puetz, Parker","1000213729","Right","NOR_BIS","Serna, Mateo","806219","Left","MIZ_TIG","Undefined","3","Bottom","1","2","2","Cutter","Slider","FoulBallNotFieldable","Undefined","Undefined","Undefined","0","0","","87.17013","0.479423","-1.186696","2543.57535","164.978353","11:30","5.06579","1.64001","5.50014","-30.37254","6.65961","-1.4987","2.98327","0.40501","80.27163","-5.105755","-1.453708","0.437986","69.26849","37.898704","-148.661235","4410.975848","-95.89966","41.80632","-53.88186","191.59253","70.31649","-153.519368","2.896993","0.45512","3.55528","-1.53524","50.0","5.08711","2.68741","-126.66312","-0.02836","0.74464","24.13851","-26.35693","MIZ_TIG","NOR_BIS","TaylorStadium","D1","SEC","20260227-TaylorStadium-1","730441b0-143f-11f1-8b2a-372dde908e8b","86.05846","42.29884",,"6.89849",,,,"1.0076","2.70705","-0.19817","1b302c73-8876-476a-9477-a2ba524ff780","2026-02-28","00:50:16.47","2026-02-27T18:50:16.4765696-06:00","2026-02-28T00:50:16.4765696Z","FlyBall","v3","4806","471388","9d219402a542450a8ca9d307da9f26b3","Freiter, Bennett","1000119083","Right","NOR_BIS","ffdc7f56-4799-4e01-8238-7f732ab06636","55.0001","-127.61244","12.06926","5.06784","1.00821","-13.17847","-1.64035","2.65813","0.37232","16.605016","1.00771","-68.47681","2.63234","0.17102","0.11756","-0.16191","0.08529","-0.02071","0.0019","2.70713","62.40275","-28.04123","3.32435","-0.63306","0.09703","-0.0103","0.00197","-3.0E-4","-0.19801","-41.70268","4.0425","-0.09494","0.27659","-0.25723","0.12775","-0.03062","0.0028",,,,,,,,,,,,,,,,,,,,,,,"High","High","High","High","Low","","","",,,,,,,,,,,,,,,,,,,,,,,,,,,,,,,,,,,"2026","02","28"
"92","2026-02-27","18:50:41.50","3","7","Puetz, Parker","1000213729","Right","NOR_BIS","Serna, Mateo","806219","Left","MIZ_TIG","Undefined","3","Bottom","1","2","2","ChangeUp","Changeup","InPlay","Undefined","FlyBall","Out","1","0","","86.29426","0.134592","-3.027834","1919.633836","260.926564","2:45","5.07396","1.87392","5.70937","-33.90962","4.20988","18.21379","2.37374","0.56815","78.3294","-6.136703","0.227935","0.44437","86.69809","52.448008","-34.320854","3975.715865","79.99569","119.68914","-75.5029","246.85764","90.93225","-49.386436","5.781974","-10.22741","2.45591","-1.6319","50.0","5.06419","5.86216","-125.13322","-0.88113","-16.06944","27.38461","-28.31532","MIZ_TIG","NOR_BIS","TaylorStadium","D1","SEC","20260227-TaylorStadium-1","81edda60-143f-11f1-8b2a-372dde908e8b","84.82213","128.4799",,"7.96485",,,,"1.0123","2.25134","-0.46325","1b302c73-8876-476a-9477-a2ba524ff780","2026-02-28","00:50:41.50","2026-02-27T18:50:41.5032320-06:00","2026-02-28T00:50:41.5032320Z","FlyBall","v3","4806","471388","9d219402a542450a8ca9d307da9f26b3","Freiter, Bennett","1000119083","Right","NOR_BIS","0b077609-dab8-48aa-8b42-44613066074a","54.79076","-126.17729","13.6923","5.0772","0.19843","-14.15766","-1.86708","6.47483","-8.03472","156.302766","1.01756","63.8744","-18.8521","4.13264","-0.03154","-0.29409","0.08688","-0.01064","4.9E-4","2.24049","100.98608","-24.99036","3.15864","-0.87252","0.1947","-0.02347","0.00102","1.0E-5","-0.46101","-43.73575","3.63051","-0.59122","0.19149","-0.0729","0.01662","-0.00191","9.0E-5",,,,,,,,,,,,,,,,,,,,,,,"High","High","High","High","Low","","","",,,,,,,,,,,,,,,,,,,,,,,,,,,,,,,,"72.38256","13.64576","0.73338","2026","02","28"
"93","2026-02-27","18:51:24.11","4","1","Puetz, Parker","1000213729","Right","NOR_BIS","Parker, Sam","806179","Left","MIZ_TIG","Undefined","3","Bottom","2","0","0","Slider","Curveball","BallCalled","Undefined","Undefined","Undefined","0","0","","82.36374","-0.289471","-0.504064","2605.700753","58.483023","8:00","5.11548","1.87111","5.43922","-52.0007","-8.95693","-17.33647","0.51102","-0.04561","74.04825","-9.763788","-3.598881","0.4722",,,,,,,,,,,,"8.57804","-3.97788","-1.81404","50.0","5.05399","1.76833","-119.32397","-2.48079","11.98304","29.60711","-37.73094","MIZ_TIG","NOR_BIS","TaylorStadium","D1","SEC","20260227-TaylorStadium-1","9b6be270-143f-11f1-8b2a-372dde908e8b","79.82296",,,"8.31549",,,,,,,"1b302c73-8876-476a-9477-a2ba524ff780","2026-02-28","00:51:24.11","2026-02-27T18:51:24.1127936-06:00","2026-02-28T00:51:24.1127936Z","","v3","4806","471388","9d219402a542450a8ca9d307da9f26b3","Freiter, Bennett","1000119083","Right","NOR_BIS","da8a52b2-59f3-4e25-8718-b6bee0db7a8d","55.06018","-120.57298","14.80355","5.12507","-0.88906","-18.86547","-1.87797","1.26281","5.99152",,,,,,,,,,,,,,,,,,,,,,,,,,,,,,,,,,,,,,,,,,,,,,,,,,,"High","High","High","","","","","",,,,,,,,,,,,,,,,,,,,,,,,,,,,,,,,,,,"2026","02","28"
"94","2026-02-27","18:51:40.53","4","2","Puetz, Parker","1000213729","Right","NOR_BIS","Parker, Sam","806179","Left","MIZ_TIG","Undefined","3","Bottom","2","1","0","Slider","Curveball","StrikeCalled","Undefined","Undefined","Undefined","0","0","","80.95","1.465617","0.006247","2585.507939","65.278875","8:15","5.17971","1.76732","5.47691","-49.60987","-5.49646","-15.45087","2.41728","0.48559","72.982","-7.621933","-2.748736","0.478032",,,,,,,,,,,,"7.73914","-2.74103","-1.75721","50.0","5.27505","0.62863","-117.32735","1.24483","10.56482","26.47526","-35.91586","MIZ_TIG","NOR_BIS","TaylorStadium","D1","SEC","20260227-TaylorStadium-1","a5320550-143f-11f1-8b2a-372dde908e8b","78.84924",,,"7.968",,,,,,,"1b302c73-8876-476a-9477-a2ba524ff780","2026-02-28","00:51:40.53","2026-02-27T18:51:40.5341696-06:00","2026-02-28T00:51:40.5341696Z","","v3","4806","471388","9d219402a542450a8ca9d307da9f26b3","Freiter, Bennett","1000119083","Right","NOR_BIS","58eb6670-5c5c-4af6-8664-08e9119c02e8","55.02146","-118.45503","13.23763","5.18944","2.77463","-17.95793","-1.7744","0.17863","5.28241",,,,,,,,,,,,,,,,,,,,,,,,,,,,,,,,,,,,,,,,,,,,,,,,,,,"High","High","High","","","","","",,,,,,,,,,,,,,,,,,,,,,,,,,,,,,,,,,,"2026","02","28"
"95","2026-02-27","18:51:55.92","4","3","Puetz, Parker","1000213729","Right","NOR_BIS","Parker, Sam","806179","Left","MIZ_TIG","Undefined","3","Bottom","2","1","1","Fastball","Four-Seam","BallCalled","Undefined","Undefined","Undefined","0","0","","92.50056","-2.15006","-4.031153","2392.116416","220.020411","1:15","5.18089","1.54974","5.90884","-16.16615","16.89792","13.21375","1.83215","-1.09698","83.71995","-5.239359","-1.666632","0.413856",,,,,,,,,,,,"-7.97559","9.63867","-1.2332","50.0","4.99868","8.84954","-133.87558","-5.51794","-14.34513","31.31496","-14.83769","MIZ_TIG","NOR_BIS","TaylorStadium","D1","SEC","20260227-TaylorStadium-1","ae4971a0-143f-11f1-8b2a-372dde908e8b","91.07613",,,"8.78061",,,,,,,"1b302c73-8876-476a-9477-a2ba524ff780","2026-02-28","00:51:55.92","2026-02-27T18:51:55.9206400-06:00","2026-02-28T00:51:55.9206400Z","","v3","4806","471388","9d219402a542450a8ca9d307da9f26b3","Freiter, Bennett","1000119083","Right","NOR_BIS","8612ef3d-c27d-4cd3-b3c0-14a8f7234fee","54.58888","-134.94469","15.65748","5.17843","-5.01137","-7.41885","-1.54369","9.3393","-7.17256",,,,,,,,,,,,,,,,,,,,,,,,,,,,,,,,,,,,,,,,,,,,,,,,,,,"High","High","High","","","","","",,,,,,,,,,,,,,,,,,,,,,,,,,,,,,,,,,,"2026","02","28"
"96","2026-02-27","18:52:11.03","4","4","Puetz, Parker","1000213729","Right","NOR_BIS","Parker, Sam","806179","Left","MIZ_TIG","Undefined","3","Bottom","2","2","1","Cutter","Slider","BallCalled","Undefined","Undefined","Undefined","0","0","","85.864","1.574329","-0.743829","2610.741676","117.037459","10:00","5.10376","1.6521","5.36008","-33.97762","4.46693","-6.543","3.74914","0.40927","78.8814","-4.651687","-1.906204","0.446261",,,,,,,,,,,,"3.07571","2.19851","-1.58054","50.0","5.22112","1.90497","-124.67953","2.1784","4.87128","23.62068","-28.6921","MIZ_TIG","NOR_BIS","TaylorStadium","D1","SEC","20260227-TaylorStadium-1","b7501510-143f-11f1-8b2a-372dde908e8b","84.46281",,,"6.9826",,,,,,,"1b302c73-8876-476a-9477-a2ba524ff780","2026-02-28","00:52:11.03","2026-02-27T18:52:11.0306816-06:00","2026-02-28T00:52:11.0306816Z","","v3","4806","471388","9d219402a542450a8ca9d307da9f26b3","Freiter, Bennett","1000119083","Right","NOR_BIS","cde69133-cb0a-435a-99c4-3bef62a6f178","55.13878","-125.64931","11.81034","5.1075","3.35639","-14.34605","-1.65464","1.70497","2.43564",,,,,,,,,,,,,,,,,,,,,,,,,,,,,,,,,,,,,,,,,,,,,,,,,,,"High","High","High","","","","","",,,,,,,,,,,,,,,,,,,,,,,,,,,,,,,,,,,"2026","02","28"
"97","2026-02-27","18:52:28.93","4","5","Puetz, Parker","1000213729","Right","NOR_BIS","Parker, Sam","806179","Left","MIZ_TIG","Undefined","3","Bottom","2","3","1","Fastball","Four-Seam","FoulBallNotFieldable","Undefined","Undefined","Undefined","0","0","","92.44415","-1.696962","-3.300141","2335.900345","210.711956","1:00","5.28808","1.63594","5.95607","-14.47855","18.72568","10.39473","2.50475","-0.56166","83.09839","-4.503489","-1.436655","0.414732","90.3766","34.062181","61.753647","4616.043137","46.06902","63.83845","99.88812","321.16275","125.2792","76.525107","4.754039","-6.47386","10.55382","-1.3796","50.0","5.14525","7.2751","-133.8815","-4.37577","-11.54758","33.55388","-13.34902","MIZ_TIG","NOR_BIS","TaylorStadium","D1","SEC","20260227-TaylorStadium-1","c1f52640-143f-11f1-8b2a-372dde908e8b","90.88374","79.80486",,"9.34575",,,,"4.24168","2.77794","0.43182","1b302c73-8876-476a-9477-a2ba524ff780","2026-02-28","00:52:28.93","2026-02-27T18:52:28.9356800-06:00","2026-02-28T00:52:28.9356800Z","FlyBall","v3","4806","471388","9d219402a542450a8ca9d307da9f26b3","Freiter, Bennett","1000119083","Right","NOR_BIS","5bbce0be-f343-4b43-ae5a-a8f8e0ea9802","54.54264","-135.01519","16.77694","5.28548","-3.92474","-6.67451","-1.63199","7.66526","-5.77379",,"4.2415","51.97357","-18.30412","4.82925","-1.19671","0.30943","-0.07091","0.00992","-5.6E-4","2.77939","74.20699","-20.39165","1.3564","0.04772","-0.13087","0.04442","-0.00626","3.2E-4","0.43246","96.72431","-12.29272","2.21011","-0.41577","0.10315","-0.02822","0.00479","-3.2E-4",,,,,,,,,,,,,,,,,,,,,,,"High","High","High","High","Low","","","",,,,,,,,,,,,,,,,,,,,,,,,,,,,,,,,,,,"2026","02","28"
"98","2026-02-27","18:52:47.47","4","6","Puetz, Parker","1000213729","Right","NOR_BIS","Parker, Sam","806179","Left","MIZ_TIG","Undefined","3","Bottom","2","3","2","Cutter","Slider","StrikeSwinging","Strikeout","Undefined","Undefined","0","0","","86.85664","-0.512909","-2.444718","2495.443514","149.802619","11:00","5.05058","1.75113","5.54058","-31.19128","6.2326","-2.9715","1.97148","-0.78277","79.89129","-6.240061","-2.973994","0.440297",,,,,,,,,,,,"0.84988","3.63343","-1.53706","50.0","4.98537","5.50914","-126.07198","-2.24167","1.37288","24.7434","-26.30462","MIZ_TIG","NOR_BIS","TaylorStadium","D1","SEC","20260227-TaylorStadium-1","cd1e82a0-143f-11f1-8b2a-372dde908e8b","85.60682",,,"6.96536",,,,,,,"1b302c73-8876-476a-9477-a2ba524ff780","2026-02-28","00:52:47.47","2026-02-27T18:52:47.4768384-06:00","2026-02-28T00:52:47.4768384Z","","v3","4806","471388","9d219402a542450a8ca9d307da9f26b3","Freiter, Bennett","1000119083","Right","NOR_BIS","8a856454-f7e4-4f34-8823-716baf679063","54.95867","-127.04145","12.3717","5.05301","-1.21102","-13.15231","-1.75187","5.45534","0.68644",,,,,,,,,,,,,,,,,,,,,,,,,,,,,,,,,,,,,,,,,,,,,,,,,,,"High","High","High","","","","","",,,,,,,,,,,,,,,,,,,,,,,,,,,,,,,,,,,"2026","02","28"
"111","2026-02-27","19:03:47.51","1","1","Puetz, Parker","1000213729","Right","NOR_BIS","Ward, Blaize","1000263242","Left","MIZ_TIG","Undefined","4","Bottom","0","0","0","Fastball","Sinker","InPlay","Undefined","GroundBall","Single","0","0","","89.70049","-1.302927","-3.257516","2336.774625","225.509066","1:30","5.35879","1.59342","6.14501","-20.69946","14.03631","13.06843","2.42768","-0.33097","81.31807","-5.229926","-0.904935","0.424189","102.26033","4.918859","31.12905","3212.71446",,,,"107.6942","102.81681","33.880727","0.802419","-7.77217","8.00615","-1.35188","50.0","5.24878","6.8685","-130.0666","-3.58388","-13.19232","29.61148","-18.58462","MIZ_TIG","NOR_BIS","TaylorStadium","D1","SEC","20260227-TaylorStadium-1","56703520-1441-11f1-8b2a-372dde908e8b","88.85755","4.39867",,"8.38242",,,,"1.5803","2.44506","0.18503","1b302c73-8876-476a-9477-a2ba524ff780","2026-02-28","01:03:47.51","2026-02-27T19:03:47.5143168-06:00","2026-02-28T01:03:47.5143168Z","GroundBall","v3","4806","471388","9d219402a542450a8ca9d307da9f26b3","Freiter, Bennett","1000119083","Right","NOR_BIS","6441e7af-df94-42bf-b5cd-ece2d99f776d","54.35385","-131.05406","14.80574","5.35796","-2.96413","-9.29231","-1.58826","7.30843","-6.59616",,"1.67937","126.22354","-21.19287",,,,,,,"2.50313","11.87006","-18.76233",,,,,,,"0.17253","77.47287","-3.56002",,,,,,,,,,,,,,,,,,,,,,,,,,,,,"High","High","High","High","High","","","",,,,,,,,,,,,,,,,,,,,,,,,,,,,,,,,"67.98371","17.74448","16.51528","2026","02","28"
"112","2026-02-27","19:04:30.51","2","1","Puetz, Parker","1000213729","Right","NOR_BIS","Benson, Cameron","813272","Left","MIZ_TIG","Undefined","4","Bottom","0","0","0","Cutter","Slider","BallCalled","Undefined","Undefined","Undefined","0","0","","84.44805","-0.810136","-1.362157","2526.520368","148.857307","11:00","5.26131","1.84467","5.25822","-35.51951","4.88378","-2.1311","1.53992","0.38703","76.97969","-7.30651","-1.740483","0.457488",,,,,,,,,,,,"0.65654","3.09618","-1.71823","50.0","5.16104","3.00413","-122.4416","-3.02639","0.98948","25.81121","-27.50779","MIZ_TIG","NOR_BIS","TaylorStadium","D1","SEC","20260227-TaylorStadium-1","70263d20-1441-11f1-8b2a-372dde908e8b","82.39001",,,"7.46837",,,,,,,"1b302c73-8876-476a-9477-a2ba524ff780","2026-02-28","01:04:30.51","2026-02-27T19:04:30.5110016-06:00","2026-02-28T01:04:30.5110016Z","","v3","4806","471388","9d219402a542450a8ca9d307da9f26b3","Freiter, Bennett","1000119083","Right","NOR_BIS","1915dbd3-c701-4898-a4bc-00cd4f663261","55.23924","-123.54112","12.9056","5.265","-1.8546","-13.75389","-1.84531","2.96198","0.49474",,,,,,,,,,,,,,,,,,,,,,,,,,,,,,,,,,,,,,,,,,,,,,,,,,,"High","High","High","","","","","",,,,,,,,,,,,,,,,,,,,,,,,,,,,,,,,,,,"2026","02","28"
"113","2026-02-27","19:05:19.53","2","2","Puetz, Parker","1000213729","Right","NOR_BIS","Benson, Cameron","813272","Left","MIZ_TIG","Undefined","4","Bottom","0","1","0","Fastball","Four-Seam","FoulBallNotFieldable","Undefined","Undefined","Undefined","0","0","","90.83066","-1.24002","-3.555683","2338.0541","218.829579","1:15","5.28455","1.64927","6.21473","-19.22324","14.82099","10.92516","2.53587","-0.72589","81.74346","-4.917008","-1.587851","0.419946","115.7494","20.099359","49.18601","4187.954815","67.09117","37.59966","87.17061","382.62679","187.35403","65.209518","4.085463","-6.86681","8.45382","-1.38805","50.0","5.18195","7.7304","-131.59584","-3.41322","-11.83803","32.32661","-17.60008","MIZ_TIG","NOR_BIS","TaylorStadium","D1","SEC","20260227-TaylorStadium-1","8d493150-1441-11f1-8b2a-372dde908e8b","89.75551","55.67582",,"9.0872",,,,"2.81025","2.83469","0.65408","1b302c73-8876-476a-9477-a2ba524ff780","2026-02-28","01:05:19.53","2026-02-27T19:05:19.5396608-06:00","2026-02-28T01:05:19.5396608Z","LineDrive","v3","4806","471388","9d219402a542450a8ca9d307da9f26b3","Freiter, Bennett","1000119083","Right","NOR_BIS","6726e223-fb17-4893-92a5-d79d6b17865a","54.28367","-132.64395","16.16331","5.28336","-2.84258","-8.80004","-1.64492","8.11422","-5.91902",,"2.80971","104.21728","-32.21324","8.10264","-1.96469","0.43527","-0.07924","0.00904","-4.4E-4","2.83504","58.33017","-18.03802","1.27707","-0.14843","0.01004","0.0014","-6.0E-5","-3.0E-5","0.65402","120.65947","-11.44983","0.79208","0.01189","-0.01979","0.00374","-5.2E-4","3.0E-5",,,,,,,,,,,,,,,,,,,,,,,"High","High","High","High","Low","","","",,,,,,,,,,,,,,,,,,,,,,,,,,,,,,,,,,,"2026","02","28"
"114","2026-02-27","19:05:46.31","2","3","Puetz, Parker","1000213729","Right","NOR_BIS","Benson, Cameron","813272","Left","MIZ_TIG","Undefined","4","Bottom","0","1","1","Sinker","Sinker","BallCalled","Undefined","Undefined","Undefined","0","0","","91.19279","-3.138123","-4.1438","2333.276027","235.499528","1:45","5.33774","1.56055","5.74787","-21.78316","12.60887","16.53095","0.59029","-0.9265","82.49295","-7.217946","-1.19208","0.422085",,,,,,,,,,,,"-9.7269","7.76622","-1.22609","50.0","5.06304","8.82003","-131.80612","-7.97334","-16.90177","31.21853","-18.67921","MIZ_TIG","NOR_BIS","TaylorStadium","D1","SEC","20260227-TaylorStadium-1","9d396490-1441-11f1-8b2a-372dde908e8b","89.30052",,,"8.69984",,,,,,,"1b302c73-8876-476a-9477-a2ba524ff780","2026-02-28","01:05:46.31","2026-02-27T19:05:46.3142400-06:00","2026-02-28T01:05:46.3142400Z","","v3","4806","471388","9d219402a542450a8ca9d307da9f26b3","Freiter, Bennett","1000119083","Right","NOR_BIS","1fbc87b8-c542-424a-af2a-09723bf07f10","54.7505","-132.92652","15.60927","5.33717","-7.30296","-9.33961","-1.55351","9.42662","-8.45089",,,,,,,,,,,,,,,,,,,,,,,,,,,,,,,,,,,,,,,,,,,,,,,,,,,"High","High","High","","","","","",,,,,,,,,,,,,,,,,,,,,,,,,,,,,,,,,,,"2026","02","28"
"115","2026-02-27","19:06:09.69","2","4","Puetz, Parker","1000213729","Right","NOR_BIS","Benson, Cameron","813272","Left","MIZ_TIG","Undefined","4","Bottom","0","2","1","Cutter","Cutter","StrikeSwinging","Undefined","Undefined","StolenBase","0","0","","85.93477","-1.561813","-2.932202","2469.891545","164.870513","11:30","5.29738","1.85807","5.3899","-28.22498","10.35587","-2.4761","1.47921","-1.09887","78.94997","-6.744983","-3.371698","0.447051",,,,,,,,,,,,"0.44811","5.99654","-1.59416","50.0","5.13795","6.48715","-124.58145","-4.39191","0.70562","24.58399","-22.73192","MIZ_TIG","NOR_BIS","TaylorStadium","D1","SEC","20260227-TaylorStadium-1","ab3b3550-1441-11f1-8b2a-372dde908e8b","84.31347",,,"6.9848",,,,,,,"1b302c73-8876-476a-9477-a2ba524ff780","2026-02-28","01:06:09.69","2026-02-27T19:06:09.6940000-06:00","2026-02-28T01:06:09.6940000Z","","v3","4806","471388","9d219402a542450a8ca9d307da9f26b3","Freiter, Bennett","1000119083","Right","NOR_BIS","08542bb4-7fc6-4bd1-9a08-7880309b0985","55.10887","-125.58555","12.29199","5.29837","-3.46346","-11.36596","-1.85853","6.45833","0.35281",,,,,,,,,,,,,,,,,,,,,,,,,,,,,"78.32957","2.14209","0.881152","1.260937","-0.14777","1.29153","1.19122","-0.52052","6.69125","1.09326","127.27943","0.73284","-3.62652","-0.40761","112.99723","-9.44088","6.69574","9.00384","-10.90145","1.05996","-6.54649","2.28335","High","High","High","","","High","High","Medium",,,,,,,,,,,,,,,,,,,,,,,,,,,,,,,,,,,"2026","02","28"
"116","2026-02-27","19:06:42.46","2","5","Puetz, Parker","1000213729","Right","NOR_BIS","Benson, Cameron","813272","Left","MIZ_TIG","Undefined","4","Bottom","0","2","2","Slider","Slider","HitByPitch","Undefined","Undefined","Undefined","0","0","","81.22288","-0.769163","-2.740766","2645.376907","75.175408","8:30","5.26108","1.85422","5.36062","-47.64503","-3.80185","-19.96103","0.5685","-2.38135","74.24794","-9.3936","-6.284975","0.476565",,,,,,,,,,,,"9.39245","-1.45913","-1.59245","50.0","5.15739","6.40819","-117.72709","-3.23295","12.96407","25.79175","-34.18804","MIZ_TIG","NOR_BIS","TaylorStadium","D1","SEC","20260227-TaylorStadium-1","beb7c3a0-1441-11f1-8b2a-372dde908e8b","79.09188",,,"6.97494",,,,,,,"1b302c73-8876-476a-9477-a2ba524ff780","2026-02-28","01:06:42.46","2026-02-27T19:06:42.4686080-06:00","2026-02-28T01:06:42.4686080Z","","v3","4806","471388","9d219402a542450a8ca9d307da9f26b3","Freiter, Bennett","1000119083","Right","NOR_BIS","ed1f0f35-904f-4908-9fc0-4798f61ec6a2","55.14233","-118.84834","12.89587","5.26563","-1.74669","-17.09402","-1.85879","5.84461","6.48204",,,,,,,,,,,,,,,,,,,,,,,,,,,,,,,,,,,,,,,,,,,,,,,,,,,"High","High","High","","","","","",,,,,,,,,,,,,,,,,,,,,,,,,,,,,,,,,,,"2026","02","28"
"117","2026-02-27","19:08:21.56","3","1","Puetz, Parker","1000213729","Right","NOR_BIS","Maisonet, Eric","835908","Left","MIZ_TIG","Undefined","4","Bottom","0","0","0","Cutter","Slider","StrikeSwinging","Undefined","Undefined","Undefined","0","0","","85.30536","-1.576477","-1.853369","2512.628934","169.504867","11:45","5.19861","2.052","5.5172","-29.97561","8.74839","-1.40835","1.22545","0.20109","78.76464","-7.075566","-2.104416","0.44788",,,,,,,,,,,,"0.2361","5.16398","-1.88954","50.0","5.04101","4.06584","-123.87358","-4.44682","0.36909","23.34737","-24.10181","MIZ_TIG","NOR_BIS","TaylorStadium","D1","SEC","20260227-TaylorStadium-1","f9c62c20-1441-11f1-8b2a-372dde908e8b","84.15749",,,"6.54073",,,,,,,"1b302c73-8876-476a-9477-a2ba524ff780","2026-02-28","01:08:21.56","2026-02-27T19:08:21.5604224-06:00","2026-02-28T01:08:21.5604224Z","","v3","4806","471388","9d219402a542450a8ca9d307da9f26b3","Freiter, Bennett","1000119083","Right","NOR_BIS","aee99e68-3677-4fa0-a6ce-a9d1a729d3a2","54.98356","-124.80934","11.67368","5.19988","-3.48083","-12.05091","-2.0522","4.05104","0.18455",,,,,,,,,,,,,,,,,,,,,,,,,,,,,,,,,,,,,,,,,,,,,,,,,,,"High","High","High","","","","","",,,,,,,,,,,,,,,,,,,,,,,,,,,,,,,,,,,"2026","02","28"
"118","2026-02-27","19:08:46.89","3","2","Puetz, Parker","1000213729","Right","NOR_BIS","Maisonet, Eric","835908","Left","MIZ_TIG","Undefined","4","Bottom","0","0","1","Cutter","Slider","InPlay","Undefined","Bunt","Sacrifice","1","0","","85.03267","-0.251412","-1.438862","2506.849198","170.351082","11:45","5.18384","2.04337","5.48917","-32.5884","6.15012","-0.86457","2.23287","0.62496","78.85139","-6.215066","-1.59291","0.447964",,,,,,,,,,,,"0.09217","3.45992","-1.91671","50.0","5.13943","3.14038","-123.63028","-1.68735","0.1444","21.81724","-26.75348","MIZ_TIG","NOR_BIS","TaylorStadium","D1","SEC","20260227-TaylorStadium-1","08dd6480-1442-11f1-8b2a-372dde908e8b","84.14169",,,"6.18128",,,,,,,"1b302c73-8876-476a-9477-a2ba524ff780","2026-02-28","01:08:46.89","2026-02-27T19:08:46.8908544-06:00","2026-02-28T01:08:46.8908544Z","","v3","4806","471388","9d219402a542450a8ca9d307da9f26b3","Freiter, Bennett","1000119083","Right","NOR_BIS","57c80444-d188-40aa-9f8d-9b310ea1b14d","55.01262","-124.51172","10.90862","5.18576","-0.60648","-13.37674","-2.04346","3.13455","0.0722",,,,,,,,,,,,,,,,,,,,,,,,,,,,,,,,,,,,,,,,,,,,,,,,,,,"High","High","High","","","","","",,,,,,,,,,,,,,,,,,,,,,,,,,,,,,,,,,,"2026","02","28"
"119","2026-02-27","19:09:25.15","4","1","Puetz, Parker","1000213729","Right","NOR_BIS","Patterson, Christopher","1000080435","Left","MIZ_TIG","Undefined","4","Bottom","1","0","0","Slider","Curveball","BallCalled","Undefined","Undefined","Undefined","0","0","","79.77589","0.055175","-1.973415","2576.995124","71.810041","8:30","5.27366","1.79734","5.44215","-48.62636","-3.57189","-15.39887","1.27316","-1.33441","72.9948","-8.788788","-4.715009","0.483104",,,,,,,,,,,,"7.13189","-1.34595","-1.61201","50.0","5.2452","4.60574","-115.71702","-1.57584","9.57011","23.68066","-33.98016","MIZ_TIG","NOR_BIS","TaylorStadium","D1","SEC","20260227-TaylorStadium-1","1fc690e0-1442-11f1-8b2a-372dde908e8b","78.02142",,,"6.78109",,,,,,,"1b302c73-8876-476a-9477-a2ba524ff780","2026-02-28","01:09:25.15","2026-02-27T19:09:25.1567104-06:00","2026-02-28T01:09:25.1567104Z","","v3","4806","471388","9d219402a542450a8ca9d307da9f26b3","Freiter, Bennett","1000119083","Right","NOR_BIS","6b787842-5be1-4770-8123-2da6733fcbfa","55.05778","-116.74747","11.84033","5.2816","-0.09721","-16.99008","-1.80336","4.1893","4.78506",,,,,,,,,,,,,,,,,,,,,,,,,,,,,,,,,,,,,,,,,,,,,,,,,,,"High","High","High","","","","","",,,,,,,,,,,,,,,,,,,,,,,,,,,,,,,,,,,"2026","02","28"
"120","2026-02-27","19:09:43.58","4","2","Puetz, Parker","1000213729","Right","NOR_BIS","Patterson, Christopher","1000080435","Left","MIZ_TIG","Undefined","4","Bottom","1","1","0","Slider","Curveball","BallCalled","Undefined","Undefined","Undefined","0","0","","79.39898","0.368163","-2.150138","2488.449196","60.476296","8:00","5.24007","1.88077","5.40216","-52.58503","-7.25496","-15.31072","1.20322","-1.41083","73.07337","-9.155263","-4.874055","0.484579",,,,,,,,,,,,"7.0863","-3.34614","-1.67803","50.0","5.23591","4.93273","-115.24139","-1.0952","9.47681","22.52451","-36.649","MIZ_TIG","NOR_BIS","TaylorStadium","D1","SEC","20260227-TaylorStadium-1","2abbe4f0-1442-11f1-8b2a-372dde908e8b","77.7839",,,"6.3256",,,,,,,"1b302c73-8876-476a-9477-a2ba524ff780","2026-02-28","01:09:43.58","2026-02-27T19:09:43.5863552-06:00","2026-02-28T01:09:43.5863552Z","","v3","4806","471388","9d219402a542450a8ca9d307da9f26b3","Freiter, Bennett","1000119083","Right","NOR_BIS","beef2759-ddba-471a-aa7f-ff1a17878e33","55.09988","-116.23391","11.26225","5.24858","0.51971","-18.3245","-1.88619","4.51514","4.73841",,,,,,,,,,,,,,,,,,,,,,,,,,,,,,,,,,,,,,,,,,,,,,,,,,,"High","High","High","","","","","",,,,,,,,,,,,,,,,,,,,,,,,,,,,,,,,,,,"2026","02","28"
"121","2026-02-27","19:10:03.26","4","3","Puetz, Parker","1000213729","Right","NOR_BIS","Patterson, Christopher","1000080435","Left","MIZ_TIG","Undefined","4","Bottom","1","2","0","Slider","Curveball","StrikeCalled","Undefined","Undefined","Undefined","0","0","","79.34811","1.540933","-0.980549","2622.176009","63.840867","8:15","5.29573","1.85624","5.44488","-53.78042","-8.19701","-19.78513","2.25735","-0.71069","72.35263","-8.25095","-4.504198","0.485931",,,,,,,,,,,,"9.59875","-4.09351","-1.75582","50.0","5.39517","2.77126","-115.12766","1.2091","12.72475","23.8225","-37.60069","MIZ_TIG","NOR_BIS","TaylorStadium","D1","SEC","20260227-TaylorStadium-1","366fce10-1442-11f1-8b2a-372dde908e8b","77.56745",,,"6.99548",,,,,,,"1b302c73-8876-476a-9477-a2ba524ff780","2026-02-28","01:10:03.26","2026-02-27T19:10:03.2687616-06:00","2026-02-28T01:10:03.2687616Z","","v3","4806","471388","9d219402a542450a8ca9d307da9f26b3","Freiter, Bennett","1000119083","Right","NOR_BIS","fc8fc9ec-2d5e-4553-9144-b0245d5d8e46","55.05641","-116.16923","11.91125","5.30636","2.85309","-18.80035","-1.86482","2.21491","6.36238",,,,,,,,,,,,,,,,,,,,,,,,,,,,,,,,,,,,,,,,,,,,,,,,,,,"High","High","High","","","","","",,,,,,,,,,,,,,,,,,,,,,,,,,,,,,,,,,,"2026","02","28"
"122","2026-02-27","19:10:22.78","4","4","Puetz, Parker","1000213729","Right","NOR_BIS","Patterson, Christopher","1000080435","Left","MIZ_TIG","Undefined","4","Bottom","1","2","1","Slider","Curveball","InPlay","Undefined","GroundBall","Error","0","1","","79.29999","0.953651","-1.061274","2647.711356","61.509069","8:00","5.29128","1.90457","5.41948","-54.6007","-8.85674","-19.17214","1.63477","-0.68735","72.32776","-8.96972","-4.476828","0.486786","68.63079","-2.119371","-21.969826",,,,,"27.29772","26.63059","-19.413885","0.249838","9.39217","-4.4137","-1.79624","50.0","5.33754","2.88204","-115.0748","0.02504","12.40916","24.27986","-38.00552","MIZ_TIG","NOR_BIS","TaylorStadium","D1","SEC","20260227-TaylorStadium-1","421426d0-1442-11f1-8b2a-372dde908e8b","77.43121","1.95769",,"6.97223",,,,"3.08532","1.95769","0.52074","1b302c73-8876-476a-9477-a2ba524ff780","2026-02-28","01:10:22.78","2026-02-27T19:10:22.7838976-06:00","2026-02-28T01:10:22.7838976Z","GroundBall","v3","4806","471388","9d219402a542450a8ca9d307da9f26b3","Freiter, Bennett","1000119083","Right","NOR_BIS","ef32205b-0542-466a-9d54-5972d601b8c5","55.08302","-116.14233","12.13993","5.2997","1.69604","-19.00276","-1.91096","2.33644","6.20458","81.950981","3.0859","93.25433","-10.2424",,,,,,,"1.95838","-3.7592","-16.34288",,,,,,,"0.5213","-37.66171","-2.9796",,,,,,,,,,,,,,,,,,,,,,,,,,,,,"High","High","High","High","High","","","",,,,,,,,,,,,,,,,,,,,,,,,,,,,,,,,"72.98864","19.1237","-10.61733","2026","02","28"
"123","2026-02-27","19:13:38.82","5","1","Puetz, Parker","1000213729","Right","NOR_BIS","Frost, Isaiah","801981","Left","MIZ_TIG","Undefined","4","Bottom","1","0","0","Cutter","Slider","BallCalled","Undefined","Undefined","Undefined","0","0","","83.98598","2.2109","-0.008015","2481.833782","152.454576","11:00","5.21299","1.97261","5.25267","-34.43116","5.94839","-2.48126","4.42221","1.75831","77.02536","-4.098259","-0.447886","0.457354",,,,,,,,,,,,"1.23098","2.7824","-1.96999","50.0","5.39047","0.12501","-121.88289","3.45743","1.86332","22.55007","-27.96234","MIZ_TIG","NOR_BIS","TaylorStadium","D1","SEC","20260227-TaylorStadium-1","b6f91410-1442-11f1-8b2a-372dde908e8b","82.4142",,,"6.96063",,,,,,,"1b302c73-8876-476a-9477-a2ba524ff780","2026-02-28","01:13:38.82","2026-02-27T19:13:38.8229120-06:00","2026-02-28T01:13:38.8229120Z","","v3","4806","471388","9d219402a542450a8ca9d307da9f26b3","Freiter, Bennett","1000119083","Right","NOR_BIS","c81996c9-f6f2-4b17-8d72-6019c2491421","55.24551","-122.84955","11.27504","5.21657","4.65611","-13.98117","-1.97364","0.04513","0.93166",,,,,,,,,,,,,,,,,,,,,,,,,,,,,,,,,,,,,,,,,,,,,,,,,,,"High","High","High","","","","","",,,,,,,,,,,,,,,,,,,,,,,,,,,,,,,,,,,"2026","02","28"
"124","2026-02-27","19:13:57.22","5","2","Puetz, Parker","1000213729","Right","NOR_BIS","Frost, Isaiah","801981","Left","MIZ_TIG","Undefined","4","Bottom","1","1","0","Cutter","Slider","InPlay","Undefined","GroundBall","FieldersChoice","1","0","","85.08868","-0.591728","-1.722697","2484.941642","121.974124","10:00","5.22277","1.93778","5.32278","-34.68006","4.63268","-5.51457","1.7772","-0.13887","78.3108","-6.919841","-2.702132","0.451272","72.17717","-54.109807","57.583663",,,,,"2.48399","2.48399","29.572077","0.020745","2.32177","2.81461","-1.77765","50.0","5.14404","3.94759","-123.53278","-2.53412","3.5969","24.02219","-27.81368","MIZ_TIG","NOR_BIS","TaylorStadium","D1","SEC","20260227-TaylorStadium-1","c1ee4110-1442-11f1-8b2a-372dde908e8b","83.52492","1.7835",,"6.77788",,,,"1.46858","1.7835","0.13642","1b302c73-8876-476a-9477-a2ba524ff780","2026-02-28","01:13:57.22","2026-02-27T19:13:57.2208640-06:00","2026-02-28T01:13:57.2208640Z","GroundBall","v3","4806","471388","9d219402a542450a8ca9d307da9f26b3","Freiter, Bennett","1000119083","Right","NOR_BIS","4275bbf0-185d-49f4-abbc-1ca46d3eb35f","55.17763","-124.53555","12.0111","5.22559","-1.37308","-13.90684","-1.9393","3.79745","1.79845",,"1.4683","33.35003",,,,,,,,"1.78422","-85.97399",,,,,,,,"0.13599","52.51813",,,,,,,,,,,,,,,,,,,,,,,,,,,,,,"High","High","High","Estimated","Estimated","","","",,,,,,,,,,,,,,,,,,,,,,,,,,,,,,,,,,,"2026","02","28"
"125","2026-02-27","19:14:46.39","6","1","Puetz, Parker","1000213729","Right","NOR_BIS","Woita, Jase","831805","Left","MIZ_TIG","Undefined","4","Bottom","2","0","0","ChangeUp","Changeup","BallCalled","Undefined","Undefined","Undefined","0","0","","84.38179","1.07311","-2.659796","1977.838089","255.036667","2:30","5.1523","1.8854","5.63785","-33.44647","6.25559","18.65804","3.36742","0.95707","76.97623","-5.110087","0.670281","0.453501",,,,,,,,,,,,"-10.13461","3.275","-1.67103","50.0","5.22244","4.89955","-122.41806","1.14865","-15.3613","24.43099","-27.21003","MIZ_TIG","NOR_BIS","TaylorStadium","D1","SEC","20260227-TaylorStadium-1","df40d0c0-1442-11f1-8b2a-372dde908e8b","83.11442",,,"7.40555",,,,,,,"1b302c73-8876-476a-9477-a2ba524ff780","2026-02-28","01:14:46.39","2026-02-27T19:14:46.3927296-06:00","2026-02-28T01:14:46.3927296Z","","v3","4806","471388","9d219402a542450a8ca9d307da9f26b3","Freiter, Bennett","1000119083","Right","NOR_BIS","79b85787-ea35-4c2a-9933-9527924dfae2","54.86108","-123.38437","12.2155","5.15572","2.22488","-13.60502","-1.87684","5.50714","-7.68065",,,,,,,,,,,,,,,,,,,,,,,,,,,,,,,,,,,,,,,,,,,,,,,,,,,"High","High","High","","","","","",,,,,,,,,,,,,,,,,,,,,,,,,,,,,,,,,,,"2026","02","28"
"126","2026-02-27","19:15:04.37","6","2","Puetz, Parker","1000213729","Right","NOR_BIS","Woita, Jase","831805","Left","MIZ_TIG","Undefined","4","Bottom","2","1","0","Slider","Curveball","BallCalled","Undefined","Undefined","Undefined","0","0","","78.20135","2.648503","1.048147","2665.568498","59.106502","8:00","5.24055","1.96243","5.21782","-56.76306","-9.50528","-18.51832","3.00275","1.40487","71.19198","-7.656083","-2.236509","0.494775",,,,,,,,,,,,"9.48945","-4.99536","-2.04494","50.0","5.44277","-1.31157","-113.37873","3.20821","12.24319","22.43755","-38.619","MIZ_TIG","NOR_BIS","TaylorStadium","D1","SEC","20260227-TaylorStadium-1","ea1640c0-1442-11f1-8b2a-372dde908e8b","76.1809",,,"7.00938",,,,,,,"1b302c73-8876-476a-9477-a2ba524ff780","2026-02-28","01:15:04.37","2026-02-27T19:15:04.3753984-06:00","2026-02-28T01:15:04.3753984Z","","v3","4806","471388","9d219402a542450a8ca9d307da9f26b3","Freiter, Bennett","1000119083","Right","NOR_BIS","da60c484-c3f1-4c67-bad5-bd96e0e1b67e","55.28392","-114.41963","11.21877","5.25238","4.99979","-19.3095","-1.97092","-1.87954","6.12159",,,,,,,,,,,,,,,,,,,,,,,,,,,,,,,,,,,,,,,,,,,,,,,,,,,"High","High","High","","","","","",,,,,,,,,,,,,,,,,,,,,,,,,,,,,,,,,,,"2026","02","28"
"127","2026-02-27","19:15:22.36","6","3","Puetz, Parker","1000213729","Right","NOR_BIS","Woita, Jase","831805","Left","MIZ_TIG","Undefined","4","Bottom","2","2","0","Cutter","Slider","StrikeCalled","Undefined","Undefined","Undefined","0","0","","86.18859","0.972855","-1.651771","2420.181403","139.369332","10:45","5.18243","1.90115","5.47179","-31.64584","6.37634","-4.50819","3.45616","-0.02072","79.1956","-4.845367","-2.453901","0.443803",,,,,,,,,,,,"1.82681","3.3261","-1.75286","50.0","5.24652","3.80471","-125.13966","0.98989","2.91346","23.89445","-26.86943","MIZ_TIG","NOR_BIS","TaylorStadium","D1","SEC","20260227-TaylorStadium-1","f49c3130-1442-11f1-8b2a-372dde908e8b","84.93063",,,"6.99299",,,,,,,"1b302c73-8876-476a-9477-a2ba524ff780","2026-02-28","01:15:22.36","2026-02-27T19:15:22.3676416-06:00","2026-02-28T01:15:22.3676416Z","","v3","4806","471388","9d219402a542450a8ca9d307da9f26b3","Freiter, Bennett","1000119083","Right","NOR_BIS","1368f448-e0dc-4ae0-a0a3-9c82f3e21469","55.02641","-126.09577","11.94722","5.1854","2.06503","-13.43471","-1.90277","3.68813","1.45673",,,,,,,,,,,,,,,,,,,,,,,,,,,,,,,,,,,,,,,,,,,,,,,,,,,"High","High","High","","","","","",,,,,,,,,,,,,,,,,,,,,,,,,,,,,,,,,,,"2026","02","28"
"128","2026-02-27","19:15:45.39","6","4","Puetz, Parker","1000213729","Right","NOR_BIS","Woita, Jase","831805","Left","MIZ_TIG","Undefined","4","Bottom","2","2","1","Slider","Curveball","StrikeCalled","Undefined","Undefined","Undefined","0","0","","78.91091","2.975334","0.049266","2626.745498","63.47534","8:00","5.1783","1.83921","5.2627","-55.77015","-9.18174","-21.62568","3.32854","0.08335","71.47231","-7.173199","-3.787064","0.491259",,,,,,,,,,,,"10.7054","-4.94315","-1.82755","50.0","5.41015","0.80625","-114.33702","3.92971","13.96832","23.9019","-38.62382","MIZ_TIG","NOR_BIS","TaylorStadium","D1","SEC","20260227-TaylorStadium-1","025f2430-1443-11f1-8b2a-372dde908e8b","76.72624",,,"7.4386",,,,,,,"1b302c73-8876-476a-9477-a2ba524ff780","2026-02-28","01:15:45.39","2026-02-27T19:15:45.3915136-06:00","2026-02-28T01:15:45.3915136Z","","v3","4806","471388","9d219402a542450a8ca9d307da9f26b3","Freiter, Bennett","1000119083","Right","NOR_BIS","d94c1cc5-1c5b-4cc3-a5d9-263a567cf317","55.23825","-115.42687","11.95095","5.19082","5.69083","-19.31191","-1.84979","0.16934","6.98416",,,,,,,,,,,,,,,,,,,,,,,,,,,,,,,,,,,,,,,,,,,,,,,,,,,"High","High","High","","","","","",,,,,,,,,,,,,,,,,,,,,,,,,,,,,,,,,,,"2026","02","28"
"129","2026-02-27","19:16:03.25","6","5","Puetz, Parker","1000213729","Right","NOR_BIS","Woita, Jase","831805","Left","MIZ_TIG","Undefined","4","Bottom","2","2","2","Fastball","Sinker","InPlay","Undefined","LineDrive","Single","0","2","","91.67019","-1.316955","-3.483869","2385.007976","234.576335","1:45","5.19755","1.84523","5.81962","-20.01166","13.50961","17.43217","2.30299","0.05479","83.43599","-5.083257","-0.365172","0.416708","100.88061","8.917496","2.651578","1219.220707","109.97549","13.86752","2.30309","250.10346","250.10346","-0.484381","2.24243","-9.97111","7.61343","-1.57062","50.0","5.07783","7.34034","-132.91198","-3.71813","-17.76815","29.50751","-18.60719","MIZ_TIG","NOR_BIS","TaylorStadium","D1","SEC","20260227-TaylorStadium-1","0cf36c80-1443-11f1-8b2a-372dde908e8b","90.4529","14.4156",,"8.2342",,,,"1.69117","2.30145","-0.0683","1b302c73-8876-476a-9477-a2ba524ff780","2026-02-28","01:16:03.25","2026-02-27T19:16:03.2551936-06:00","2026-02-28T01:16:03.2551936Z","LineDrive","v3","4806","471388","9d219402a542450a8ca9d307da9f26b3","Freiter, Bennett","1000119083","Right","NOR_BIS","f26782f5-a84e-42e1-a37d-b878e3899686","54.68075","-133.94711","14.75376","5.19682","-3.06539","-9.3036","-1.83906","7.96365","-8.88407","150.934153","1.69118","146.01297","-22.35248","4.28637","-0.84778","0.15938","-0.02637","0.00323","-1.9E-4","2.30145","22.93546","-10.83291","-0.13729","0.13491","-0.02548","9.6E-4","0.00114","-2.0E-4","-0.06829","6.76191","-5.94713","1.83403","-0.4769","0.09752","-0.01276","3.7E-4","9.0E-5",,,,,,,,,,,,,,,,,,,,,,,"High","High","High","High","High","","","",,,,,,,,,,,,,,,,,,,,,,,,,,,,,,,,,,,"2026","02","28"
"130","2026-02-27","19:16:56.54","7","1","Puetz, Parker","1000213729","Right","NOR_BIS","Macon, Tyler","823527","Right","MIZ_TIG","Undefined","4","Bottom","2","0","0","Slider","Curveball","StrikeCalled","Undefined","Undefined","Undefined","0","0","","78.16154","2.319061","0.173685","2576.199595","58.742382","8:00","5.3177","1.70899","5.43626","-56.23621","-9.23414","-17.83084","2.80421","0.38574","71.1021","-7.932319","-3.00274","0.493435",,,,,,,,,,,,"8.95091","-4.80114","-1.71195","50.0","5.48455","0.37467","-113.37056","2.63113","11.51306","22.99211","-38.34951","MIZ_TIG","NOR_BIS","TaylorStadium","D1","SEC","20260227-TaylorStadium-1","2cbf1280-1443-11f1-8b2a-372dde908e8b","76.38783",,,"7.05944",,,,,,,"1b302c73-8876-476a-9477-a2ba524ff780","2026-02-28","01:16:56.54","2026-02-27T19:16:56.5460480-06:00","2026-02-28T01:16:56.5460480Z","","v3","4806","471388","9d219402a542450a8ca9d307da9f26b3","Freiter, Bennett","1000119083","Right","NOR_BIS","20dbb762-ff74-49fc-b9cf-cfa1a7eea4ec","55.06487","-114.39313","11.49606","5.3296","4.33671","-19.17475","-1.71723","-0.13738","5.75653",,,,,,,,,,,,,,,,,,,,,,,,,,,,,,,,,,,,,,,,,,,,,,,,,,,"High","High","High","","","","","",,,,,,,,,,,,,,,,,,,,,,,,,,,,,,,,,,,"2026","02","28"
"131","2026-02-27","19:17:12.89","7","2","Puetz, Parker","1000213729","Right","NOR_BIS","Macon, Tyler","823527","Right","MIZ_TIG","Undefined","4","Bottom","2","0","1","Cutter","Slider","BallCalled","Undefined","Undefined","Undefined","0","0","","84.23673","2.004516","-1.414848","2474.744484","117.943205","10:00","5.19362","1.84041","5.1431","-36.50549","3.79516","-4.93079","4.04021","0.09708","77.37682","-4.651513","-2.286678","0.456907",,,,,,,,,,,,"2.0837","1.73725","-1.70397","50.0","5.35328","3.23429","-122.23198","2.92048","3.17269","22.6434","-29.5289","MIZ_TIG","NOR_BIS","TaylorStadium","D1","SEC","20260227-TaylorStadium-1","369ab930-1443-11f1-8b2a-372dde908e8b","82.49484",,,"6.85991",,,,,,,"1b302c73-8876-476a-9477-a2ba524ff780","2026-02-28","01:17:12.89","2026-02-27T19:17:12.8912384-06:00","2026-02-28T01:17:12.8912384Z","","v3","4806","471388","9d219402a542450a8ca9d307da9f26b3","Freiter, Bennett","1000119083","Right","NOR_BIS","998eaa9d-c064-4d1b-96a8-07fd4d954239","55.35619","-123.22021","11.3217","5.1977","4.20922","-14.76445","-1.8421","3.09583","1.58635",,,,,,,,,,,,,,,,,,,,,,,,,,,,,,,,,,,,,,,,,,,,,,,,,,,"High","High","High","","","","","",,,,,,,,,,,,,,,,,,,,,,,,,,,,,,,,,,,"2026","02","28"
"132","2026-02-27","19:17:30.31","7","3","Puetz, Parker","1000213729","Right","NOR_BIS","Macon, Tyler","823527","Right","MIZ_TIG","Undefined","4","Bottom","2","1","1","Cutter","Slider","BallCalled","Undefined","Undefined","Undefined","0","0","","84.25819","0.270214","-2.948563","2471.695907","115.788054","9:45","5.16573","1.91811","5.34147","-35.77159","4.52646","-6.75544","2.43859","-1.41332","77.17769","-6.269663","-4.14584","0.456892",,,,,,,,,,,,"2.54008","2.60736","-1.64714","50.0","5.16473","6.58324","-122.14099","-0.71581","3.83339","24.27592","-28.23908","MIZ_TIG","NOR_BIS","TaylorStadium","D1","SEC","20260227-TaylorStadium-1","40ef1250-1443-11f1-8b2a-372dde908e8b","82.49748",,,"7.08049",,,,,,,"1b302c73-8876-476a-9477-a2ba524ff780","2026-02-28","01:17:30.31","2026-02-27T19:17:30.3139840-06:00","2026-02-28T01:17:30.3139840Z","","v3","4806","471388","9d219402a542450a8ca9d307da9f26b3","Freiter, Bennett","1000119083","Right","NOR_BIS","54c523f0-2824-4c4a-aa59-70395b13124a","55.15624","-123.16155","12.13796","5.16987","0.47135","-14.11954","-1.92051","6.42208","1.9167",,,,,,,,,,,,,,,,,,,,,,,,,,,,,,,,,,,,,,,,,,,,,,,,,,,"High","High","High","","","","","",,,,,,,,,,,,,,,,,,,,,,,,,,,,,,,,,,,"2026","02","28"
"133","2026-02-27","19:17:48.12","7","4","Puetz, Parker","1000213729","Right","NOR_BIS","Macon, Tyler","823527","Right","MIZ_TIG","Undefined","4","Bottom","2","2","1","Fastball","Four-Seam","StrikeSwinging","Undefined","Undefined","Undefined","0","0","","90.07519","-0.506097","-4.035393","2333.344625","222.46613","1:30","5.36685","1.72788","6.06006","-17.97883","16.46981","14.02855","3.39902","-0.84423","81.83524","-3.934602","-1.518349","0.422433",,,,,,,,,,,,"-8.31662","8.94229","-1.42119","50.0","5.31771","8.60506","-130.53153","-1.67348","-14.30119","28.32823","-16.79696","MIZ_TIG","NOR_BIS","TaylorStadium","D1","SEC","20260227-TaylorStadium-1","4b75c610-1443-11f1-8b2a-372dde908e8b","89.22709",,,"8.23995",,,,,,,"1b302c73-8876-476a-9477-a2ba524ff780","2026-02-28","01:17:48.12","2026-02-27T19:17:48.1210880-06:00","2026-02-28T01:17:48.1210880Z","","v3","4806","471388","9d219402a542450a8ca9d307da9f26b3","Freiter, Bennett","1000119083","Right","NOR_BIS","975c9f35-0f49-439b-a53c-67d64425ec8d","54.43713","-131.49096","14.16411","5.36476","-1.10459","-8.39848","-1.72083","9.08942","-7.1506",,,,,,,,,,,,,,,,,,,,,,,,,,,,,,,,,,,,,,,,,,,,,,,,,,,"High","High","High","","","","","",,,,,,,,,,,,,,,,,,,,,,,,,,,,,,,,,,,"2026","02","28"
"134","2026-02-27","19:18:09.53","7","5","Puetz, Parker","1000213729","Right","NOR_BIS","Macon, Tyler","823527","Right","MIZ_TIG","Undefined","4","Bottom","2","2","2","Cutter","Slider","FoulBallNotFieldable","Undefined","Undefined","Undefined","0","0","","85.27389","0.785274","-1.756566","2483.433958","112.71404","9:45","5.20917","1.9063","5.32731","-35.0973","4.1854","-7.06693","3.02164","-0.33139","78.02347","-5.641785","-3.010693","0.451099","84.15685","52.597911","45.574118","5224.874223","61.42202","115.48141","91.25399","236.72303","97.33665","62.182587","5.58478","3.06669","2.22504","-1.7421","50.0","5.25487","4.09658","-123.74079","0.41984","4.74932","24.95894","-28.72819","MIZ_TIG","NOR_BIS","TaylorStadium","D1","SEC","20260227-TaylorStadium-1","5877b300-1443-11f1-8b2a-372dde908e8b","83.55688","120.70169",,"7.25042",,,,"0.55789","2.96137","0.33442","1b302c73-8876-476a-9477-a2ba524ff780","2026-02-28","01:18:09.53","2026-02-27T19:18:09.5307264-06:00","2026-02-28T01:18:09.5307264Z","FlyBall","v3","4806","471388","9d219402a542450a8ca9d307da9f26b3","Freiter, Bennett","1000119083","Right","NOR_BIS","9d613911-b43c-4eb8-bbde-c034fbc63dbc","55.17233","-124.77971","12.47947","5.21251","1.61565","-14.36409","-1.9085","3.89889","2.37466",,"0.56984","52.21757","-17.3284","3.29985","0.62149","-0.60395","0.16403","-0.02012","9.4E-4","2.94525","98.32004","-25.51146","3.54782","-1.10922","0.2759","-0.03727","0.00207","-2.0E-5","0.33101","53.59326","-5.9236","1.04988","-0.18781","0.03035","-0.00268","0.0","1.0E-5",,,,,,,,,,,,,,,,,,,,,,,"High","High","High","High","Low","","","",,,,,,,,,,,,,,,,,,,,,,,,,,,,,,,,,,,"2026","02","28"
"135","2026-02-27","19:18:36.06","7","6","Puetz, Parker","1000213729","Right","NOR_BIS","Macon, Tyler","823527","Right","MIZ_TIG","Undefined","4","Bottom","2","2","2","Fastball","Four-Seam","InPlay","Undefined","LineDrive","Triple","0","1","","91.12162","-0.177054","-3.411166","2253.696033","217.957217","1:15","5.33651","1.60876","5.94506","-17.84225","16.2919","11.74308","3.68513","-0.58045","81.91658","-3.594938","-1.306823","0.4205","88.8512","26.495185","28.614964","4537.988024","91.0994","46.71747","61.65041","308.02002","242.09075","41.573662","3.999286","-7.08288","8.74878","-1.34328","50.0","5.31246","7.34898","-131.9743","-0.93386","-12.30532","32.00091","-16.97451","MIZ_TIG","NOR_BIS","TaylorStadium","D1","SEC","20260227-TaylorStadium-1","68289350-1443-11f1-8b2a-372dde908e8b","89.63718","54.07999",,"9.20504",,,,"-0.11344","3.65938","0.55208","1b302c73-8876-476a-9477-a2ba524ff780","2026-02-28","01:18:36.06","2026-02-27T19:18:36.0670208-06:00","2026-02-28T01:18:36.0670208Z","LineDrive","v3","4806","471388","9d219402a542450a8ca9d307da9f26b3","Freiter, Bennett","1000119083","Right","NOR_BIS","8cd5b082-90d2-4cb8-8f18-2b99a9d4caf0","54.55105","-133.07326","16.00045","5.33452","-0.35094","-8.48726","-1.60292","7.77157","-6.15266",,"-0.11343","102.38584","-23.35363","6.09512","-1.51813","0.3927","-0.09852","0.0165","-0.00115","3.6602","58.1111","-18.2621","0.54149","0.48722","-0.30797","0.0995","-0.01578","9.6E-4","0.55232","55.85026","0.61656","-1.6662","0.68936","-0.1905","0.03562","-0.00354","1.2E-4",,,,,,,,,,,,,,,,,,,,,,,"High","High","High","High","Medium","","","",,,,,,,,,,,,,,,,,,,,,,,,,,,,,,,,,,,"2026","02","28"
"136","2026-02-27","19:22:13.94","8","1","Shupe, Garrett","10013518","Right","NOR_BIS","Serna, Mateo","806219","Left","MIZ_TIG","Undefined","4","Bottom","2","0","0","Fastball","Four-Seam","FoulBallNotFieldable","Undefined","Undefined","Undefined","0","0","","88.81642","-1.250844","-3.59245","2268.787045","216.629117","1:15","5.37061","3.11511","6.30741","-20.1258","15.1043","10.32768","2.53869","0.66191","80.52482","-5.088007","-1.729167","0.427197","84.11465","60.44129","-63.290561","4868.819764",,,,,"70.59962",,,"-6.49217","8.59945","-2.85632","50.0","5.26907","7.67741","-128.7734","-3.38635","-10.80109","29.03833","-17.86705","MIZ_TIG","NOR_BIS","TaylorStadium","D1","SEC","20260227-TaylorStadium-1","e9e72500-1443-11f1-8b2a-372dde908e8b","88.23194","102.28378",,"8.29161",,,,"2.62023","2.64483","-0.69869","1b302c73-8876-476a-9477-a2ba524ff780","2026-02-28","01:22:13.94","2026-02-27T19:22:13.9401216-06:00","2026-02-28T01:22:13.9401216Z","","v3","4806","471388","9d219402a542450a8ca9d307da9f26b3","Freiter, Bennett","1000119083","Right","NOR_BIS","b9244ecd-6ca3-4552-a1a2-6b079b76c17d","54.1914","-129.71511","14.51916","5.36949","-2.80692","-8.93353","-3.11098","8.02769","-5.40054",,"2.62024","27.35163","-11.36586","2.65247","0.76783","-1.75211","1.34158","-0.52928","0.08677","2.64483","107.31191","-28.06199","3.61136","-0.91851","0.38628","-0.20695","0.07478","-0.01194","-0.69869","-54.36606","4.40037","-0.76301","0.47217","-0.52403","0.37434","-0.14572","0.02384",,,,,,,,,,,,,,,,,,,,,,,"High","High","High","Medium","Undefined","","","",,,,,,,,,,,,,,,,,,,,,,,,,,,,,,,,"77.12614","16.79801","0.04129","2026","02","28"
"137","2026-02-27","19:22:41.63","8","2","Shupe, Garrett","10013518","Right","NOR_BIS","Serna, Mateo","806219","Left","MIZ_TIG","Undefined","4","Bottom","2","0","1","ChangeUp","Changeup","InPlay","Undefined","FlyBall","Out","1","0","","83.39571","0.271581","-3.650592","1586.719954","250.308699","2:15","5.05707","3.17118","6.48342","-32.86754","6.83981","15.29241","2.56797","1.08917","75.61984","-5.912948","-0.880659","0.453531","77.48098","27.720433","5.009317","1646.763622","109.61534","44.48966","9.18854","274.92546","268.13447","6.094777","3.756959","-9.14697","3.88906","-2.92084","50.0","5.06182","7.16075","-120.97703","-0.37331","-13.41368","25.90933","-26.47089","MIZ_TIG","NOR_BIS","TaylorStadium","D1","SEC","20260227-TaylorStadium-1","fa9502f0-1443-11f1-8b2a-372dde908e8b","83.10887","48.64866",,"7.77587",,,,"1.93791","2.64844","-1.09985","1b302c73-8876-476a-9477-a2ba524ff780","2026-02-28","01:22:41.63","2026-02-27T19:22:41.6381952-06:00","2026-02-28T01:22:41.6381952Z","LineDrive","v3","4806","471388","9d219402a542450a8ca9d307da9f26b3","Freiter, Bennett","1000119083","Right","NOR_BIS","a6787682-c64b-4584-8672-59ce5fef9af4","54.01584","-121.83406","12.95466","5.05969","0.50229","-13.23545","-3.16504","7.60445","-6.70684","184.900771","1.93757","100.22276","-14.35487","3.3713","-0.81324","0.23303","-0.06032","0.00956","-6.3E-4","2.64891","52.8453","-16.23373","0.57903","0.14157","-0.13576","0.04682","-0.00749","4.6E-4","-1.09982","8.78301","-0.62563","0.20255","-0.03619","0.00289","6.7E-4","-1.8E-4","1.0E-5",,,,,,,,,,,,,,,,,,,,,,,"High","High","High","High","High","","","",,,,,,,,,,,,,,,,,,,,,,,,,,,,,,,,"72.10643","22.18819","12.37418","2026","02","28"
"153","2026-02-27","19:32:21.62","1","1","Shupe, Garrett","10013518","Right","NOR_BIS","Parker, Sam","806179","Left","MIZ_TIG","Undefined","5","Bottom","0","0","0","Fastball","Four-Seam","InPlay","Undefined","FlyBall","Double","0","0","","88.4159","-0.933235","-3.450699","2397.193132","219.205735","1:15","5.27385","2.98066","6.27921","-19.15584","16.44013","12.40446","2.8157","0.8299","80.04453","-4.601585","-1.213391","0.429409","100.63581","23.303748","0.591697","2409.320979","109.98642","45.7064","-1.69734","376.00204","376.00204","-2.296217","4.688131","-7.55028","9.20178","-2.73175","50.0","5.19556","7.24464","-128.21942","-2.62155","-12.4416","29.02509","-17.01102","MIZ_TIG","NOR_BIS","TaylorStadium","D1","SEC","20260227-TaylorStadium-1","54170610-1445-11f1-8b2a-372dde908e8b","87.77738","67.69935",,"8.37136",,,,"2.53244","2.89836","-0.84931","1b302c73-8876-476a-9477-a2ba524ff780","2026-02-28","01:32:21.62","2026-02-27T19:32:21.6211456-06:00","2026-02-28T01:32:21.6211456Z","FlyBall","v3","4806","471388","9d219402a542450a8ca9d307da9f26b3","Freiter, Bennett","1000119083","Right","NOR_BIS","10aaba7d-3d8b-4113-8f14-91ab9c0f1534","54.21996","-129.17117","14.51255","5.27238","-2.06375","-8.50551","-2.97599","7.6526","-6.2208","167.683013","2.53233","135.55067","-26.25388","6.09017","-1.26873","0.25731","-0.0456","0.00534","-2.8E-4","2.8995","58.36762","-13.14299","-0.37332","0.38116","-0.16813","0.04369","-0.00571","2.9E-4","-0.84897","1.39091","-3.3191","1.09666","-0.23898","0.04192","-0.00611","6.6E-4","-4.0E-5",,,,,,,,,,,,,,,,,,,,,,,"High","High","High","High","High","","","",,,,,,,,,,,,,,,,,,,,,,,,,,,,,,,,,,,"2026","02","28"
"154","2026-02-27","19:33:09.86","2","1","Shupe, Garrett","10013518","Right","NOR_BIS","Ward, Blaize","1000263242","Left","MIZ_TIG","Undefined","5","Bottom","0","0","0","Fastball","Four-Seam","StrikeCalled","Undefined","Undefined","Undefined","0","0","","87.77099","-1.329223","-3.223603","2267.586414","217.914904","1:15","5.27129","3.12373","6.33797","-20.82296","14.83812","10.68528","2.31007","1.04306","80.3726","-5.275797","-1.293295","0.429802",,,,,,,,,,,,"-6.41689","8.42575","-2.89356","50.0","5.16438","6.75278","-127.40222","-3.54918","-10.56562","25.73493","-18.30078","MIZ_TIG","NOR_BIS","TaylorStadium","D1","SEC","20260227-TaylorStadium-1","70ee7250-1445-11f1-8b2a-372dde908e8b","87.69714",,,"7.39839",,,,,,,"1b302c73-8876-476a-9477-a2ba524ff780","2026-02-28","01:33:09.86","2026-02-27T19:33:09.8693632-06:00","2026-02-28T01:33:09.8693632Z","","v3","4806","471388","9d219402a542450a8ca9d307da9f26b3","Freiter, Bennett","1000119083","Right","NOR_BIS","cb7468f2-453b-4e21-93ab-14ae7651c583","54.16039","-128.23985","12.86747","5.2702","-2.95352","-9.15039","-3.11895","7.09668","-5.28281",,,,,,,,,,,,,,,,,,,,,,,,,,,,,,,,,,,,,,,,,,,,,,,,,,,"High","High","High","","","","","",,,,,,,,,,,,,,,,,,,,,,,,,,,,,,,,,,,"2026","02","28"
"155","2026-02-27","19:33:30.15","2","2","Shupe, Garrett","10013518","Right","NOR_BIS","Ward, Blaize","1000263242","Left","MIZ_TIG","Undefined","5","Bottom","0","0","1","Fastball","Four-Seam","BallCalled","Undefined","Undefined","Undefined","0","0","","88.60552","-1.104073","-2.539461","2140.089157","216.255145","1:15","5.21643","3.37184","6.02037","-21.42033","14.25308","9.56713","2.40763","1.8154","80.47834","-5.153493","-0.819879","0.429877",,,,,,,,,,,,"-5.64118","8.00993","-3.17783","50.0","5.11824","5.2956","-128.52009","-3.13075","-9.3726","28.28552","-18.86581","MIZ_TIG","NOR_BIS","TaylorStadium","D1","SEC","20260227-TaylorStadium-1","7d11bf10-1445-11f1-8b2a-372dde908e8b","87.68201",,,"8.12718",,,,,,,"1b302c73-8876-476a-9477-a2ba524ff780","2026-02-28","01:33:30.15","2026-02-27T19:33:30.1580288-06:00","2026-02-28T01:33:30.1580288Z","","v3","4806","471388","9d219402a542450a8ca9d307da9f26b3","Freiter, Bennett","1000119083","Right","NOR_BIS","cc7b9665-25b3-4e85-93e5-99f66259ef0b","54.47633","-129.50152","14.14276","5.21551","-2.47616","-9.4329","-3.36721","5.6208","-4.6863",,,,,,,,,,,,,,,,,,,,,,,,,,,,,,,,,,,,,,,,,,,,,,,,,,,"High","High","High","","","","","",,,,,,,,,,,,,,,,,,,,,,,,,,,,,,,,,,,"2026","02","28"
"156","2026-02-27","19:33:49.67","2","3","Shupe, Garrett","10013518","Right","NOR_BIS","Ward, Blaize","1000263242","Left","MIZ_TIG","Undefined","5","Bottom","0","1","1","ChangeUp","Changeup","BallCalled","Undefined","Undefined","Undefined","0","0","","84.73275","-1.761569","-4.879639","1704.572811","248.624659","2:15","4.99983","3.21421","6.6118","-31.47726","6.76563","14.0293","0.75688","-0.09689","77.38929","-7.6624","-2.336841","0.445089",,,,,,,,,,,,"-8.85532","4.44563","-2.88714","50.0","4.86662","9.97885","-122.75167","-4.68741","-13.43672","25.55196","-25.42844","MIZ_TIG","NOR_BIS","TaylorStadium","D1","SEC","20260227-TaylorStadium-1","8896d000-1445-11f1-8b2a-372dde908e8b","84.68521",,,"7.34346",,,,,,,"1b302c73-8876-476a-9477-a2ba524ff780","2026-02-28","01:33:49.67","2026-02-27T19:33:49.6795648-06:00","2026-02-28T01:33:49.6795648Z","","v3","4806","471388","9d219402a542450a8ca9d307da9f26b3","Freiter, Bennett","1000119083","Right","NOR_BIS","bf904b12-e7c2-4558-8b0f-17229e4ad27d","53.88842","-123.55843","12.77598","5.00195","-3.88455","-12.71422","-3.2089","10.40309","-6.71836",,,,,,,,,,,,,,,,,,,,,,,,,,,,,,,,,,,,,,,,,,,,,,,,,,,"High","High","High","","","","","",,,,,,,,,,,,,,,,,,,,,,,,,,,,,,,,,,,"2026","02","28"
"157","2026-02-27","19:34:12.79","2","4","Shupe, Garrett","10013518","Right","NOR_BIS","Ward, Blaize","1000263242","Left","MIZ_TIG","Undefined","5","Bottom","0","2","1","ChangeUp","Changeup","InPlay","Undefined","FlyBall","Out","1","0","","84.24278","0.027917","-4.590728","1674.742595","249.325954","2:15","5.0206","3.21396","6.54595","-31.95462","6.84473","14.66706","2.3834","0.21715","76.56237","-5.982102","-1.936086","0.448315","91.39031","37.811766","14.378221","3302.836166","106.7307","79.33273","26.61854","348.36399","347.56087","14.286154","5.593958","-9.10599","3.95547","-2.90185","50.0","5.00893","9.27462","-122.11145","-0.85773","-13.64436","25.75849","-26.24718","MIZ_TIG","NOR_BIS","TaylorStadium","D1","SEC","20260227-TaylorStadium-1","96882600-1445-11f1-8b2a-372dde908e8b","84.07573","107.55851",,"7.68041",,,,"1.71782","2.49178","-0.21613","1b302c73-8876-476a-9477-a2ba524ff780","2026-02-28","01:34:12.79","2026-02-27T19:34:12.7991808-06:00","2026-02-28T01:34:12.7991808Z","FlyBall","v3","4806","471388","9d219402a542450a8ca9d307da9f26b3","Freiter, Bennett","1000119083","Right","NOR_BIS","ee32af68-d143-4d2b-b55f-6ed14a90145c","53.95391","-122.94267","12.87925","5.02295","-0.01074","-13.12359","-3.20824","9.71492","-6.82218","179.620945","1.72284","102.47943","-19.9158","4.32574","-0.4686","-0.03409","0.01833","-0.00217","9.0E-5","2.48937","82.21457","-17.98055","1.10335","-0.20889","0.01928","0.00491","-0.0013","8.0E-5","-0.21488","26.27107","-5.20153","1.15084","-0.12753","-0.00842","0.00486","-5.9E-4","2.0E-5",,,,,,,,,,,,,,,,,,,,,,,"High","High","High","High","High","","","",,,,,,,,,,,,,,,,,,,,,,,,,,,,,,,,,,,"2026","02","28"
"158","2026-02-27","19:34:55.80","3","1","Shupe, Garrett","10013518","Right","NOR_BIS","Benson, Cameron","813272","Left","MIZ_TIG","Undefined","5","Bottom","1","0","0","ChangeUp","Changeup","BallCalled","Undefined","Undefined","Undefined","0","0","","85.3065","-0.403882","-5.710218","1620.195993","253.380155","2:30","4.93841","3.17453","6.72109","-31.63214","5.97303","15.82989","1.93139","-0.74289","77.72246","-6.354248","-2.843249","0.441362",,,,,,,,,,,,"-9.97142","3.66595","-2.80115","50.0","4.89953","11.76771","-123.48701","-1.77586","-15.33284","25.54921","-26.53701","MIZ_TIG","NOR_BIS","TaylorStadium","D1","SEC","20260227-TaylorStadium-1","b00c96b0-1445-11f1-8b2a-372dde908e8b","85.40025",,,"7.58405",,,,,,,"1b302c73-8876-476a-9477-a2ba524ff780","2026-02-28","01:34:55.80","2026-02-27T19:34:55.8093824-06:00","2026-02-28T01:34:55.8093824Z","","v3","4806","471388","9d219402a542450a8ca9d307da9f26b3","Freiter, Bennett","1000119083","Right","NOR_BIS","9ed4bf10-49ad-442b-bad7-5acae2fe184d","53.77808","-124.26622","12.7746","4.94136","-0.96652","-13.2685","-3.16718","12.23534","-7.66642",,,,,,,,,,,,,,,,,,,,,,,,,,,,,,,,,,,,,,,,,,,,,,,,,,,"High","High","High","","","","","",,,,,,,,,,,,,,,,,,,,,,,,,,,,,,,,,,,"2026","02","28"
"159","2026-02-27","19:35:16.10","3","2","Shupe, Garrett","10013518","Right","NOR_BIS","Benson, Cameron","813272","Left","MIZ_TIG","Undefined","5","Bottom","1","1","0","ChangeUp","Changeup","StrikeCalled","Undefined","Undefined","Undefined","0","0","","83.70045","-0.39517","-5.036954","1834.187125","247.593163","2:15","5.04495","3.25139","6.44878","-31.70624","7.82556","15.6969","2.03829","-0.08029","76.0284","-6.350323","-2.203562","0.452527","96.21545","15.494324","50.555793","4338.821314","64.81538","19.75408","88.87613","223.41499","158.63669","59.963761","2.122596","-9.79186","4.58536","-2.90062","50.0","5.00263","10.1175","-121.22304","-1.7526","-14.44733","25.56753","-25.4086","MIZ_TIG","NOR_BIS","TaylorStadium","D1","SEC","20260227-TaylorStadium-1","bc32c9a0-1445-11f1-8b2a-372dde908e8b","83.29323","19.88868",,"7.67205",,,,"3.30716","2.26488","0.00924","1b302c73-8876-476a-9477-a2ba524ff780","2026-02-28","01:35:16.10","2026-02-27T19:35:16.1067520-06:00","2026-02-28T01:35:16.1067520Z","LineDrive","v3","4806","471388","9d219402a542450a8ca9d307da9f26b3","Freiter, Bennett","1000119083","Right","NOR_BIS","66f6cec0-e797-49da-94eb-963f0abbc24f","54.05143","-122.07455","12.78377","5.04691","-0.90638","-12.7043","-3.24559","10.59866","-7.22366",,"3.30718","86.39525","-22.93531","4.34007","-0.68852","-0.16505","0.18306","-0.06042","0.00738","2.26489","37.69764","-22.33992","2.68713","-0.45782","-0.00675","0.05647","-0.02036","0.00253","0.00924","105.01454","-5.71596","-0.74877","0.25222","0.01406","-0.06143","0.02359","-0.00309",,,,,,,,,,,,,,,,,,,,,,,"High","High","High","High","Medium","","","",,,,,,,,,,,,,,,,,,,,,,,,,,,,,,,,"78.91792","20.95004","29.86299","2026","02","28"
"160","2026-02-27","19:35:40.23","3","3","Shupe, Garrett","10013518","Right","NOR_BIS","Benson, Cameron","813272","Left","MIZ_TIG","Undefined","5","Bottom","1","1","1","ChangeUp","Changeup","BallCalled","Undefined","Undefined","Undefined","0","0","","84.22135","-0.081004","-3.933357","1865.422248","254.06133","2:30","4.97951","3.29057","6.43758","-32.70549","6.10839","16.9195","2.17944","1.08023","76.78594","-6.210418","-0.871976","0.448399",,,,,,,,,,,,"-9.94363","3.61418","-3.01768","50.0","4.95924","7.76462","-122.18375","-1.14662","-14.96688","25.04525","-26.73409","MIZ_TIG","NOR_BIS","TaylorStadium","D1","SEC","20260227-TaylorStadium-1","ca84b630-1445-11f1-8b2a-372dde908e8b","84.06002",,,"7.43542",,,,,,,"1b302c73-8876-476a-9477-a2ba524ff780","2026-02-28","01:35:40.23","2026-02-27T19:35:40.2332160-06:00","2026-02-28T01:35:40.2332160Z","","v3","4806","471388","9d219402a542450a8ca9d307da9f26b3","Freiter, Bennett","1000119083","Right","NOR_BIS","d3c4a3e9-ebea-4317-b894-3058a28d50a9","54.0617","-123.0135","12.52263","4.98256","-0.26092","-13.36704","-3.28314","8.26047","-7.48344",,,,,,,,,,,,,,,,,,,,,,,,,,,,,,,,,,,,,,,,,,,,,,,,,,,"High","High","High","","","","","",,,,,,,,,,,,,,,,,,,,,,,,,,,,,,,,,,,"2026","02","28"
"161","2026-02-27","19:36:00.37","3","4","Shupe, Garrett","10013518","Right","NOR_BIS","Benson, Cameron","813272","Left","MIZ_TIG","Undefined","5","Bottom","1","2","1","ChangeUp","Changeup","BallCalled","Undefined","Undefined","Undefined","0","0","","84.51336","-1.260733","-4.280611","1727.891624","254.056055","2:30","4.98116","3.15885","6.68047","-31.96954","6.26457","17.5034","1.16039","0.69458","77.1867","-7.267826","-1.098936","0.445038",,,,,,,,,,,,"-10.45237","4.06571","-2.87849","50.0","4.8842","8.5418","-122.58034","-3.61371","-15.82951","25.28496","-26.01675","MIZ_TIG","NOR_BIS","TaylorStadium","D1","SEC","20260227-TaylorStadium-1","d697fd60-1445-11f1-8b2a-372dde908e8b","84.69492",,,"7.32666",,,,,,,"1b302c73-8876-476a-9477-a2ba524ff780","2026-02-28","01:36:00.37","2026-02-27T19:36:00.3722240-06:00","2026-02-28T01:36:00.3722240Z","","v3","4806","471388","9d219402a542450a8ca9d307da9f26b3","Freiter, Bennett","1000119083","Right","NOR_BIS","17c9b6d0-aec7-4903-a140-3c8df378d5a3","53.81922","-123.36562","12.64248","4.98388","-2.80569","-13.00837","-3.15141","9.03343","-7.91475",,,,,,,,,,,,,,,,,,,,,,,,,,,,,,,,,,,,,,,,,,,,,,,,,,,"High","High","High","","","","","",,,,,,,,,,,,,,,,,,,,,,,,,,,,,,,,,,,"2026","02","28"
"162","2026-02-27","19:36:20.61","3","5","Shupe, Garrett","10013518","Right","NOR_BIS","Benson, Cameron","813272","Left","MIZ_TIG","Undefined","5","Bottom","1","3","1","Fastball","Four-Seam","BallCalled","Walk","Undefined","Undefined","0","0","","89.93757","-0.504579","-2.280947","2380.270245","224.712257","1:30","5.17497","3.2499","6.05346","-19.60903","14.91229","13.62194","3.07344","2.27255","81.67295","-4.229335","0.169617","0.422878",,,,,,,,,,,,"-7.62591","8.15563","-3.0794","50.0","5.12515","4.61414","-130.52443","-1.73749","-13.08115","28.92694","-18.18422","MIZ_TIG","NOR_BIS","TaylorStadium","D1","SEC","20260227-TaylorStadium-1","e2bc0d70-1445-11f1-8b2a-372dde908e8b","89.13312",,,"8.26462",,,,,,,"1b302c73-8876-476a-9477-a2ba524ff780","2026-02-28","01:36:20.61","2026-02-27T19:36:20.6158848-06:00","2026-02-28T01:36:20.6158848Z","","v3","4806","471388","9d219402a542450a8ca9d307da9f26b3","Freiter, Bennett","1000119083","Right","NOR_BIS","0ddfa017-22e8-4d82-a193-1435ed8e9c71","54.44358","-131.50554","14.46347","5.17362","-1.12074","-9.09211","-3.24342","5.05781","-6.54058",,,,,,,,,,,,,,,,,,,,,,,,,,,,,,,,,,,,,,,,,,,,,,,,,,,"High","High","High","","","","","",,,,,,,,,,,,,,,,,,,,,,,,,,,,,,,,,,,"2026","02","28"
"163","2026-02-27","19:37:01.21","4","1","Shupe, Garrett","10013518","Right","NOR_BIS","Maisonet, Eric","835908","Left","MIZ_TIG","Undefined","5","Bottom","1","0","0","Fastball","Four-Seam","BallCalled","Undefined","Undefined","Undefined","0","0","","88.76111","-1.073336","-2.538271","2232.692242","223.351682","1:30","5.25808","3.27325","6.08925","-20.82395","14.39347","12.53048","2.52877","1.96791","81.12256","-5.006206","-0.282891","0.42712",,,,,,,,,,,,"-7.12477","8.05398","-3.08367","50.0","5.16413","5.1898","-128.85854","-3.04372","-11.98198","26.72229","-18.6294","MIZ_TIG","NOR_BIS","TaylorStadium","D1","SEC","20260227-TaylorStadium-1","fac92060-1445-11f1-8b2a-372dde908e8b","88.24783",,,"7.63855",,,,,,,"1b302c73-8876-476a-9477-a2ba524ff780","2026-02-28","01:37:01.21","2026-02-27T19:37:01.2100096-06:00","2026-02-28T01:37:01.2100096Z","","v3","4806","471388","9d219402a542450a8ca9d307da9f26b3","Freiter, Bennett","1000119083","Right","NOR_BIS","0eb5c221-95e1-4ec2-acf1-e34e28094b96","54.40873","-129.76959","13.36114","5.25708","-2.40858","-9.3147","-3.26758","5.5983","-5.99099",,,,,,,,,,,,,,,,,,,,,,,,,,,,,,,,,,,,,,,,,,,,,,,,,,,"High","High","High","","","","","",,,,,,,,,,,,,,,,,,,,,,,,,,,,,,,,,,,"2026","02","28"
"164","2026-02-27","19:37:20.11","4","2","Shupe, Garrett","10013518","Right","NOR_BIS","Maisonet, Eric","835908","Left","MIZ_TIG","Undefined","5","Bottom","1","1","0","ChangeUp","Changeup","BallCalled","Undefined","Undefined","StolenBase","0","0","","84.20568","-1.977791","-5.072641","1587.65459","252.125092","2:30","5.06344","3.14774","6.63235","-31.87872","6.86792","17.23958","0.58824","-0.07214","76.8555","-7.956443","-1.946864","0.448011",,,,,,,,,,,,"-10.58162","4.59311","-2.81019","50.0","4.91622","10.20468","-121.93505","-5.13124","-15.83489","25.33245","-25.30065","MIZ_TIG","NOR_BIS","TaylorStadium","D1","SEC","20260227-TaylorStadium-1","06093910-1446-11f1-8b2a-372dde908e8b","84.13291",,,"7.35018",,,,,,,"1b302c73-8876-476a-9477-a2ba524ff780","2026-02-28","01:37:20.11","2026-02-27T19:37:20.1190000-06:00","2026-02-28T01:37:20.1190000Z","","v3","4806","471388","9d219402a542450a8ca9d307da9f26b3","Freiter, Bennett","1000119083","Right","NOR_BIS","403ea56e-de94-447c-ab8a-083a80c48a91","53.86758","-122.73592","12.66622","5.0658","-4.33137","-12.65033","-3.14072","10.7053","-7.91744",,,,,,,,,,,,,,,,,,,,,,,,,,,,,"79.63786",,,"1.262061",,,,"-1.32885","6.68699","-0.60483","127.28714","8.48882","5.84298","-1.20267","114.08378","-9.85074","6.7064","16.85574","-12.25991","-0.64417","2.42306","2.19098","High","High","High","","","High","High","High",,,,,,,,,,,,,,,,,,,,,,,,,,,,,,,,,,,"2026","02","28"
"165","2026-02-27","19:37:51.26","4","3","Shupe, Garrett","10013518","Right","NOR_BIS","Maisonet, Eric","835908","Left","MIZ_TIG","Undefined","5","Bottom","1","2","0","ChangeUp","Changeup","InPlay","Undefined","GroundBall","Out","1","0","","85.0837","-1.062771","-4.826025","1532.822099","262.196834","2:45","5.00201","3.12785","6.66177","-34.22061","3.53012","16.77383","1.17423","0.09914","77.809","-7.467215","-1.781426","0.442216",,,,,,,,,,,,"-10.26351","2.52528","-2.80943","50.0","4.91679","9.81505","-123.35371","-3.29228","-15.75636","25.37185","-28.2973","MIZ_TIG","NOR_BIS","TaylorStadium","D1","SEC","20260227-TaylorStadium-1","18a81190-1446-11f1-8b2a-372dde908e8b","85.23545",,,"7.27469",,,,,,,"1b302c73-8876-476a-9477-a2ba524ff780","2026-02-28","01:37:51.26","2026-02-27T19:37:51.2625152-06:00","2026-02-28T01:37:51.2625152Z","","v3","4806","471388","9d219402a542450a8ca9d307da9f26b3","Freiter, Bennett","1000119083","Right","NOR_BIS","08fd1b67-eead-44f7-a2e2-bad58f666c6d","53.83914","-124.14085","12.68593","5.00531","-2.41438","-14.14865","-3.12151","10.30387","-7.87818",,,,,,,,,,,,,,,,,,,,,,,,,,,,,,,,,,,,,,,,,,,,,,,,,,,"High","High","High","","","","","",,,,,,,,,,,,,,,,,,,,,,,,,,,,,,,,,,,"2026","02","28"
"166","2026-02-27","19:38:31.73","5","1","Shupe, Garrett","10013518","Right","NOR_BIS","Patterson, Christopher","1000080435","Left","MIZ_TIG","Undefined","5","Bottom","2","0","0","Cutter","Slider","StrikeCalled","Undefined","Undefined","Undefined","0","0","","84.969","-0.60429","-3.961736","2203.985879","180.760504","12:00","5.09043","3.07862","6.18572","-31.40553","6.88512","0.07598","1.91397","-0.579","78.13716","-6.436144","-3.948076","0.445367",,,,,,,,,,,,"-1.11122","4.10193","-2.77938","50.0","5.02892","8.53261","-123.24685","-2.28545","-1.71381","23.87257","-25.84765","MIZ_TIG","NOR_BIS","TaylorStadium","D1","SEC","20260227-TaylorStadium-1","30bec170-1446-11f1-8b2a-372dde908e8b","84.63236",,,"6.83185",,,,,,,"1b302c73-8876-476a-9477-a2ba524ff780","2026-02-28","01:38:31.73","2026-02-27T19:38:31.7345280-06:00","2026-02-28T01:38:31.7345280Z","","v3","4806","471388","9d219402a542450a8ca9d307da9f26b3","Freiter, Bennett","1000119083","Right","NOR_BIS","d92dab8e-e4bd-4d20-9d93-6cd0785d1303","54.31291","-124.07944","11.93628","5.09291","-1.38398","-12.92383","-3.07801","8.59238","-0.85691",,,,,,,,,,,,,,,,,,,,,,,,,,,,,,,,,,,,,,,,,,,,,,,,,,,"High","High","High","","","","","",,,,,,,,,,,,,,,,,,,,,,,,,,,,,,,,,,,"2026","02","28"
"167","2026-02-27","19:38:52.22","5","2","Shupe, Garrett","10013518","Right","NOR_BIS","Patterson, Christopher","1000080435","Left","MIZ_TIG","Undefined","5","Bottom","2","0","1","Cutter","Slider","StrikeSwinging","Undefined","Undefined","Undefined","0","0","","84.8871","0.691193","-3.286458","2215.746369","144.201388","10:45","5.05552","3.13871","6.03899","-33.52647","4.93414","-2.73996","2.90272","-0.13596","78.08707","-5.51663","-3.778102","0.446354",,,,,,,,,,,,"0.53358","2.73339","-2.88073","50.0","5.09152","7.18399","-123.21241","0.39749","0.82411","23.41011","-27.9525","MIZ_TIG","NOR_BIS","TaylorStadium","D1","SEC","20260227-TaylorStadium-1","3cf4d2e0-1446-11f1-8b2a-372dde908e8b","84.44515",,,"6.80003",,,,,,,"1b302c73-8876-476a-9477-a2ba524ff780","2026-02-28","01:38:52.22","2026-02-27T19:38:52.2240512-06:00","2026-02-28T01:38:52.2240512Z","","v3","4806","471388","9d219402a542450a8ca9d307da9f26b3","Freiter, Bennett","1000119083","Right","NOR_BIS","74d6a5ac-b5b6-4ca3-84b2-6e11f6eaf2cc","54.45973","-124.05685","11.70506","5.059","1.40578","-13.97625","-3.13933","7.15426","0.41205",,,,,,,,,,,,,,,,,,,,,,,,,,,,,,,,,,,,,,,,,,,,,,,,,,,"High","High","High","","","","","",,,,,,,,,,,,,,,,,,,,,,,,,,,,,,,,,,,"2026","02","28"
"168","2026-02-27","19:39:15.42","5","3","Shupe, Garrett","10013518","Right","NOR_BIS","Patterson, Christopher","1000080435","Left","MIZ_TIG","Undefined","5","Bottom","2","0","2","Fastball","Four-Seam","BallCalled","Undefined","Undefined","Undefined","0","0","","90.18986","-2.223039","-6.56515","2194.346608","211.332936","1:00","5.18791","3.05583","6.60062","-17.90343","15.85198","9.00111","1.64492","-2.23499","82.59888","-5.635002","-4.945978","0.418161",,,,,,,,,,,,"-6.47268","9.24918","-2.60945","50.0","5.02743","14.63823","-130.25996","-5.55741","-11.15589","26.55908","-16.2328","MIZ_TIG","NOR_BIS","TaylorStadium","D1","SEC","20260227-TaylorStadium-1","4ac47010-1446-11f1-8b2a-372dde908e8b","90.13863",,,"7.59098",,,,,,,"1b302c73-8876-476a-9477-a2ba524ff780","2026-02-28","01:39:15.42","2026-02-27T19:39:15.4203648-06:00","2026-02-28T01:39:15.4203648Z","","v3","4806","471388","9d219402a542450a8ca9d307da9f26b3","Freiter, Bennett","1000119083","Right","NOR_BIS","51786fd3-d984-49a2-9e0d-d9188fe71e59","53.89763","-131.05225","13.27954","5.186","-5.07317","-8.1164","-3.05109","14.97102","-5.57794",,,,,,,,,,,,,,,,,,,,,,,,,,,,,,,,,,,,,,,,,,,,,,,,,,,"High","High","High","","","","","",,,,,,,,,,,,,,,,,,,,,,,,,,,,,,,,,,,"2026","02","28"
"169","2026-02-27","19:39:37.43","5","4","Shupe, Garrett","10013518","Right","NOR_BIS","Patterson, Christopher","1000080435","Left","MIZ_TIG","Undefined","5","Bottom","2","1","2","Fastball","Four-Seam","StrikeSwinging","Strikeout","Undefined","Undefined","0","0","","89.7233","-0.701668","-3.965262","2298.296047","214.914988","1:15","5.22242","3.10501","6.49151","-18.12367","15.81422","10.3028","3.06639","0.31755","82.08935","-4.165628","-2.101783","0.419289",,,,,,,,,,,,"-6.43052","8.77871","-2.83062","50.0","5.16482","8.61413","-130.19105","-2.08265","-11.06634","26.64977","-17.06666","MIZ_TIG","NOR_BIS","TaylorStadium","D1","SEC","20260227-TaylorStadium-1","57e70460-1446-11f1-8b2a-372dde908e8b","89.89602",,,"7.63395",,,,,,,"1b302c73-8876-476a-9477-a2ba524ff780","2026-02-28","01:39:37.43","2026-02-27T19:39:37.4393856-06:00","2026-02-28T01:39:37.4393856Z","","v3","4806","471388","9d219402a542450a8ca9d307da9f26b3","Freiter, Bennett","1000119083","Right","NOR_BIS","c007d5de-0b7c-4278-a65a-91927cb092be","54.00667","-131.00864","13.32489","5.22069","-1.55906","-8.53333","-3.10011","8.95364","-5.53317",,,,,,,,,,,,,,,,,,,,,,,,,,,,,,,,,,,,,,,,,,,,,,,,,,,"High","High","High","","","","","",,,,,,,,,,,,,,,,,,,,,,,,,,,,,,,,,,,"2026","02","28"
"206","2026-02-27","20:06:01.01","1","1","Shupe, Garrett","10013518","Right","NOR_BIS","Frost, Isaiah","801981","Left","MIZ_TIG","Undefined","6","Bottom","0","0","0","Fastball","Sinker","StrikeCalled","Undefined","Undefined","Undefined","0","0","","87.91045","-1.124735","-4.55802","2469.37756","225.750743","1:30","5.26394","2.73938","6.1041","-20.56694","15.57099","14.75115","2.50646","-0.25546","79.9983","-5.023374","-1.911391","0.432666",,,,,,,,,,,,"-8.85083","8.69815","-2.39564","50.0","5.16634","9.53672","-127.31134","-3.10562","-14.48759","26.78905","-17.93639","MIZ_TIG","NOR_BIS","TaylorStadium","D1","SEC","20260227-TaylorStadium-1","07c60770-144a-11f1-8b2a-372dde908e8b","87.11668",,,"7.91216",,,,,,,"1b302c73-8876-476a-9477-a2ba524ff780","2026-02-28","02:06:01.01","2026-02-27T20:06:01.0105856-06:00","2026-02-28T02:06:01.0105856Z","","v3","4806","471388","9d219402a542450a8ca9d307da9f26b3","Freiter, Bennett","1000119083","Right","NOR_BIS","0e09c716-d7d7-480a-8ff0-6dae63039ee7","54.39351","-128.23249","13.39452","5.26252","-2.48886","-8.9682","-2.73214","10.03489","-7.2438",,,,,,,,,,,,,,,,,,,,,,,,,,,,,,,,,,,,,,,,,,,,,,,,,,,"High","High","High","","","","","",,,,,,,,,,,,,,,,,,,,,,,,,,,,,,,,,,,"2026","02","28"
"207","2026-02-27","20:06:16.35","1","2","Shupe, Garrett","10013518","Right","NOR_BIS","Frost, Isaiah","801981","Left","MIZ_TIG","Undefined","6","Bottom","0","0","1","ChangeUp","Changeup","BallCalled","Undefined","Undefined","Undefined","0","0","","83.72604","-1.717393","-5.835409","1747.511867","255.597698","2:30","4.99446","2.77175","6.63481","-33.02187","6.34303","19.37029","0.66166","-0.97505","76.16397","-7.913304","-2.32969","0.451571",,,,,,,,,,,,"-11.96764","4.26614","-2.38316","50.0","4.86446","11.68051","-121.08747","-4.58359","-17.61547","25.54399","-25.89462","MIZ_TIG","NOR_BIS","TaylorStadium","D1","SEC","20260227-TaylorStadium-1","10f149e0-144a-11f1-8b2a-372dde908e8b","83.46956",,,"7.56208",,,,,,,"1b302c73-8876-476a-9477-a2ba524ff780","2026-02-28","02:06:16.35","2026-02-27T20:06:16.3549184-06:00","2026-02-28T02:06:16.3549184Z","","v3","4806","471388","9d219402a542450a8ca9d307da9f26b3","Freiter, Bennett","1000119083","Right","NOR_BIS","25fe13c2-2da3-4e8e-ade0-0d4a9cb45aee","53.86515","-121.90012","12.77199","4.99718","-3.75979","-12.94731","-2.76367","12.24092","-8.80774",,,,,,,,,,,,,,,,,,,,,,,,,,,,,,,,,,,,,,,,,,,,,,,,,,,"High","High","High","","","","","",,,,,,,,,,,,,,,,,,,,,,,,,,,,,,,,,,,"2026","02","28"
"208","2026-02-27","20:06:36.03","1","3","Shupe, Garrett","10013518","Right","NOR_BIS","Frost, Isaiah","801981","Left","MIZ_TIG","Undefined","6","Bottom","0","1","1","ChangeUp","Changeup","InPlay","Undefined","GroundBall","Out","1","0","","83.22052","-1.256376","-5.170991","1611.774372","253.753992","2:30","5.0464","2.88344","6.60478","-33.34707","6.59398","17.74324","1.11169","-0.38772","75.43335","-7.526135","-1.957024","0.454864","80.67364","-44.652317","42.696517",,,,,"2.51627","2.51627","27.207609","0.013344","-10.9652","4.27693","-2.53702","50.0","4.94685","10.26424","-120.46016","-3.5929","-15.90815","26.15967","-25.96913","MIZ_TIG","NOR_BIS","TaylorStadium","D1","SEC","20260227-TaylorStadium-1","1cb07da0-144a-11f1-8b2a-372dde908e8b","82.86537","1.11099",,"7.78717",,,,"1.41136","1.11099","0.3879","1b302c73-8876-476a-9477-a2ba524ff780","2026-02-28","02:06:36.03","2026-02-27T20:06:36.0358912-06:00","2026-02-28T02:06:36.0358912Z","GroundBall","v3","4806","471388","9d219402a542450a8ca9d307da9f26b3","Freiter, Bennett","1000119083","Right","NOR_BIS","92463ed8-900e-479a-943a-f8b6fd222cb3","53.89449","-121.30296","13.07983","5.04913","-2.75624","-12.98456","-2.87597","10.77676","-7.95408",,"1.41119","61.93849",,,,,,,,"1.11121","-83.25847",,,,,,,,"0.38775","57.14822",,,,,,,,,,,,,,,,,,,,,,,,,,,,,,"High","High","High","Estimated","Estimated","","","",,,,,,,,,,,,,,,,,,,,,,,,,,,,,,,,,,,"2026","02","28"
"209","2026-02-27","20:07:11.39","2","1","Shupe, Garrett","10013518","Right","NOR_BIS","Woita, Jase","831805","Left","MIZ_TIG","Undefined","6","Bottom","1","0","0","ChangeUp","Changeup","StrikeCalled","Undefined","Undefined","Undefined","0","0","","83.74511","-0.682845","-4.295141","1738.692508","244.374635","2:15","5.08835","2.88547","6.51046","-30.43868","9.30571","16.29406","1.92336","0.29429","75.32168","-6.443721","-1.345002","0.453742",,,,,,,,,,,,"-9.88536","5.54929","-2.59138","50.0","5.02769","8.48698","-121.25532","-2.30999","-14.44083","27.86655","-24.0675","MIZ_TIG","NOR_BIS","TaylorStadium","D1","SEC","20260227-TaylorStadium-1","31bafef0-144a-11f1-8b2a-372dde908e8b","83.07017",,,"8.42342",,,,,,,"1b302c73-8876-476a-9477-a2ba524ff780","2026-02-28","02:07:11.39","2026-02-27T20:07:11.3958400-06:00","2026-02-28T02:07:11.3958400Z","","v3","4806","471388","9d219402a542450a8ca9d307da9f26b3","Freiter, Bennett","1000119083","Right","NOR_BIS","a7e1a7cd-48bd-4be1-9f01-b9874ba73cea","53.98572","-122.16788","13.93327","5.09044","-1.52185","-12.03375","-2.87704","8.95987","-7.22041",,,,,,,,,,,,,,,,,,,,,,,,,,,,,,,,,,,,,,,,,,,,,,,,,,,"High","High","High","","","","","",,,,,,,,,,,,,,,,,,,,,,,,,,,,,,,,,,,"2026","02","28"
"210","2026-02-27","20:07:25.37","2","2","Shupe, Garrett","10013518","Right","NOR_BIS","Woita, Jase","831805","Left","MIZ_TIG","Undefined","6","Bottom","1","0","1","Fastball","Four-Seam","BallCalled","Undefined","Undefined","Undefined","0","0","","88.56056","-1.849475","-4.936472","2377.250219","215.52849","1:15","5.17715","2.92208","6.33226","-18.15824","17.63103","11.64142","1.95403","-0.66459","79.68638","-5.348523","-2.841451","0.430574",,,,,,,,,,,,"-7.61185","10.13241","-2.56652","50.0","5.0331","10.58263","-128.02828","-4.62009","-12.43688","30.28035","-15.61887","MIZ_TIG","NOR_BIS","TaylorStadium","D1","SEC","20260227-TaylorStadium-1","3a22ca50-144a-11f1-8b2a-372dde908e8b","87.53997",,,"8.87418",,,,,,,"1b302c73-8876-476a-9477-a2ba524ff780","2026-02-28","02:07:25.37","2026-02-27T20:07:25.3726208-06:00","2026-02-28T02:07:25.3726208Z","","v3","4806","471388","9d219402a542450a8ca9d307da9f26b3","Freiter, Bennett","1000119083","Right","NOR_BIS","8a49a28b-d59e-4158-9e0e-c45151451f49","54.16368","-129.00929","15.14017","5.17458","-4.11407","-7.80944","-2.91589","10.98556","-6.21844",,,,,,,,,,,,,,,,,,,,,,,,,,,,,,,,,,,,,,,,,,,,,,,,,,,"High","High","High","","","","","",,,,,,,,,,,,,,,,,,,,,,,,,,,,,,,,,,,"2026","02","28"
"211","2026-02-27","20:07:44.16","2","3","Shupe, Garrett","10013518","Right","NOR_BIS","Woita, Jase","831805","Left","MIZ_TIG","Undefined","6","Bottom","1","1","1","Fastball","Four-Seam","StrikeCalled","Undefined","Undefined","Undefined","0","0","","88.79054","-2.008098","-3.491082","2315.35833","212.239871","1:00","5.29341","2.92074","6.15637","-17.9095","17.7967","10.39701","1.94152","0.55785","80.00383","-5.449337","-1.620379","0.430074",,,,,,,,,,,,"-6.44343","10.19449","-2.66025","50.0","5.13131","7.40347","-128.54231","-4.99688","-10.62189","30.30809","-15.36856","MIZ_TIG","NOR_BIS","TaylorStadium","D1","SEC","20260227-TaylorStadium-1","4542b0d0-144a-11f1-8b2a-372dde908e8b","87.64177",,,"8.7867",,,,,,,"1b302c73-8876-476a-9477-a2ba524ff780","2026-02-28","02:07:44.16","2026-02-27T20:07:44.1634304-06:00","2026-02-28T02:07:44.1634304Z","","v3","4806","471388","9d219402a542450a8ca9d307da9f26b3","Freiter, Bennett","1000119083","Right","NOR_BIS","482e6c1e-d8be-498a-bd42-cadfea3f8ac6","54.33894","-129.56131","15.15405","5.29063","-4.48016","-7.68428","-2.91517","7.76059","-5.31095",,,,,,,,,,,,,,,,,,,,,,,,,,,,,,,,,,,,,,,,,,,,,,,,,,,"High","High","High","","","","","",,,,,,,,,,,,,,,,,,,,,,,,,,,,,,,,,,,"2026","02","28"
"212","2026-02-27","20:08:00.27","2","4","Shupe, Garrett","10013518","Right","NOR_BIS","Woita, Jase","831805","Left","MIZ_TIG","Undefined","6","Bottom","1","1","2","ChangeUp","Changeup","InPlay","Undefined","GroundBall","Out","1","0","","84.47405","-0.821895","-3.699692","1770.287678","247.766968","2:15","5.06162","2.85395","6.47232","-31.04021","8.14823","16.26383","1.71851","0.8069","75.81023","-6.68985","-0.75319","0.450558","70.4947","-59.769982","89.374641",,,,,"2.19878","2.19878","6.15208","0.020172","-9.83497","4.95701","-2.59998","50.0","4.99005","7.31125","-122.39112","-2.65136","-14.57168","29.38377","-24.82966","MIZ_TIG","NOR_BIS","TaylorStadium","D1","SEC","20260227-TaylorStadium-1","4ede4140-144a-11f1-8b2a-372dde908e8b","83.65728","1.80678",,"8.66382",,,,"2.17462","1.80678","-0.81714","1b302c73-8876-476a-9477-a2ba524ff780","2026-02-28","02:08:00.27","2026-02-27T20:08:00.2787328-06:00","2026-02-28T02:08:00.2787328Z","GroundBall","v3","4806","471388","9d219402a542450a8ca9d307da9f26b3","Freiter, Bennett","1000119083","Right","NOR_BIS","393b78bc-01a4-4074-8614-d380f7340a94","54.02596","-123.35389","14.69188","5.06359","-1.83781","-12.41483","-2.84736","7.78869","-7.28584",,"2.17462","0.56965",,,,,,,,"1.80755","-89.56764",,,,,,,,"-0.81759","52.18934",,,,,,,,,,,,,,,,,,,,,,,,,,,,,,"High","High","High","Estimated","Estimated","","","",,,,,,,,,,,,,,,,,,,,,,,,,,,,,,,,"69.00135","4.09851","1.34888","2026","02","28"
"213","2026-02-27","20:08:38.35","3","1","Shupe, Garrett","10013518","Right","NOR_BIS","Macon, Tyler","823527","Right","MIZ_TIG","Undefined","6","Bottom","2","0","0","Fastball","Four-Seam","BallCalled","Undefined","Undefined","Undefined","0","0","","88.90305","0.096463","-3.595636","2323.091793","206.225326","12:45","5.37564","2.54437","6.22925","-17.51954","18.05765","8.24918","4.00486","-0.08989","79.73626","-3.294822","-2.110517","0.429296",,,,,,,,,,,,"-5.38957","9.65158","-2.27915","50.0","5.37393","7.73706","-128.72645","-0.23224","-8.88867","30.98552","-16.25635","MIZ_TIG","NOR_BIS","TaylorStadium","D1","SEC","20260227-TaylorStadium-1","6599a6e0-144a-11f1-8b2a-372dde908e8b","87.80052",,,"9.16679",,,,,,,"1b302c73-8876-476a-9477-a2ba524ff780","2026-02-28","02:08:38.35","2026-02-27T20:08:38.3539712-06:00","2026-02-28T02:08:38.3539712Z","","v3","4806","471388","9d219402a542450a8ca9d307da9f26b3","Freiter, Bennett","1000119083","Right","NOR_BIS","2e0c6b6e-22f6-4de6-b4f4-0cc3eb3f714f","54.26434","-129.74885","15.49276","5.37275","0.30415","-8.12818","-2.53928","8.03035","-4.44434",,,,,,,,,,,,,,,,,,,,,,,,,,,,,,,,,,,,,,,,,,,,,,,,,,,"High","High","High","","","","","",,,,,,,,,,,,,,,,,,,,,,,,,,,,,,,,,,,"2026","02","28"
"214","2026-02-27","20:08:52.56","3","2","Shupe, Garrett","10013518","Right","NOR_BIS","Macon, Tyler","823527","Right","MIZ_TIG","Undefined","6","Bottom","2","1","0","Fastball","Four-Seam","StrikeCalled","Undefined","Undefined","Undefined","0","0","","88.93881","-1.745445","-3.184754","2277.403032","204.479522","12:45","5.32332","2.67803","6.18836","-17.39225","18.18592","7.67898","2.25938","0.37438","79.9954","-5.099801","-1.8019","0.429302",,,,,,,,,,,,"-4.96941","10.32583","-2.44125","50.0","5.18259","6.84115","-128.78835","-4.38608","-8.20838","30.87331","-15.11809","MIZ_TIG","NOR_BIS","TaylorStadium","D1","SEC","20260227-TaylorStadium-1","6e1e7020-144a-11f1-8b2a-372dde908e8b","87.79929",,,"8.94341",,,,,,,"1b302c73-8876-476a-9477-a2ba524ff780","2026-02-28","02:08:52.56","2026-02-27T20:08:52.5659136-06:00","2026-02-28T02:08:52.5659136Z","","v3","4806","471388","9d219402a542450a8ca9d307da9f26b3","Freiter, Bennett","1000119083","Right","NOR_BIS","90fcf9f9-7537-44fd-976a-12f413c16dca","54.30617","-129.81652","15.43666","5.32028","-3.8826","-7.55905","-2.67364","7.11451","-4.10419",,,,,,,,,,,,,,,,,,,,,,,,,,,,,,,,,,,,,,,,,,,,,,,,,,,"High","High","High","","","","","",,,,,,,,,,,,,,,,,,,,,,,,,,,,,,,,,,,"2026","02","28"
"215","2026-02-27","20:09:09.51","3","3","Shupe, Garrett","10013518","Right","NOR_BIS","Macon, Tyler","823527","Right","MIZ_TIG","Undefined","6","Bottom","2","1","1","Fastball","Four-Seam","StrikeCalled","Undefined","Undefined","Undefined","0","0","","89.30492","-2.025542","-4.363168","2320.928431","204.089837","12:45","5.32138","2.65155","6.34821","-16.33103","18.82308","7.83233","2.0897","-0.71994","80.3408","-5.19216","-2.951925","0.426736",,,,,,,,,,,,"-5.44071","10.78658","-2.3374","50.0","5.16586","9.52735","-129.16222","-4.97938","-9.04478","30.89691","-14.2421","MIZ_TIG","NOR_BIS","TaylorStadium","D1","SEC","20260227-TaylorStadium-1","78360e60-144a-11f1-8b2a-372dde908e8b","88.32724",,,"8.96413",,,,,,,"1b302c73-8876-476a-9477-a2ba524ff780","2026-02-28","02:09:09.51","2026-02-27T20:09:09.5125504-06:00","2026-02-28T02:09:09.5125504Z","","v3","4806","471388","9d219402a542450a8ca9d307da9f26b3","Freiter, Bennett","1000119083","Right","NOR_BIS","dac58725-27f7-401d-a62e-51b04652bba6","54.14611","-130.15023","15.44846","5.31781","-4.52395","-7.12105","-2.64669","9.81658","-4.52239",,,,,,,,,,,,,,,,,,,,,,,,,,,,,,,,,,,,,,,,,,,,,,,,,,,"High","High","High","","","","","",,,,,,,,,,,,,,,,,,,,,,,,,,,,,,,,,,,"2026","02","28"
"216","2026-02-27","20:09:27.10","3","4","Shupe, Garrett","10013518","Right","NOR_BIS","Macon, Tyler","823527","Right","MIZ_TIG","Undefined","6","Bottom","2","1","2","Fastball","Four-Seam","BallCalled","Undefined","Undefined","Undefined","0","0","","89.30442","-0.04039","-5.726047","2315.207071","212.631946","1:00","5.29094","2.53922","6.44869","-18.678","16.46221","9.70918","3.69714","-1.93019","80.10416","-3.643516","-3.979998","0.426652",,,,,,,,,,,,"-6.88016","8.95154","-2.13594","50.0","5.27944","12.53298","-128.99087","-0.57151","-11.39875","31.00249","-17.34353","MIZ_TIG","NOR_BIS","TaylorStadium","D1","SEC","20260227-TaylorStadium-1","829ae240-144a-11f1-8b2a-372dde908e8b","88.34468",,,"9.20027",,,,,,,"1b302c73-8876-476a-9477-a2ba524ff780","2026-02-28","02:09:27.10","2026-02-27T20:09:27.1062528-06:00","2026-02-28T02:09:27.1062528Z","","v3","4806","471388","9d219402a542450a8ca9d307da9f26b3","Freiter, Bennett","1000119083","Right","NOR_BIS","40990d38-1cd4-4a2d-9a7f-51498b876589","54.04578","-129.95962","15.50124","5.28884","-0.02956","-8.67176","-2.53313","12.88917","-5.69938",,,,,,,,,,,,,,,,,,,,,,,,,,,,,,,,,,,,,,,,,,,,,,,,,,,"High","High","High","","","","","",,,,,,,,,,,,,,,,,,,,,,,,,,,,,,,,,,,"2026","02","28"
"217","2026-02-27","20:09:42.08","3","5","Shupe, Garrett","10013518","Right","NOR_BIS","Macon, Tyler","823527","Right","MIZ_TIG","Undefined","6","Bottom","2","2","2","Cutter","Slider","BallCalled","Undefined","Undefined","Undefined","0","0","","85.13952","-0.642315","-4.988058","2309.190151","146.498188","11:00","5.21501","2.68477","6.21234","-30.37553","8.55835","-4.74134","2.08865","-2.32546","76.94605","-6.323041","-5.837922","0.449092",,,,,,,,,,,,"0.79244","5.08981","-2.30787","50.0","5.15196","10.9325","-123.05993","-2.31587","1.19521","28.16241","-24.49723","MIZ_TIG","NOR_BIS","TaylorStadium","D1","SEC","20260227-TaylorStadium-1","8b910af0-144a-11f1-8b2a-372dde908e8b","83.93033",,,"8.19347",,,,,,,"1b302c73-8876-476a-9477-a2ba524ff780","2026-02-28","02:09:42.08","2026-02-27T20:09:42.0812800-06:00","2026-02-28T02:09:42.0812800Z","","v3","4806","471388","9d219402a542450a8ca9d307da9f26b3","Freiter, Bennett","1000119083","Right","NOR_BIS","f58f6779-050f-453c-a223-e662f4f8848f","54.28167","-124.03592","14.0812","5.21751","-1.4669","-12.24862","-2.68603","10.89108","0.59761",,,,,,,,,,,,,,,,,,,,,,,,,,,,,,,,,,,,,,,,,,,,,,,,,,,"High","High","High","","","","","",,,,,,,,,,,,,,,,,,,,,,,,,,,,,,,,,,,"2026","02","28"
"218","2026-02-27","20:10:00.96","3","6","Shupe, Garrett","10013518","Right","NOR_BIS","Macon, Tyler","823527","Right","MIZ_TIG","Undefined","6","Bottom","2","3","2","Cutter","Slider","StrikeSwinging","Strikeout","Undefined","Undefined","0","0","","84.85943","-1.241247","-3.189817","2300.198568","154.309995","11:15","5.16001","2.65394","6.16783","-29.63293","9.10981","-3.76107","1.54214","-0.60888","77.38566","-6.771048","-3.86683","0.447988",,,,,,,,,,,,"0.98071","5.48614","-2.4103","50.0","5.05089","7.00454","-123.03931","-3.57946","1.49205","26.13324","-23.82755","MIZ_TIG","NOR_BIS","TaylorStadium","D1","SEC","20260227-TaylorStadium-1","96d62cb0-144a-11f1-8b2a-372dde908e8b","84.13713",,,"7.47377",,,,,,,"1b302c73-8876-476a-9477-a2ba524ff780","2026-02-28","02:10:00.96","2026-02-27T20:10:00.9638912-06:00","2026-02-28T02:10:00.9638912Z","","v3","4806","471388","9d219402a542450a8ca9d307da9f26b3","Freiter, Bennett","1000119083","Right","NOR_BIS","624c74e2-f946-4276-95ed-6cc4fc6ba2b8","54.32923","-123.95542","13.06662","5.16173","-2.74417","-11.91377","-2.65493","6.95223","0.74602",,,,,,,,,,,,,,,,,,,,,,,,,,,,,,,,,,,,,,,,,,,,,,,,,,,"High","High","High","","","","","",,,,,,,,,,,,,,,,,,,,,,,,,,,,,,,,,,,"2026","02","28"
"236","2026-02-27","20:23:27.19","1","1","Shupe, Garrett","10013518","Right","NOR_BIS","Serna, Mateo","806219","Left","MIZ_TIG","Undefined","7","Bottom","0","0","0","Fastball","Four-Seam","FoulBallNotFieldable","Undefined","Undefined","Undefined","0","0","","87.89304","-0.530565","-3.985696","2305.196939","217.523738","1:15","5.24696","2.63048","6.47228","-21.64529","14.15946","9.92256","2.95474","-0.20885","79.56094","-4.662465","-2.191596","0.430667","17.85503","39.064494","-156.613959","1536.116175",,,,,"53.12058",,,"-6.26138","7.90697","-2.35248","50.0","5.19971","8.45549","-127.33137","-1.77198","-10.19487","28.15946","-19.29975","MIZ_TIG","NOR_BIS","TaylorStadium","D1","SEC","20260227-TaylorStadium-1","77852300-144c-11f1-8b2a-372dde908e8b","87.52106","5.19657",,"8.3321",,,,,,,"1b302c73-8876-476a-9477-a2ba524ff780","2026-02-28","02:23:27.19","2026-02-27T20:23:27.1997952-06:00","2026-02-28T02:23:27.1997952Z","","v3","4806","471388","9d219402a542450a8ca9d307da9f26b3","Freiter, Bennett","1000119083","Right","NOR_BIS","df8f1ac6-59f2-4a16-baed-216c8b6d7188","54.02057","-128.21744","14.07973","5.24591","-1.16469","-9.64988","-2.62358","8.77628","-5.09743","24.751648","-7.19706","-18.66233","-147.6885","59.49492","-26.89243","12.93877","-6.15632","2.46247","-0.5675","2.1916","16.50336","-30.17795","23.97989","-15.44647","9.34772","-5.22257","2.32286","-0.57052","0.51639","-8.07088","5.02921","-13.07412","8.77703","-5.31792","2.95478","-1.30556","0.31909",,,,,,,,,,,,,,,,,,,,,,,"High","High","High","Low","Undefined","","","",,,,,,,,,,,,,,,,,,,,,,,,,,,,,,,,"65.78752","-18.52751","-33.30676","2026","02","28"
"237","2026-02-27","20:23:51.29","1","2","Shupe, Garrett","10013518","Right","NOR_BIS","Serna, Mateo","806219","Left","MIZ_TIG","Undefined","7","Bottom","0","0","1","Fastball","Four-Seam","BallCalled","Undefined","Undefined","Undefined","0","0","","88.65684","-1.50625","-5.549967","2351.060715","217.780946","1:15","5.21162","2.64269","6.37471","-21.04497","14.45572","10.23938","2.06519","-1.62636","80.26604","-5.509868","-3.70912","0.428835",,,,,,,,,,,,"-7.13536","8.3828","-2.24602","50.0","5.09268","12.06783","-128.20237","-3.98062","-11.74479","29.22416","-18.37595","MIZ_TIG","NOR_BIS","TaylorStadium","D1","SEC","20260227-TaylorStadium-1","85b7a0b0-144c-11f1-8b2a-372dde908e8b","87.89504",,,"8.39079",,,,,,,"1b302c73-8876-476a-9477-a2ba524ff780","2026-02-28","02:23:51.29","2026-02-27T20:23:51.2952320-06:00","2026-02-28T02:23:51.2952320Z","","v3","4806","471388","9d219402a542450a8ca9d307da9f26b3","Freiter, Bennett","1000119083","Right","NOR_BIS","fa989562-be8f-408e-9328-892bf6b807f5","54.12531","-129.13932","14.61208","5.21086","-3.39147","-9.18798","-2.63896","12.44437","-5.8724",,,,,,,,,,,,,,,,,,,,,,,,,,,,,,,,,,,,,,,,,,,,,,,,,,,"High","High","High","","","","","",,,,,,,,,,,,,,,,,,,,,,,,,,,,,,,,,,,"2026","02","28"
"238","2026-02-27","20:24:06.80","1","3","Shupe, Garrett","10013518","Right","NOR_BIS","Serna, Mateo","806219","Left","MIZ_TIG","Undefined","7","Bottom","0","1","1","Fastball","Four-Seam","InPlay","Undefined","Popup","Out","1","0","","87.44187","-1.077626","-3.765578","2324.545551","223.285365","1:30","5.276","2.85373","6.14384","-24.56375","11.97481","10.10957","2.23092","0.21144","79.44691","-5.701576","-1.947474","0.435058","87.1204","50.272811","-26.749162",,"88.35613","113.14061","-65.52242","237.2892","111.62062","-43.343594","5.643131","-6.39477","6.87717","-2.57185","50.0","5.18109","7.94373","-126.75167","-3.13767","-10.32205","27.79704","-21.07329","MIZ_TIG","NOR_BIS","TaylorStadium","D1","SEC","20260227-TaylorStadium-1","8efe3350-144c-11f1-8b2a-372dde908e8b","86.63771","120.70987",,"7.99496",,,,"1.33597","2.31505","-0.23184","1b302c73-8876-476a-9477-a2ba524ff780","2026-02-28","02:24:06.80","2026-02-27T20:24:06.8059136-06:00","2026-02-28T02:24:06.8059136Z","FlyBall","v3","4806","471388","9d219402a542450a8ca9d307da9f26b3","Freiter, Bennett","1000119083","Right","NOR_BIS","8adcc8c4-4b0e-4955-950d-51498daff419","54.35543","-127.70326","13.89852","5.27616","-2.41626","-10.53664","-2.84984","8.29709","-5.16102","154.743746","1.344","72.73112","-22.54594","5.38528","-0.28463","-0.30378","0.10351","-0.01363","6.6E-4","2.29719","98.58234","-25.41273","3.40808","-1.08268","0.29464","-0.04556","0.00335","-9.0E-5","-0.22681","-36.85451","1.18097","0.19992","0.09975","-0.09788","0.02738","-0.00337","1.6E-4",,,,,,,,,,,,,,,,,,,,,,,"High","High","High","High","Low","","","",,,,,,,,,,,,,,,,,,,,,,,,,,,,,,,,"77.11291","16.94865","5.30423","2026","02","28"
"239","2026-02-27","20:24:42.24","2","1","Shupe, Garrett","10013518","Right","NOR_BIS","Parker, Sam","806179","Left","MIZ_TIG","Undefined","7","Bottom","1","0","0","ChangeUp","Changeup","BallCalled","Undefined","Undefined","Undefined","0","0","","85.59181","-1.519217","-3.913075","1625.44137","254.746421","2:30","5.00802","2.86881","6.50013","-31.64096","5.67378","16.52363","0.97323","0.64848","78.62194","-7.427286","-0.917455","0.439655",,,,,,,,,,,,"-9.77134","3.73807","-2.60162","50.0","4.88767","7.89243","-124.22606","-4.24561","-15.28186","24.69302","-26.32789","MIZ_TIG","NOR_BIS","TaylorStadium","D1","SEC","20260227-TaylorStadium-1","a41a19c0-144c-11f1-8b2a-372dde908e8b","85.7319",,,"6.96987",,,,,,,"1b302c73-8876-476a-9477-a2ba524ff780","2026-02-28","02:24:42.24","2026-02-27T20:24:42.2492160-06:00","2026-02-28T02:24:42.2492160Z","","v3","4806","471388","9d219402a542450a8ca9d307da9f26b3","Freiter, Bennett","1000119083","Right","NOR_BIS","aeb371c4-b11f-40a9-8884-21b252975a3a","54.00097","-125.01882","12.34651","5.01041","-3.40036","-13.16394","-2.86288","8.38305","-7.64093",,,,,,,,,,,,,,,,,,,,,,,,,,,,,,,,,,,,,,,,,,,,,,,,,,,"High","High","High","","","","","",,,,,,,,,,,,,,,,,,,,,,,,,,,,,,,,,,,"2026","02","28"
"240","2026-02-27","20:24:56.98","2","2","Shupe, Garrett","10013518","Right","NOR_BIS","Parker, Sam","806179","Left","MIZ_TIG","Undefined","7","Bottom","1","1","0","ChangeUp","Changeup","BallCalled","Undefined","Undefined","Undefined","0","0","","83.13389","-1.636472","-4.58561","1702.108163","260.403298","2:45","4.9625","2.87897","6.65992","-35.59754","4.16858","16.56536","0.49332","0.05422","75.74757","-8.302486","-1.576092","0.453866",,,,,,,,,,,,"-10.19343","3.0774","-2.57669","50.0","4.83802","9.08654","-120.47973","-4.45868","-14.83293","25.59096","-27.69597","MIZ_TIG","NOR_BIS","TaylorStadium","D1","SEC","20260227-TaylorStadium-1","acef4cf0-144c-11f1-8b2a-372dde908e8b","83.04744",,,"7.38633",,,,,,,"1b302c73-8876-476a-9477-a2ba524ff780","2026-02-28","02:24:56.98","2026-02-27T20:24:56.9853440-06:00","2026-02-28T02:24:56.9853440Z","","v3","4806","471388","9d219402a542450a8ca9d307da9f26b3","Freiter, Bennett","1000119083","Right","NOR_BIS","e44b7959-2265-4e46-9ac3-3714ec52f2ae","53.84059","-121.29277","12.79548","4.9657","-3.57878","-13.84799","-2.87285","9.55779","-7.41646",,,,,,,,,,,,,,,,,,,,,,,,,,,,,,,,,,,,,,,,,,,,,,,,,,,"High","High","High","","","","","",,,,,,,,,,,,,,,,,,,,,,,,,,,,,,,,,,,"2026","02","28"
"241","2026-02-27","20:25:12.48","2","3","Shupe, Garrett","10013518","Right","NOR_BIS","Parker, Sam","806179","Left","MIZ_TIG","Undefined","7","Bottom","1","2","0","ChangeUp","Changeup","StrikeSwinging","Undefined","Undefined","Undefined","0","0","","82.99702","0.34166","-4.362156","1764.858341","250.231548","2:15","5.15587","2.79489","6.59041","-32.27632","7.75489","17.6795","2.78015","0.26341","75.10888","-5.752801","-1.157593","0.455377",,,,,,,,,,,,"-10.57709","4.39776","-2.50247","50.0","5.16612","8.52502","-120.28899","-0.18659","-15.32549","25.74907","-25.80199","MIZ_TIG","NOR_BIS","TaylorStadium","D1","SEC","20260227-TaylorStadium-1","b6367bd0-144c-11f1-8b2a-372dde908e8b","82.77199",,,"7.88814",,,,,,,"1b302c73-8876-476a-9477-a2ba524ff780","2026-02-28","02:25:12.48","2026-02-27T20:25:12.4834816-06:00","2026-02-28T02:25:12.4834816Z","","v3","4806","471388","9d219402a542450a8ca9d307da9f26b3","Freiter, Bennett","1000119083","Right","NOR_BIS","d5723410-51d0-43de-a94d-f452a7507cbe","53.90764","-121.12257","12.87454","5.15864","0.6487","-12.901","-2.78648","9.02116","-7.66275",,,,,,,,,,,,,,,,,,,,,,,,,,,,,,,,,,,,,,,,,,,,,,,,,,,"High","High","High","","","","","",,,,,,,,,,,,,,,,,,,,,,,,,,,,,,,,,,,"2026","02","28"
"242","2026-02-27","20:25:28.18","2","4","Shupe, Garrett","10013518","Right","NOR_BIS","Parker, Sam","806179","Left","MIZ_TIG","Undefined","7","Bottom","1","2","1","ChangeUp","Changeup","BallCalled","Undefined","Undefined","Undefined","0","0","","84.30381","-1.337753","-6.389891","1727.985947","255.335717","2:30","5.04483","2.72703","6.58094","-33.21415","5.81992","16.99217","1.04309","-1.73744","76.51953","-7.562772","-3.324794","0.449669",,,,,,,,,,,,"-10.8443","3.89142","-2.29362","50.0","4.93897","13.00859","-121.77146","-3.82376","-16.12493","26.07808","-26.38771","MIZ_TIG","NOR_BIS","TaylorStadium","D1","SEC","20260227-TaylorStadium-1","bf8d3b10-144c-11f1-8b2a-372dde908e8b","83.82254",,,"7.78428",,,,,,,"1b302c73-8876-476a-9477-a2ba524ff780","2026-02-28","02:25:28.18","2026-02-27T20:25:28.1807872-06:00","2026-02-28T02:25:28.1807872Z","","v3","4806","471388","9d219402a542450a8ca9d307da9f26b3","Freiter, Bennett","1000119083","Right","NOR_BIS","42d5fffa-ebc1-4d89-b401-7d0e0845f3f6","53.91784","-122.60762","13.03904","5.04801","-2.97768","-13.19386","-2.71901","13.52561","-8.06247",,,,,,,,,,,,,,,,,,,,,,,,,,,,,,,,,,,,,,,,,,,,,,,,,,,"High","High","High","","","","","",,,,,,,,,,,,,,,,,,,,,,,,,,,,,,,,,,,"2026","02","28"
"243","2026-02-27","20:25:45.57","2","5","Shupe, Garrett","10013518","Right","NOR_BIS","Parker, Sam","806179","Left","MIZ_TIG","Undefined","7","Bottom","1","3","1","Fastball","Sinker","StrikeCalled","Undefined","Undefined","Undefined","0","0","","89.28689","-1.645291","-4.533981","2290.038475","229.669671","1:45","5.10476","2.85428","5.97463","-23.89816","11.4439","12.05709","1.58278","-0.35296","81.12826","-6.123641","-2.375368","0.427875",,,,,,,,,,,,"-7.51268","6.723","-2.50142","50.0","4.96098","9.73531","-129.21722","-4.49304","-12.6202","28.54722","-20.88044","MIZ_TIG","NOR_BIS","TaylorStadium","D1","SEC","20260227-TaylorStadium-1","c9e2f3c0-144c-11f1-8b2a-372dde908e8b","88.09207",,,"8.15863",,,,,,,"1b302c73-8876-476a-9477-a2ba524ff780","2026-02-28","02:25:45.57","2026-02-27T20:25:45.5755776-06:00","2026-02-28T02:25:45.5755776Z","","v3","4806","471388","9d219402a542450a8ca9d307da9f26b3","Freiter, Bennett","1000119083","Right","NOR_BIS","b872128e-e98f-4f29-a400-de8c783c8199","54.52311","-130.21264","14.27361","5.10495","-3.76495","-10.44022","-2.84856","10.17537","-6.3101",,,,,,,,,,,,,,,,,,,,,,,,,,,,,,,,,,,,,,,,,,,,,,,,,,,"High","High","High","","","","","",,,,,,,,,,,,,,,,,,,,,,,,,,,,,,,,,,,"2026","02","28"
"244","2026-02-27","20:26:03.65","2","6","Shupe, Garrett","10013518","Right","NOR_BIS","Parker, Sam","806179","Left","MIZ_TIG","Undefined","7","Bottom","1","3","2","Fastball","Sinker","InPlay","Undefined","GroundBall","Out","1","0","","89.6421","-0.597723","-4.457533","2236.681684","226.726908","1:30","5.21741","2.78786","6.08356","-21.59895","13.25595","12.8302","2.86282","-0.27515","81.3577","-4.679329","-2.156453","0.424916","58.91547","-53.368865","49.958696",,,,,"4.21302","2.50872","26.759774","0.042561","-7.97","7.35996","-2.44991","50.0","5.15971","9.59642","-129.84819","-2.02323","-13.5211","28.79668","-19.68788","MIZ_TIG","NOR_BIS","TaylorStadium","D1","SEC","20260227-TaylorStadium-1","d4983190-144c-11f1-8b2a-372dde908e8b","88.70555","2.96958",,"8.2844",,,,"2.34138","2.96958","0.20658","1b302c73-8876-476a-9477-a2ba524ff780","2026-02-28","02:26:03.65","2026-02-27T20:26:03.6587520-06:00","2026-02-28T02:26:03.6587520Z","GroundBall","v3","4806","471388","9d219402a542450a8ca9d307da9f26b3","Freiter, Bennett","1000119083","Right","NOR_BIS","8622bc04-ea6c-4432-96af-f7cba34288e5","54.41575","-130.82382","14.39834","5.21696","-1.35621","-9.84394","-2.78279","10.05451","-6.76055",,"2.33997","33.37446",,,,,,,,"2.97253","-69.77305",,,,,,,,"0.2049","39.71596",,,,,,,,,,,,,,,,,,,,,,,,,,,,,,"High","High","High","Low","Low","","","",,,,,,,,,,,,,,,,,,,,,,,,,,,,,,,,"74.89204","2.77195","-5.73472","2026","02","28"
"245","2026-02-27","20:26:40.70","3","1","Shupe, Garrett","10013518","Right","NOR_BIS","Ward, Blaize","1000263242","Left","MIZ_TIG","Undefined","7","Bottom","2","0","0","Slider","Slider","StrikeCalled","Undefined","Undefined","Undefined","0","0","","78.76262","1.749491","-2.686583","2357.147063","59.379962","8:00","5.1303","2.7709","5.63945","-48.48223","-2.96181","-7.34363","2.72451","-0.34921","72.367","-7.113712","-3.995905","0.485595",,,,,,,,,,,,"2.96351","-1.52599","-2.53779","50.0","5.24833","5.647","-114.26853","1.87775","3.91888","21.02585","-34.192","MIZ_TIG","NOR_BIS","TaylorStadium","D1","SEC","20260227-TaylorStadium-1","ead16ee0-144c-11f1-8b2a-372dde908e8b","77.62109",,,"6.39562",,,,,,,"1b302c73-8876-476a-9477-a2ba524ff780","2026-02-28","02:26:40.70","2026-02-27T20:26:40.7023616-06:00","2026-02-28T02:26:40.7023616Z","","v3","4806","471388","9d219402a542450a8ca9d307da9f26b3","Freiter, Bennett","1000119083","Right","NOR_BIS","8a879a1c-6c98-469a-bcaa-dbe6d6a26b11","54.86067","-115.15944","10.51293","5.13807","3.32653","-17.096","-2.77355","5.48095","1.95944",,,,,,,,,,,,,,,,,,,,,,,,,,,,,,,,,,,,,,,,,,,,,,,,,,,"High","High","High","","","","","",,,,,,,,,,,,,,,,,,,,,,,,,,,,,,,,,,,"2026","02","28"
"246","2026-02-27","20:26:56.97","3","2","Shupe, Garrett","10013518","Right","NOR_BIS","Ward, Blaize","1000263242","Left","MIZ_TIG","Undefined","7","Bottom","2","0","1","ChangeUp","Changeup","InPlay","Undefined","GroundBall","Single","0","0","","83.643","0.273278","-3.599145","1842.616889","258.149247","2:30","4.94018","3.02548","6.50387","-34.47604","4.77705","16.60249","2.31849","1.10135","76.22001","-6.190387","-0.589713","0.450929","95.40555","-0.513376","5.177066","1047.05458",,,,"38.8358","38.27106","3.704565","0.281772","-9.79067","2.79063","-2.78058","50.0","4.94436","7.03725","-121.4147","-0.42816","-14.53025","25.05743","-28.03248","MIZ_TIG","NOR_BIS","TaylorStadium","D1","SEC","20260227-TaylorStadium-1","f4790d40-144c-11f1-8b2a-372dde908e8b","83.58837","2.23554",,"7.42299",,,,"1.11826","2.23554","-1.11334","1b302c73-8876-476a-9477-a2ba524ff780","2026-02-28","02:26:56.97","2026-02-27T20:26:56.9793536-06:00","2026-02-28T02:26:56.9793536Z","GroundBall","v3","4806","471388","9d219402a542450a8ca9d307da9f26b3","Freiter, Bennett","1000119083","Right","NOR_BIS","b37c50f5-918f-4115-be57-444495003250","53.99659","-122.23672","12.52871","4.94332","0.49147","-14.01624","-3.01926","7.51393","-7.26512","342.008441","1.12116","139.21466","-20.10309",,,,,,,"2.23933","-1.43311","-23.16502",,,,,,,"-1.11384","12.6496","0.74657",,,,,,,,,,,,,,,,,,,,,,,,,,,,,"High","High","High","High","High","","","",,,,,,,,,,,,,,,,,,,,,,,,,,,,,,,,"68.06272","9.84106","5.3181","2026","02","28"
"247","2026-02-27","20:27:40.46","4","1","Shupe, Garrett","10013518","Right","NOR_BIS","Benson, Cameron","813272","Left","MIZ_TIG","Undefined","7","Bottom","2","0","0","ChangeUp","Changeup","StrikeCalled","Undefined","Undefined","Undefined","0","0","","82.17112","-0.313315","-4.511271","1794.398765","257.900344","2:30","5.09123","3.07245","6.35741","-36.13356","4.90272","16.44021","1.79084","0.28186","74.86906","-7.058311","-1.543669","0.461058",,,,,,,,,,,,"-9.85926","3.07945","-2.75213","50.0","5.05188","8.78471","-119.0846","-1.72984","-14.07076","24.18111","-27.77918","MIZ_TIG","NOR_BIS","TaylorStadium","D1","SEC","20260227-TaylorStadium-1","0e6df300-144d-11f1-8b2a-372dde908e8b","81.7521",,,"7.30206",,,,,,,"1b302c73-8876-476a-9477-a2ba524ff780","2026-02-28","02:27:40.46","2026-02-27T20:27:40.4609536-06:00","2026-02-28T02:27:40.4609536Z","","v3","4806","471388","9d219402a542450a8ca9d307da9f26b3","Freiter, Bennett","1000119083","Right","NOR_BIS","ab798496-1dc5-4362-b383-07acb6583a8f","54.14168","-119.92265","12.09055","5.09514","-0.76709","-13.88959","-3.06503","9.27236","-7.03538",,,,,,,,,,,,,,,,,,,,,,,,,,,,,,,,,,,,,,,,,,,,,,,,,,,"High","High","High","","","","","",,,,,,,,,,,,,,,,,,,,,,,,,,,,,,,,,,,"2026","02","28"
"248","2026-02-27","20:27:59.89","4","2","Shupe, Garrett","10013518","Right","NOR_BIS","Benson, Cameron","813272","Left","MIZ_TIG","Undefined","7","Bottom","2","0","1","Fastball","Four-Seam","BallCalled","Undefined","Undefined","Undefined","0","0","","87.3824","0.950861","-2.153527","2289.515443","213.148759","1:00","5.30491","3.00066","6.25175","-21.72194","14.69438","8.78871","4.37234","1.74611","79.02653","-3.19167","-0.567251","0.43433",,,,,,,,,,,,"-5.16618","7.68256","-2.84452","50.0","5.36484","4.40749","-126.79122","1.49121","-8.3337","28.11468","-19.78108","MIZ_TIG","NOR_BIS","TaylorStadium","D1","SEC","20260227-TaylorStadium-1","19f2dce0-144d-11f1-8b2a-372dde908e8b","86.783",,,"8.35587",,,,,,,"1b302c73-8876-476a-9477-a2ba524ff780","2026-02-28","02:27:59.89","2026-02-27T20:27:59.8927360-06:00","2026-02-28T02:27:59.8927360Z","","v3","4806","471388","9d219402a542450a8ca9d307da9f26b3","Freiter, Bennett","1000119083","Right","NOR_BIS","25d2c04f-87c4-47e9-a277-748689354eab","54.24393","-127.72881","14.05734","5.30411","2.15088","-9.89054","-2.99614","4.6854","-4.16685",,,,,,,,,,,,,,,,,,,,,,,,,,,,,,,,,,,,,,,,,,,,,,,,,,,"High","High","High","","","","","",,,,,,,,,,,,,,,,,,,,,,,,,,,,,,,,,,,"2026","02","28"
"249","2026-02-27","20:28:21.74","4","3","Shupe, Garrett","10013518","Right","NOR_BIS","Benson, Cameron","813272","Left","MIZ_TIG","Undefined","7","Bottom","2","1","1","ChangeUp","Changeup","StrikeCalled","Undefined","Undefined","Undefined","0","0","","82.36876","0.370638","-5.15369","1731.928351","237.271171","2:00","5.07669","3.02803","6.7689","-30.13576","10.38788","13.9228","2.90522","-0.53072","74.3796","-5.357944","-2.627953","0.458169",,,,,,,,,,,,"-8.89485","5.81721","-2.69493","50.0","5.08974","10.24922","-119.22574","-0.01342","-12.64546","25.55848","-23.90397","MIZ_TIG","NOR_BIS","TaylorStadium","D1","SEC","20260227-TaylorStadium-1","2704f670-144d-11f1-8b2a-372dde908e8b","82.26757",,,"7.98916",,,,,,,"1b302c73-8876-476a-9477-a2ba524ff780","2026-02-28","02:28:21.74","2026-02-27T20:28:21.7425920-06:00","2026-02-28T02:28:21.7425920Z","","v3","4806","471388","9d219402a542450a8ca9d307da9f26b3","Freiter, Bennett","1000119083","Right","NOR_BIS","c515adb5-5c89-43d2-b6ac-91e62f00dcc9","53.7273","-120.0221","12.77924","5.07856","0.73139","-11.95199","-3.02042","10.64324","-6.32273",,,,,,,,,,,,,,,,,,,,,,,,,,,,,,,,,,,,,,,,,,,,,,,,,,,"High","High","High","","","","","",,,,,,,,,,,,,,,,,,,,,,,,,,,,,,,,,,,"2026","02","28"
"250","2026-02-27","20:28:42.34","4","4","Shupe, Garrett","10013518","Right","NOR_BIS","Benson, Cameron","813272","Left","MIZ_TIG","Undefined","7","Bottom","2","1","2","Fastball","Four-Seam","FoulBallNotFieldable","Undefined","Undefined","Undefined","0","0","","88.67838","-0.144945","-4.04791","2236.042061","215.184528","1:15","5.2518","3.14046","6.35038","-20.71383","14.69513","9.48398","3.3919","0.19854","80.06331","-4.103379","-2.337602","0.42828","72.41736","44.997264","-50.243449","4064.67445","57.03816","77.74722","-94.05662","212.77272","95.12088","-64.324836","4.596334","-6.21548","8.05985","-2.85058","50.0","5.23151","8.71702","-128.49515","-0.90583","-10.26535","29.64824","-18.86263","MIZ_TIG","NOR_BIS","TaylorStadium","D1","SEC","20260227-TaylorStadium-1","33393320-144d-11f1-8b2a-372dde908e8b","88.00887","78.29674",,"8.61507",,,,"1.18433","3.34784","-0.14192","1b302c73-8876-476a-9477-a2ba524ff780","2026-02-28","02:28:42.34","2026-02-27T20:28:42.3489536-06:00","2026-02-28T02:28:42.3489536Z","FlyBall","v3","4806","471388","9d219402a542450a8ca9d307da9f26b3","Freiter, Bennett","1000119083","Right","NOR_BIS","66b2b457-d1fc-45ce-bc41-d8819a1df1e0","54.14745","-129.44857","14.82412","5.25088","-0.29926","-9.43132","-3.13621","9.04713","-5.13267","146.427451","1.19466","47.78984","-14.89314","2.61525","0.76834","-0.6862","0.19617","-0.02546","0.00126","3.34661","75.1107","-21.49152","1.37549","0.24196","-0.29651","0.11208","-0.019","0.0012","-0.14439","-57.67531","5.91155","-0.20802","-0.60012","0.35827","-0.10232","0.01448","-8.1E-4",,,,,,,,,,,,,,,,,,,,,,,"High","High","High","High","Low","","","",,,,,,,,,,,,,,,,,,,,,,,,,,,,,,,,,,,"2026","02","28"
"251","2026-02-27","20:29:07.53","4","5","Shupe, Garrett","10013518","Right","NOR_BIS","Benson, Cameron","813272","Left","MIZ_TIG","Undefined","7","Bottom","2","1","2","Fastball","Four-Seam","InPlay","Undefined","GroundBall","Single","0","0","","88.58788","-1.291315","-4.0667","2269.230509","207.254604","1:00","5.24695","3.1214","6.25983","-18.32855","17.59292","8.35965","2.52569","0.06196","79.40235","-4.828454","-2.561847","0.431368","103.33575","-10.758392","25.477645",,,,,"16.39941","16.39941","22.274413","0.095872","-5.73457","9.96327","-2.82346","50.0","5.14208","8.77908","-128.20591","-3.38419","-9.34496","31.67409","-15.93805","MIZ_TIG","NOR_BIS","TaylorStadium","D1","SEC","20260227-TaylorStadium-1","42599340-144d-11f1-8b2a-372dde908e8b","87.37876","2.71655",,"9.18553",,,,"2.26897","2.71655","0.06608","1b302c73-8876-476a-9477-a2ba524ff780","2026-02-28","02:29:07.53","2026-02-27T20:29:07.5354624-06:00","2026-02-28T02:29:07.5354624Z","GroundBall","v3","4806","471388","9d219402a542450a8ca9d307da9f26b3","Freiter, Bennett","1000119083","Right","NOR_BIS","697feadc-7eab-4a2f-b97e-4a1b050e7f79","54.23713","-129.24848","15.83704","5.24484","-2.85958","-7.96903","-3.11749","9.08668","-4.67248","180.0","2.26574","134.62419",,,,,,,,"2.71722","-28.33513",,,,,,,,"0.06454","64.14798",,,,,,,,,,,,,,,,,,,,,,,,,,,,,,"High","High","High","Low","High","","","",,,,,,,,,,,,,,,,,,,,,,,,,,,,,,,,"59.11857","0.73534","5.65387","2026","02","28"
"252","2026-02-27","20:29:59.01","5","1","Shupe, Garrett","10013518","Right","NOR_BIS","Maisonet, Eric","835908","Left","MIZ_TIG","Undefined","7","Bottom","2","0","0","Fastball","Four-Seam","BallCalled","Undefined","Undefined","Undefined","0","0","","88.00673","-0.516884","-3.132846","2086.092757","205.830593","12:45","5.29306","3.11639","6.0399","-19.23855","17.44107","7.76481","3.21053","0.85985","78.72637","-4.216911","-1.738518","0.435897",,,,,,,,,,,,"-4.99607","9.50481","-2.87571","50.0","5.24233","6.63571","-127.3867","-1.67913","-8.03879","31.24186","-16.88063","MIZ_TIG","NOR_BIS","TaylorStadium","D1","SEC","20260227-TaylorStadium-1","60ec9230-144d-11f1-8b2a-372dde908e8b","86.47098",,,"9.28037",,,,,,,"1b302c73-8876-476a-9477-a2ba524ff780","2026-02-28","02:29:59.01","2026-02-27T20:29:59.0183424-06:00","2026-02-28T02:29:59.0183424Z","","v3","4806","471388","9d219402a542450a8ca9d307da9f26b3","Freiter, Bennett","1000119083","Right","NOR_BIS","fb0e03f1-b17c-4224-aece-e5abe99e98e0","54.45288","-128.47413","15.62093","5.29055","-1.09157","-8.44032","-3.11155","6.91552","-4.0194",,,,,,,,,,,,,,,,,,,,,,,,,,,,,,,,,,,,,,,,,,,,,,,,,,,"High","High","High","","","","","",,,,,,,,,,,,,,,,,,,,,,,,,,,,,,,,,,,"2026","02","28"
"253","2026-02-27","20:30:17.20","5","2","Shupe, Garrett","10013518","Right","NOR_BIS","Maisonet, Eric","835908","Left","MIZ_TIG","Undefined","7","Bottom","2","1","0","ChangeUp","Changeup","FoulBallNotFieldable","Undefined","Undefined","Undefined","0","0","","82.53612","-0.333532","-4.256826","1686.258928","260.990164","2:45","5.11069","2.99853","6.5873","-36.71289","4.20575","16.6521","1.7448","0.47826","74.11129","-7.249151","-1.235801","0.460397",,,,,,,,,,,,"-10.20249","2.77973","-2.713","50.0","5.07296","8.29096","-119.53283","-1.74748","-14.41998","28.00472","-28.24522","MIZ_TIG","NOR_BIS","TaylorStadium","D1","SEC","20260227-TaylorStadium-1","6bba8820-144d-11f1-8b2a-372dde908e8b","81.8695",,,"8.42483",,,,,,,"1b302c73-8876-476a-9477-a2ba524ff780","2026-02-28","02:30:17.20","2026-02-27T20:30:17.2086272-06:00","2026-02-28T02:30:17.2086272Z","","v3","4806","471388","9d219402a542450a8ca9d307da9f26b3","Freiter, Bennett","1000119083","Right","NOR_BIS","4d28b24d-2b7d-40b1-bb61-62b590e7622c","53.91037","-120.44549","14.00236","5.11491","-0.82699","-14.12261","-2.99085","8.7609","-7.20999",,,,,,,,,,,,,,,,,,,,,,,,,,,,,,,,,,,,,,,,,,,,,,,,,,,"High","High","High","","","","","",,,,,,,,,,,,,,,,,,,,,,,,,,,,,,,,,,,"2026","02","28"
"254","2026-02-27","20:30:58.00","5","3","Shupe, Garrett","10013518","Right","NOR_BIS","Maisonet, Eric","835908","Left","MIZ_TIG","Undefined","7","Bottom","2","1","1","ChangeUp","Changeup","BallCalled","Undefined","Undefined","Undefined","0","0","","82.85736","-0.801315","-5.065952","1616.253425","269.090954","3:00","5.07336","3.03097","6.53125","-38.79034","1.71709","15.77328","1.10283","-0.31389","74.98618","-8.051324","-2.21136","0.458077",,,,,,,,,,,,"-9.87501","1.61638","-2.68454","50.0","5.00146","10.05047","-119.91939","-2.83255","-14.15461","26.57968","-29.85717","MIZ_TIG","NOR_BIS","TaylorStadium","D1","SEC","20260227-TaylorStadium-1","842831a0-144d-11f1-8b2a-372dde908e8b","82.28403",,,"7.87118",,,,,,,"1b302c73-8876-476a-9477-a2ba524ff780","2026-02-28","02:30:58.00","2026-02-27T20:30:58.0066816-06:00","2026-02-28T02:30:58.0066816Z","","v3","4806","471388","9d219402a542450a8ca9d307da9f26b3","Freiter, Bennett","1000119083","Right","NOR_BIS","409ed2f5-6856-4a67-a96c-88e309a5611b","53.96724","-120.79551","13.28984","5.07861","-1.84839","-14.92859","-3.02352","10.51704","-7.07731",,,,,,,,,,,,,,,,,,,,,,,,,,,,,,,,,,,,,,,,,,,,,,,,,,,"High","High","High","","","","","",,,,,,,,,,,,,,,,,,,,,,,,,,,,,,,,,,,"2026","02","28"
"255","2026-02-27","20:31:18.20","5","4","Shupe, Garrett","10013518","Right","NOR_BIS","Maisonet, Eric","835908","Left","MIZ_TIG","Undefined","7","Bottom","2","2","1","ChangeUp","Changeup","BallCalled","Undefined","Undefined","StolenBase","0","0","","81.84385","2.083553","-3.06706","1667.729663","238.852083","2:00","5.07027","3.18322","6.5562","-32.47069","8.8178","12.18056","4.27837","1.38341","73.72072","-4.069324","-0.85857","0.462472",,,,,,,,,,,,"-7.28638","4.41386","-2.97579","50.0","5.2008","5.90337","-118.63452","3.4253","-10.24212","25.59398","-25.96968","MIZ_TIG","NOR_BIS","TaylorStadium","D1","SEC","20260227-TaylorStadium-1","902ecea0-144d-11f1-8b2a-372dde908e8b","81.50203",,,"8.12313",,,,,,,"1b302c73-8876-476a-9477-a2ba524ff780","2026-02-28","02:31:18.20","2026-02-27T20:31:18.2070000-06:00","2026-02-28T02:31:18.2070000Z","","v3","4806","471388","9d219402a542450a8ca9d307da9f26b3","Freiter, Bennett","1000119083","Right","NOR_BIS","963ba4c6-eb40-490f-aba1-9121c6ff8326","53.93953","-119.48141","12.79699","5.07325","4.28461","-12.98484","-3.17673","6.24228","-5.12106",,,,,,,,,,,,,,,,,,,,,,,,,,,,,"80.41916","1.96561","0.694272","1.271338","-1.99131","4.02236","-1.33659","-0.84918","6.7566","-1.44051","127.28519","6.33794","0.54841","-0.66353","115.14311","-11.57125","6.74741","12.91638","-10.41005","-1.46017","0.46821","0.89127","High","High","High","","","High","High","High",,,,,,,,,,,,,,,,,,,,,,,,,,,,,,,,,,,"2026","02","28"
"256","2026-02-27","20:31:50.31","5","5","Shupe, Garrett","10013518","Right","NOR_BIS","Maisonet, Eric","835908","Left","MIZ_TIG","Undefined","7","Bottom","2","3","1","ChangeUp","Changeup","BallCalled","Walk","Undefined","Undefined","0","0","","84.04456","-0.604578","-4.743882","1734.904556","266.948845","3:00","5.03481","2.98907","6.44582","-37.05463","2.30851","17.11233","1.3895","0.04633","76.15895","-7.526727","-1.649965","0.451561",,,,,,,,,,,,"-10.37619","1.84799","-2.65884","50.0","4.97578","9.44933","-121.70755","-2.41917","-15.364","26.74737","-29.43771","MIZ_TIG","NOR_BIS","TaylorStadium","D1","SEC","20260227-TaylorStadium-1","a3699900-144d-11f1-8b2a-372dde908e8b","83.47147",,,"7.88561",,,,,,,"1b302c73-8876-476a-9477-a2ba524ff780","2026-02-28","02:31:50.31","2026-02-27T20:31:50.3159808-06:00","2026-02-28T02:31:50.3159808Z","","v3","4806","471388","9d219402a542450a8ca9d307da9f26b3","Freiter, Bennett","1000119083","Right","NOR_BIS","1a727b9b-e2ad-436d-81a1-048ec12001d7","54.05265","-122.59495","13.37368","5.03984","-1.4425","-14.71885","-2.9808","9.95907","-7.682",,,,,,,,,,,,,,,,,,,,,,,,,,,,,,,,,,,,,,,,,,,,,,,,,,,"High","High","High","","","","","",,,,,,,,,,,,,,,,,,,,,,,,,,,,,,,,,,,"2026","02","28"
"257","2026-02-27","20:32:55.38","6","1","Shupe, Garrett","10013518","Right","NOR_BIS","Patterson, Christopher","1000080435","Left","MIZ_TIG","Undefined","7","Bottom","2","0","0","Cutter","Slider","StrikeCalled","Undefined","Undefined","Undefined","0","0","","83.15198","0.298873","-3.532533","2286.613084","177.071207","12:00","5.18391","3.08677","6.09896","-32.43939","7.88914","-0.33713","2.75758","-0.21261","75.90233","-5.745988","-3.593077","0.457065",,,,,,,,,,,,"-0.84654","4.40296","-2.81449","50.0","5.19012","7.456","-120.56475","-0.3735","-1.24162","24.21143","-25.71616","MIZ_TIG","NOR_BIS","TaylorStadium","D1","SEC","20260227-TaylorStadium-1","ca1299d0-144d-11f1-8b2a-372dde908e8b","82.46632",,,"7.24965",,,,,,,"1b302c73-8876-476a-9477-a2ba524ff780","2026-02-28","02:32:55.38","2026-02-27T20:32:55.3807360-06:00","2026-02-28T02:32:55.3807360Z","","v3","4806","471388","9d219402a542450a8ca9d307da9f26b3","Freiter, Bennett","1000119083","Right","NOR_BIS","8769055d-c403-4f92-bcde-d2918303184b","54.39778","-121.44469","12.10572","5.18672","0.56113","-12.85808","-3.08629","7.50112","-0.62081",,,,,,,,,,,,,,,,,,,,,,,,,,,,,,,,,,,,,,,,,,,,,,,,,,,"High","High","High","","","","","",,,,,,,,,,,,,,,,,,,,,,,,,,,,,,,,,,,"2026","02","28"
"258","2026-02-27","20:33:15.03","6","2","Shupe, Garrett","10013518","Right","NOR_BIS","Patterson, Christopher","1000080435","Left","MIZ_TIG","Undefined","7","Bottom","2","0","1","Cutter","Slider","InPlay","Undefined","GroundBall","Error","0","1","","83.73975","0.631784","-3.638971","2317.550146","145.893093","10:45","5.17931","3.01634","6.05649","-34.64274","5.09717","-2.61169","2.87842","-0.57412","76.65905","-5.79277","-4.107419","0.453717","74.48285","-46.590247","-24.883416",,,,,"4.70005","4.70005","-7.957923","0.037027","0.32095","2.79776","-2.73188","50.0","5.20983","7.82424","-121.46615","0.24656","0.47853","24.22523","-28.00238","MIZ_TIG","NOR_BIS","TaylorStadium","D1","SEC","20260227-TaylorStadium-1","d5c6d110-144d-11f1-8b2a-372dde908e8b","83.07485","2.94972",,"7.08071",,,,"2.12347","2.94972","0.52341","1b302c73-8876-476a-9477-a2ba524ff780","2026-02-28","02:33:15.03","2026-02-27T20:33:15.0348800-06:00","2026-02-28T02:33:15.0348800Z","GroundBall","v3","4806","471388","9d219402a542450a8ca9d307da9f26b3","Freiter, Bennett","1000119083","Right","NOR_BIS","fe6478e9-566d-4059-abfc-3bc985ca106b","54.44336","-122.34912","12.11262","5.18224","1.2672","-14.00119","-3.01674","7.8068","0.23927",,"2.12192","68.36328",,,,,,,,"2.95153","-79.66294",,,,,,,,"0.52413","-31.70913",,,,,,,,,,,,,,,,,,,,,,,,,,,,,,"High","High","High","Estimated","Estimated","","","",,,,,,,,,,,,,,,,,,,,,,,,,,,,,,,,"75.35359","13.54342","2.68979","2026","02","28"
"259","2026-02-27","20:34:00.31","7","1","Shupe, Garrett","10013518","Right","NOR_BIS","Frost, Isaiah","801981","Left","MIZ_TIG","Undefined","7","Bottom","2","0","0","ChangeUp","Changeup","InPlay","Undefined","GroundBall","Single","0","2","","83.13013","-0.650619","-4.550894","1747.142333","249.319505","2:15","5.03053","3.02776","6.4033","-32.97376","7.14209","15.2769","1.68251","0.10718","75.56809","-6.830819","-1.791911","0.455858","104.30907","3.950554","7.334483","2644.976104",,,,"113.72355","113.72355","6.003478","0.831723","-9.37119","4.32213","-2.70782","50.0","4.96877","9.02744","-120.4516","-2.33396","-13.64815","25.29199","-25.87934","MIZ_TIG","NOR_BIS","TaylorStadium","D1","SEC","20260227-TaylorStadium-1","f0bb9aa0-144d-11f1-8b2a-372dde908e8b","82.68464","3.47939",,"7.56204",,,,"1.54805","1.72184","0.01853","1b302c73-8876-476a-9477-a2ba524ff780","2026-02-28","02:34:00.31","2026-02-27T20:34:00.3186688-06:00","2026-02-28T02:34:00.3186688Z","GroundBall","v3","4806","471388","9d219402a542450a8ca9d307da9f26b3","Freiter, Bennett","1000119083","Right","NOR_BIS","ddc3b368-7bd5-46b2-bdc9-ad16c8de15e9","54.09613","-121.30864","12.64599","5.033","-1.45701","-12.93967","-3.02156","9.48992","-6.82408","107.6312","1.64735","149.73986","-19.05188",,,,,,,"1.75319","10.02752","-14.6324",,,,,,,"0.05792","18.8319","-5.58248",,,,,,,,,,,,,,,,,,,,,,,,,,,,,"High","High","High","High","High","","","",,,,,,,,,,,,,,,,,,,,,,,,,,,,,,,,"75.57074","6.6565","6.82568","2026","02","28"
"260","2026-02-27","20:34:44.89","8","1","Shupe, Garrett","10013518","Right","NOR_BIS","Woita, Jase","831805","Left","MIZ_TIG","Undefined","7","Bottom","2","0","0","Slider","Slider","BallCalled","Undefined","Undefined","Undefined","0","0","","78.78222","0.292266","-4.516067","2322.403036","66.70253","8:15","5.02171","3.08219","5.83918","-45.54605","-0.18539","-3.6913","1.49869","-1.4314","72.47038","-8.046676","-5.174702","0.484743",,,,,,,,,,,,"0.6085","0.26303","-2.71134","50.0","5.0189","9.15221","-114.12622","-0.86763","0.80139","21.29212","-31.82763","MIZ_TIG","NOR_BIS","TaylorStadium","D1","SEC","20260227-TaylorStadium-1","0b6fffd0-144e-11f1-8b2a-372dde908e8b","77.75765",,,"6.31184",,,,,,,"1b302c73-8876-476a-9477-a2ba524ff780","2026-02-28","02:34:44.89","2026-02-27T20:34:44.8950272-06:00","2026-02-28T02:34:44.8950272Z","","v3","4806","471388","9d219402a542450a8ca9d307da9f26b3","Freiter, Bennett","1000119083","Right","NOR_BIS","26abce12-a492-41b6-b625-c7a9bd0c933a","54.66048","-114.99242","10.64606","5.02786","0.42717","-15.91382","-3.08301","9.1196","0.40069",,,,,,,,,,,,,,,,,,,,,,,,,,,,,,,,,,,,,,,,,,,,,,,,,,,"High","High","High","","","","","",,,,,,,,,,,,,,,,,,,,,,,,,,,,,,,,,,,"2026","02","28"
"261","2026-02-27","20:35:02.67","8","2","Shupe, Garrett","10013518","Right","NOR_BIS","Woita, Jase","831805","Left","MIZ_TIG","Undefined","7","Bottom","2","1","0","ChangeUp","Changeup","InPlay","Undefined","LineDrive","Single","0","1","","81.96638","0.578442","-4.787072","1821.273466","226.340516","1:30","5.00564","3.02663","6.49832","-27.95131","13.41308","12.50355","3.2092","-0.33573","73.88477","-4.738259","-2.529381","0.462897","102.44892","7.915812","23.481941","1241.077243","98.86884","9.43935","48.21696","179.9118","178.95327","28.120119","1.460677","-8.09461","7.26095","-2.6961","50.0","5.03404","9.48878","-118.66159","0.46365","-11.37689","25.7254","-21.96886","MIZ_TIG","NOR_BIS","TaylorStadium","D1","SEC","20260227-TaylorStadium-1","15f74fd0-144e-11f1-8b2a-372dde908e8b","81.42722","9.90406",,"8.08162",,,,"2.48159","3.36117","0.21749","1b302c73-8876-476a-9477-a2ba524ff780","2026-02-28","02:35:02.67","2026-02-27T20:35:02.6746368-06:00","2026-02-28T02:35:02.6746368Z","LineDrive","v3","4806","471388","9d219402a542450a8ca9d307da9f26b3","Freiter, Bennett","1000119083","Right","NOR_BIS","0e156ec1-c345-495b-8ddb-a81de86522e2","53.99964","-119.52556","12.8627","5.00608","1.20145","-10.98443","-3.02118","9.87086","-5.68845","254.715932","2.48159","136.50162","-27.20049","6.38994","-1.48689","0.33982","-0.07327","0.01202","-0.00101","3.36117","20.69306","-16.89458","0.88786","-0.06462","-0.00684","0.00341","1.0E-4","-1.3E-4","0.21748","59.30122","-0.24954","-0.87272","0.39817","-0.12625","0.0313","-0.00522","4.0E-4",,,,,,,,,,,,,,,,,,,,,,,"High","High","High","High","High","","","",,,,,,,,,,,,,,,,,,,,,,,,,,,,,,,,"76.63404","12.63567","15.89693","2026","02","28"
"262","2026-02-27","20:39:15.68","9","1","McCaleb, Connor","1000094054","Right","NOR_BIS","Macon, Tyler","823527","Right","MIZ_TIG","Undefined","7","Bottom","2","0","0","Sinker","Sinker","BallCalled","Undefined","Undefined","Undefined","0","0","","89.01659","-2.625097","-4.869053","2473.84244","244.829403","2:15","5.35053","0.84151","6.04444","-27.02958","8.85024","15.97686","0.65717","-2.34586","80.26744","-7.67943","-2.003856","0.431118",,,,,,,,,,,,"-9.73319","5.81756","-0.46946","50.0","5.13092","10.26838","-128.57451","-6.79948","-16.02577","30.73919","-22.59537","MIZ_TIG","NOR_BIS","TaylorStadium","D1","SEC","20260227-TaylorStadium-1","acce93a0-144e-11f1-8b2a-372dde908e8b","87.42942",,,"8.74915",,,,,,,"1b302c73-8876-476a-9477-a2ba524ff780","2026-02-28","02:39:15.68","2026-02-27T20:39:15.6886528-06:00","2026-02-28T02:39:15.6886528Z","","v3","4806","471388","9d219402a542450a8ca9d307da9f26b3","Freiter, Bennett","1000119083","Right","NOR_BIS","f0752436-c72a-496e-9c07-02caa4cbeeb3","54.4518","-129.63446","15.36959","5.35194","-6.02034","-11.29768","-0.83306","10.82098","-8.01289",,,,,,,,,,,,,,,,,,,,,,,,,,,,,,,,,,,,,,,,,,,,,,,,,,,"High","High","High","","","","","",,,,,,,,,,,,,,,,,,,,,,,,,,,,,,,,,,,"2026","02","28"
"263","2026-02-27","20:39:35.97","9","2","McCaleb, Connor","1000094054","Right","NOR_BIS","Macon, Tyler","823527","Right","MIZ_TIG","Undefined","7","Bottom","2","1","0","Curveball","Curveball","StrikeCalled","Undefined","Undefined","Undefined","0","0","","77.8978","2.527771","0.571659","2577.049361","54.671814","7:45","5.14108","1.32584","5.18745","-54.38023","-7.51378","-12.45627","2.98915","0.82564","72.07149","-7.304679","-1.636272","0.492722",,,,,,,,,,,,"6.33638","-3.93788","-1.36916","50.0","5.33436","-0.62723","-113.15106","3.05852","8.29093","18.85492","-37.32664","MIZ_TIG","NOR_BIS","TaylorStadium","D1","SEC","20260227-TaylorStadium-1","b8d334d0-144e-11f1-8b2a-372dde908e8b","76.49833",,,"5.82631",,,,,,,"1b302c73-8876-476a-9477-a2ba524ff780","2026-02-28","02:39:35.97","2026-02-27T20:39:35.9767040-06:00","2026-02-28T02:39:35.9767040Z","","v3","4806","471388","9d219402a542450a8ca9d307da9f26b3","Freiter, Bennett","1000119083","Right","NOR_BIS","16f99207-5425-4b30-9141-b5e0dd75ee81","55.31561","-114.03339","9.42746","5.15037","4.80524","-18.66332","-1.33073","-1.01521","4.14547",,,,,,,,,,,,,,,,,,,,,,,,,,,,,,,,,,,,,,,,,,,,,,,,,,,"High","High","High","","","","","",,,,,,,,,,,,,,,,,,,,,,,,,,,,,,,,,,,"2026","02","28"
"264","2026-02-27","20:39:52.06","9","3","McCaleb, Connor","1000094054","Right","NOR_BIS","Macon, Tyler","823527","Right","MIZ_TIG","Undefined","7","Bottom","2","1","1","Sinker","Sinker","FoulBallNotFieldable","Undefined","Undefined","Undefined","0","0","","90.26444","-0.845603","-2.590056","2565.463914","234.557207","1:45","5.35012","0.92331","6.04202","-22.94883","11.84768","14.79276","2.65394","-0.24365","80.91423","-5.195139","0.070637","0.42456",,,,,,,,,,,,"-8.49209","6.75764","-0.72923","50.0","5.27197","5.28581","-130.7971","-2.65556","-14.39843","33.05833","-20.71641","MIZ_TIG","NOR_BIS","TaylorStadium","D1","SEC","20260227-TaylorStadium-1","c25a04c0-144e-11f1-8b2a-372dde908e8b","88.77994",,,"9.35021",,,,,,,"1b302c73-8876-476a-9477-a2ba524ff780","2026-02-28","02:39:52.06","2026-02-27T20:39:52.0619008-06:00","2026-02-28T02:39:52.0619008Z","","v3","4806","471388","9d219402a542450a8ca9d307da9f26b3","Freiter, Bennett","1000119083","Right","NOR_BIS","77ae6f1c-7f2a-4a0e-96af-768c0a7a85b7","54.45487","-131.91824","16.52916","5.35012","-1.95299","-10.35821","-0.91677","5.77412","-7.19921",,,,,,,,,,,,,,,,,,,,,,,,,,,,,,,,,,,,,,,,,,,,,,,,,,,"High","High","High","","","","","",,,,,,,,,,,,,,,,,,,,,,,,,,,,,,,,,,,"2026","02","28"
"265","2026-02-27","20:40:14.39","9","4","McCaleb, Connor","1000094054","Right","NOR_BIS","Macon, Tyler","823527","Right","MIZ_TIG","Undefined","7","Bottom","2","1","2","Curveball","Curveball","StrikeSwinging","Strikeout","Undefined","Undefined","0","0","","78.80542","0.970744","-1.703274","2701.15137","28.627088","7:00","5.12968","1.24653","5.22511","-60.28377","-13.86052","-8.38343","1.01914","-1.05385","72.33026","-9.903247","-3.192607","0.490387",,,,,,,,,,,,"3.68394","-6.80398","-1.08291","50.0","5.17365","3.73782","-114.35986","-0.23175","4.83759","22.74563","-41.1088","MIZ_TIG","NOR_BIS","TaylorStadium","D1","SEC","20260227-TaylorStadium-1","cfc22d90-144e-11f1-8b2a-372dde908e8b","76.8626",,,"6.47515",,,,,,,"1b302c73-8876-476a-9477-a2ba524ff780","2026-02-28","02:40:14.39","2026-02-27T20:40:14.3925760-06:00","2026-02-28T02:40:14.3925760Z","","v3","4806","471388","9d219402a542450a8ca9d307da9f26b3","Freiter, Bennett","1000119083","Right","NOR_BIS","fd82b5be-83bf-415a-83f0-d8cf5673a81b","55.27785","-115.40482","11.37282","5.14091","1.65684","-20.5544","-1.24952","3.51558","2.4188",,,,,,,,,,,,,,,,,,,,,,,,,,,,,,,,,,,,,,,,,,,,,,,,,,,"High","High","High","","","","","",,,,,,,,,,,,,,,,,,,,,,,,,,,,,,,,,,,"2026","02","28"
"287","2026-02-27","20:53:59.48","1","1","McCaleb, Connor","1000094054","Right","NOR_BIS","Serna, Mateo","806219","Left","MIZ_TIG","Undefined","8","Bottom","0","0","0","Sinker","Sinker","BallCalled","Undefined","Undefined","Undefined","0","0","","88.74545","-1.791736","-2.202401","2485.92874","247.704958","2:15","5.39932","0.83349","6.13845","-28.51486","6.92473","13.95142","1.36542","-0.04032","80.78258","-7.110173","0.314947","0.428465",,,,,,,,,,,,"-7.86213","4.48709","-0.67243","50.0","5.24796","4.37933","-128.76786","-4.9631","-13.08673","28.8926","-24.70516","MIZ_TIG","NOR_BIS","TaylorStadium","D1","SEC","20260227-TaylorStadium-1","bb7f5720-1450-11f1-8b2a-372dde908e8b","87.97079",,,"7.96286",,,,,,,"1b302c73-8876-476a-9477-a2ba524ff780","2026-02-28","02:53:59.48","2026-02-27T20:53:59.4889216-06:00","2026-02-28T02:53:59.4889216Z","","v3","4806","471388","9d219402a542450a8ca9d307da9f26b3","Freiter, Bennett","1000119083","Right","NOR_BIS","9548763f-bcc3-4bc9-ba1d-10b9e7f28170","54.36003","-129.74246","14.4463","5.40132","-4.12975","-12.35258","-0.82761","4.82077","-6.54337",,,,,,,,,,,,,,,,,,,,,,,,,,,,,,,,,,,,,,,,,,,,,,,,,,,"High","High","High","","","","","",,,,,,,,,,,,,,,,,,,,,,,,,,,,,,,,,,,"2026","02","28"
"288","2026-02-27","20:54:15.01","1","2","McCaleb, Connor","1000094054","Right","NOR_BIS","Serna, Mateo","806219","Left","MIZ_TIG","Undefined","8","Bottom","0","1","0","Sinker","Sinker","InPlay","Undefined","GroundBall","Out","1","0","","90.32885","-1.32106","-1.646821","2571.833776","236.443218","2:00","5.25542","0.93858","6.11509","-24.46253","9.93217","13.12465","1.99471","0.50924","81.63686","-5.925489","0.719834","0.422102","99.39827","-13.02746","16.331745",,,,,"10.39432","9.58241","11.303582","0.062585","-7.33233","5.90469","-0.81916","50.0","5.14142","3.22379","-131.06452","-3.80809","-12.56456","31.54275","-22.05583","MIZ_TIG","NOR_BIS","TaylorStadium","D1","SEC","20260227-TaylorStadium-1","c4c79770-1450-11f1-8b2a-372dde908e8b","89.29701","2.05943",,"8.69199",,,,"1.65097","2.05943","-0.46555","1b302c73-8876-476a-9477-a2ba524ff780","2026-02-28","02:54:15.01","2026-02-27T20:54:15.0102016-06:00","2026-02-28T02:54:15.0102016Z","GroundBall","v3","4806","471388","9d219402a542450a8ca9d307da9f26b3","Freiter, Bennett","1000119083","Right","NOR_BIS","ba4f5ade-7fbf-4994-b36c-d917ac0f7f9a","54.38333","-132.11522","15.77138","5.25603","-3.0734","-11.02792","-0.93352","3.64232","-6.28228","180.0","1.64914","136.48214",,,,,,,,"2.05987","-32.90606",,,,,,,,"-0.46609","39.99227",,,,,,,,,,,,,,,,,,,,,,,,,,,,,,"High","High","High","Low","Low","","","",,,,,,,,,,,,,,,,,,,,,,,,,,,,,,,,,,,"2026","02","28"
"289","2026-02-27","20:54:50.28","2","1","McCaleb, Connor","1000094054","Right","NOR_BIS","Parker, Sam","806179","Left","MIZ_TIG","Undefined","8","Bottom","1","0","0","Fastball","Sinker","InPlay","Undefined","LineDrive","Single","0","0","","89.40015","-1.009355","-1.863317","2431.85437","227.098847","1:30","5.29882","0.80399","5.95759","-20.90978","14.82946","14.4417","2.61973","0.27892","79.75609","-5.002961","0.731489","0.430273","92.43657","10.811184","26.78185","1786.482524","95.75794","11.19508","54.13256","176.17465","175.11866","32.141027","1.592845","-8.11906","8.36882","-0.66426","50.0","5.20725","3.60427","-129.52481","-2.91471","-13.42144","33.84015","-18.33976","MIZ_TIG","NOR_BIS","TaylorStadium","D1","SEC","20260227-TaylorStadium-1","d9d10750-1450-11f1-8b2a-372dde908e8b","87.60127","11.7895",,"9.64407",,,,"3.10037","2.80839","-0.28473","1b302c73-8876-476a-9477-a2ba524ff780","2026-02-28","02:54:50.28","2026-02-27T20:54:50.2877184-06:00","2026-02-28T02:54:50.2877184Z","LineDrive","v3","4806","471388","9d219402a542450a8ca9d307da9f26b3","Freiter, Bennett","1000119083","Right","NOR_BIS","8dc180a5-c393-4e43-b85c-2b80ba5024bd","54.53942","-130.70541","16.92008","5.29777","-2.27488","-9.16988","-0.79817","4.07251","-6.71072","262.119335","3.10038","118.88183","-23.62671","5.61621","-1.25172","0.22951","-0.0049","-0.01581","0.00379","2.80839","25.43035","-18.97849","1.56503","-0.36617","0.19638","-0.13616","0.0575","-0.01006","-0.28473","60.00459","-0.67506","-0.0268","0.03653","0.03873","-0.05032","0.02399","-0.00436",,,,,,,,,,,,,,,,,,,,,,,"High","High","High","High","High","","","",,,,,,,,,,,,,,,,,,,,,,,,,,,,,,,,"75.56361","14.90186","22.41015","2026","02","28"
"290","2026-02-27","20:55:29.58","3","1","McCaleb, Connor","1000094054","Right","NOR_BIS","Knutson, Keegan","821322","Right","MIZ_TIG","Undefined","8","Bottom","1","0","0","Fastball","Four-Seam","InPlay","Undefined","GroundBall","FieldersChoice","1","0","","89.60347","-0.594761","-1.518361","2433.394647","225.255926","1:30","5.30782","0.94017","5.98899","-20.60308","14.86737","13.6106","3.03947","0.66685","80.01161","-4.534142","0.928799","0.428652","70.49934","2.617314","10.552364","2074.202392",,,,"58.91305","58.91305","12.068208","0.602983","-7.508","8.22729","-0.82782","50.0","5.24979","2.85703","-129.85426","-1.96506","-12.49965","33.51743","-18.47689","MIZ_TIG","NOR_BIS","TaylorStadium","D1","SEC","20260227-TaylorStadium-1","f13900a0-1450-11f1-8b2a-372dde908e8b","87.93251","3.34203",,"9.59187",,,,"0.99326","3.00823","-0.67465","1b302c73-8876-476a-9477-a2ba524ff780","2026-02-28","02:55:29.58","2026-02-27T20:55:29.5811584-06:00","2026-02-28T02:55:29.5811584Z","GroundBall","v3","4806","471388","9d219402a542450a8ca9d307da9f26b3","Freiter, Bennett","1000119083","Right","NOR_BIS","2c4b6e95-0c30-45a9-85b3-637b4d012c17","54.50668","-131.01234","16.75871","5.30665","-1.32665","-9.23845","-0.934","3.28892","-6.24983","271.276901","1.00933","101.18484","-12.17328",,,,,,,"3.02009","4.45809","-15.73081",,,,,,,"-0.68666","19.18563","3.97836",,,,,,,,,,,,,,,,,,,,,,,,,,,,,"High","High","High","High","High","","","",,,,,,,,,,,,,,,,,,,,,,,,,,,,,,,,"58.53616","2.62262","3.88266","2026","02","28"
"291","2026-02-27","20:56:09.86","4","1","McCaleb, Connor","1000094054","Right","NOR_BIS","Benson, Cameron","813272","Left","MIZ_TIG","Undefined","8","Bottom","2","0","0","Fastball","Sinker","BallCalled","Undefined","Undefined","Undefined","0","0","","89.701","-1.570841","-3.14781","2452.461626","230.709619","1:45","5.2866","0.75909","5.96602","-22.0373","13.27583","14.60497","1.99113","-0.9454","80.59978","-5.744586","-0.526231","0.4277",,,,,,,,,,,,"-8.47469","7.70591","-0.51717","50.0","5.1498","6.50517","-129.86873","-4.2543","-14.21011","31.81411","-19.25304","MIZ_TIG","NOR_BIS","TaylorStadium","D1","SEC","20260227-TaylorStadium-1","0940e370-1451-11f1-8b2a-372dde908e8b","88.12815",,,"9.10122",,,,,,,"1b302c73-8876-476a-9477-a2ba524ff780","2026-02-28","02:56:09.86","2026-02-27T20:56:09.8626560-06:00","2026-02-28T02:56:09.8626560Z","","v3","4806","471388","9d219402a542450a8ca9d307da9f26b3","Freiter, Bennett","1000119083","Right","NOR_BIS","944907e6-2fc1-4601-99f5-280c60be630d","54.5296","-130.97365","15.90706","5.28594","-3.58563","-9.62652","-0.75167","6.99869","-7.10506",,,,,,,,,,,,,,,,,,,,,,,,,,,,,,,,,,,,,,,,,,,,,,,,,,,"High","High","High","","","","","",,,,,,,,,,,,,,,,,,,,,,,,,,,,,,,,,,,"2026","02","28"
"292","2026-02-27","20:56:32.50","4","2","McCaleb, Connor","1000094054","Right","NOR_BIS","Benson, Cameron","813272","Left","MIZ_TIG","Undefined","8","Bottom","2","1","0","Curveball","Curveball","BallCalled","Undefined","Undefined","Undefined","0","0","","79.43831","1.96262","0.288876","2522.965324","51.060929","7:45","5.052","1.36332","5.2372","-50.8892","-5.24559","-8.3478","2.65668","0.93919","72.42797","-7.294387","-1.192555","0.486252",,,,,,,,,,,,"4.21713","-2.66591","-1.38357","50.0","5.19496","-0.23168","-115.20841","2.11305","5.63274","22.64568","-35.73483","MIZ_TIG","NOR_BIS","TaylorStadium","D1","SEC","20260227-TaylorStadium-1","16b408c0-1451-11f1-8b2a-372dde908e8b","77.51628",,,"7.01034",,,,,,,"1b302c73-8876-476a-9477-a2ba524ff780","2026-02-28","02:56:32.50","2026-02-27T20:56:32.5072384-06:00","2026-02-28T02:56:32.5072384Z","","v3","4806","471388","9d219402a542450a8ca9d307da9f26b3","Freiter, Bennett","1000119083","Right","NOR_BIS","80f37093-3b95-45c1-a8f3-6a8406e70357","55.26189","-116.2381","11.32284","5.06194","3.73789","-17.86742","-1.36721","-0.4878","2.81637",,,,,,,,,,,,,,,,,,,,,,,,,,,,,,,,,,,,,,,,,,,,,,,,,,,"High","High","High","","","","","",,,,,,,,,,,,,,,,,,,,,,,,,,,,,,,,,,,"2026","02","28"
"293","2026-02-27","20:56:53.04","4","3","McCaleb, Connor","1000094054","Right","NOR_BIS","Benson, Cameron","813272","Left","MIZ_TIG","Undefined","8","Bottom","2","2","0","Sinker","Sinker","FoulBallNotFieldable","Undefined","Undefined","Undefined","0","0","","88.35568","-0.638981","-2.032115","2476.814797","245.619118","2:15","5.22756","0.90239","6.30879","-27.69919","7.765","14.49906","2.33027","0.23784","80.32194","-5.841595","0.591201","0.428614","70.5021","15.359206","-172.63382","2517.99013","-107.53109","9.40382","-23.17385","144.61341","40.74943","-166.66038","1.682543","-8.19926","4.57425","-0.76027","50.0","5.16747","3.9861","-128.33149","-2.29403","-13.55274","28.74839","-24.61315","MIZ_TIG","NOR_BIS","TaylorStadium","D1","SEC","20260227-TaylorStadium-1","22e73400-1451-11f1-8b2a-372dde908e8b","87.94028","12.9399",,"8.03374",,,,"2.59387","2.53193","-0.3631","1b302c73-8876-476a-9477-a2ba524ff780","2026-02-28","02:56:53.04","2026-02-27T20:56:53.0410496-06:00","2026-02-28T02:56:53.0410496Z","LineDrive","v3","4806","471388","9d219402a542450a8ca9d307da9f26b3","Freiter, Bennett","1000119083","Right","NOR_BIS","a8475748-1346-467a-b11b-17f2a043239d","54.19094","-129.26692","14.37419","5.22908","-1.49315","-12.30658","-0.89715","4.42709","-6.77637","271.395553","2.45136","-97.70624","7.54157",,,,,,,"2.71973","25.87405","-16.39914",,,,,,,"-0.1807","-14.29334","-3.28176",,,,,,,,,,,,,,,,,,,,,,,,,,,,,"High","High","High","High","Low","","","",,,,,,,,,,,,,,,,,,,,,,,,,,,,,,,,"71.06559","9.21127","12.01447","2026","02","28"
"294","2026-02-27","20:57:20.99","4","4","McCaleb, Connor","1000094054","Right","NOR_BIS","Benson, Cameron","813272","Left","MIZ_TIG","Undefined","8","Bottom","2","2","1","Fastball","Four-Seam","InPlay","Undefined","LineDrive","Single","1","0","","88.54337","-1.212076","-1.140038","2387.188418","228.254975","1:30","5.20075","1.05343","5.90238","-24.04852","12.31162","12.24233","2.07114","1.01518","79.39849","-5.753526","1.05876","0.433995","90.29047","16.928771","-5.726112","3276.672021","108.75929","28.31539","-16.47438","275.30248","275.30248","-12.037181","3.283721","-6.69115","7.11441","-0.96896","50.0","5.0898","2.03922","-128.3453","-3.47922","-10.90538","32.23208","-20.57877","MIZ_TIG","NOR_BIS","TaylorStadium","D1","SEC","20260227-TaylorStadium-1","33922bc0-1451-11f1-8b2a-372dde908e8b","86.85003","32.25069",,"9.14489",,,,"1.76238","2.13702","-1.014","1b302c73-8876-476a-9477-a2ba524ff780","2026-02-28","02:57:20.99","2026-02-27T20:57:20.9957888-06:00","2026-02-28T02:57:20.9957888Z","LineDrive","v3","4806","471388","9d219402a542450a8ca9d307da9f26b3","Freiter, Bennett","1000119083","Right","NOR_BIS","106be5f8-b3e3-4741-ad2b-7dbcf667f325","54.59474","-129.49406","16.11604","5.20073","-2.74579","-10.28939","-1.04857","2.42789","-5.45269","149.44381","1.76254","126.05212","-23.23101","4.87914","-0.97185","0.19812","-0.04056","0.00607","-4.1E-4","2.13676","38.5652","-12.36356","-0.1843","0.21535","-0.09797","0.03385","-0.006","4.2E-4","-1.01382","-12.64273","-4.08536","1.68101","-0.52389","0.17143","-0.04936","0.00865","-6.4E-4",,,,,,,,,,,,,,,,,,,,,,,"High","High","High","High","High","","","",,,,,,,,,,,,,,,,,,,,,,,,,,,,,,,,,,,"2026","02","28"
"22","2026-02-28","13:12:12.87","1","1","Marks, Brayden","1000138334","Right","NOR_BIS","Macon, Tyler","823527","Right","MIZ_TIG","Undefined","1","Bottom","0","0","0","Fastball","Sinker","BallCalled","Undefined","Undefined","Undefined","0","0","","88.74715","-2.685616","-2.731393","2017.833171","234.75857","1:45","5.65853","1.10197","6.02015","-23.32029","12.14375","15.54391","1.22297","-0.13458","81.15713","-7.047386","0.064615","0.428613",,,,,,,,,,,,"-8.76052","7.36512","-0.89621","50.0","5.43514","5.49481","-128.68705","-6.78233","-14.65756","27.26493","-19.85118","MIZ_TIG","NOR_BIS","TaylorStadium","D1","SEC","20260228-TaylorStadium-1","636b9650-14d9-11f1-9d47-ad81a36dfdfe","87.94044",,,"7.59003",,,,,,,"d5e8cf87-b751-4c50-b9dc-f6258004ecf5","2026-02-28","19:12:12.87","2026-02-28T13:12:12.8748544-06:00","2026-02-28T19:12:12.8748544Z","","v3","4806","471388","ae4075840dfa411e9b4d026302d1ad63","Freiter, Bennett","1000119083","Right","NOR_BIS","8413a227-9c9e-4e0b-bb54-ae00f8fe5ef5","54.47887","-129.63252","13.63247","5.6584","-6.09395","-9.92559","-1.09556","6.00309","-7.32878",,,,,,,,,,,,,,,,,,,,,,,,,,,,,,,,,,,,,,,,,,,,,,,,,,,"High","High","High","","","","","",,,,,,,,,,,,,,,,,,,,,,,,,,,,,,,,,,,"2026","02","28"
"23","2026-02-28","13:12:28.25","1","2","Marks, Brayden","1000138334","Right","NOR_BIS","Macon, Tyler","823527","Right","MIZ_TIG","Undefined","1","Bottom","0","1","0","Fastball","Sinker","InPlay","Undefined","LineDrive","Single","0","0","","88.65718","-2.182927","-3.075547","2074.283716","233.89714","1:45","5.51415","1.10418","6.14612","-23.16954","12.23457","15.16816","1.56233","-0.4765","80.9045","-6.536972","-0.34248","0.428251","95.5764","12.57722","5.919407","1666.65331","108.76673","16.69454","16.42444","225.03017","225.03017","11.179817","2.172477","-8.7404","7.30843","-0.87756","50.0","5.33573","6.29494","-128.58079","-5.6219","-14.57559","27.63548","-19.98644","MIZ_TIG","NOR_BIS","TaylorStadium","D1","SEC","20260228-TaylorStadium-1","6c930830-14d9-11f1-9d47-ad81a36dfdfe","88.01485","16.90078",,"7.75268",,,,"0.9307","1.56659","0.48386","d5e8cf87-b751-4c50-b9dc-f6258004ecf5","2026-02-28","19:12:28.25","2026-02-28T13:12:28.2526208-06:00","2026-02-28T19:12:28.2526208Z","LineDrive","v3","4806","471388","ae4075840dfa411e9b4d026302d1ad63","Freiter, Bennett","1000119083","Right","NOR_BIS","fdebf7a2-92f9-4a29-81ff-f5b0d872df20","54.35322","-129.51304","13.81774","5.514","-4.94769","-9.99322","-1.09821","6.78663","-7.2878","235.551043","0.9307","136.08513","-22.74196","4.51567","-0.95091","0.18836","-0.03473","0.00484","-3.3E-4","1.56659","30.52461","-16.06196","0.95997","-0.11808","0.01622","-9.1E-4","1.7E-4","-3.0E-5","0.48386","14.10969","5.11774","-1.91995","0.56245","-0.1386","0.02845","-0.00406","2.8E-4",,,,,,,,,,,,,,,,,,,,,,,"High","High","High","High","High","","","",,,,,,,,,,,,,,,,,,,,,,,,,,,,,,,,,,,"2026","02","28"
"24","2026-02-28","13:13:06.80","2","1","Marks, Brayden","1000138334","Right","NOR_BIS","Woita, Jase","831805","Left","MIZ_TIG","Undefined","1","Bottom","0","0","0","Fastball","Sinker","StrikeCalled","Undefined","Undefined","CaughtStealing","1","0","","89.59439","-0.971616","-1.736082","2050.792955","232.753337","1:45","5.6385","1.36032","5.79674","-22.5034","12.55012","14.99146","2.85897","0.9943","81.61785","-5.189383","0.950012","0.426125",,,,,,,,,,,,"-8.12071","7.02634","-1.22647","50.0","5.54521","3.28948","-130.04453","-2.94742","-13.85085","28.29062","-20.18978","MIZ_TIG","NOR_BIS","TaylorStadium","D1","SEC","20260228-TaylorStadium-1","838c8840-14d9-11f1-9d47-ad81a36dfdfe","88.45392",,,"7.97654",,,,,,,"d5e8cf87-b751-4c50-b9dc-f6258004ecf5","2026-02-28","19:13:06.80","2026-02-28T13:13:06.8010000-06:00","2026-02-28T19:13:06.8010000Z","","v3","4806","471388","ae4075840dfa411e9b4d026302d1ad63","Freiter, Bennett","1000119083","Right","NOR_BIS","92b9961f-92e3-404c-a195-e7c659a97cfe","54.70147","-131.06332","14.14531","5.63826","-2.22035","-10.09489","-1.35391","3.78827","-6.92543",,,,,,,,,,,,,,,,,,,,,,,,,,,,,"81.12276","1.933833","0.693965","1.239868","-1.28181","2.60805","-1.04225","-0.29558","6.75178","-1.48014","127.28264","3.04498","3.1702","-0.12171","116.62921","-11.31749","6.73217","8.96127","-9.61556","-1.48284","3.70006","0.0444","High","High","High","","","High","Medium","High",,,,,,,,,,,,,,,,,,,,,,,,,,,,,,,,,,,"2026","02","28"
"25","2026-02-28","13:13:39.05","2","2","Marks, Brayden","1000138334","Right","NOR_BIS","Woita, Jase","831805","Left","MIZ_TIG","Undefined","1","Bottom","1","0","1","ChangeUp","Changeup","BallCalled","Undefined","Undefined","Undefined","0","0","","81.10686","-1.674455","-2.988291","1483.652599","251.325084","2:30","5.30991","1.32932","6.52442","-35.51644","6.58071","14.99217","0.81145","-0.16542","73.58713","-8.335968","-0.264075","0.466979",,,,,,,,,,,,"-8.78697","4.4574","-1.12713","50.0","5.17844","5.60043","-117.62575","-4.44398","-12.12333","25.48001","-26.02421","MIZ_TIG","NOR_BIS","TaylorStadium","D1","SEC","20260228-TaylorStadium-1","96d81b80-14d9-11f1-9d47-ad81a36dfdfe","80.71542",,,"7.51973",,,,,,,"d5e8cf87-b751-4c50-b9dc-f6258004ecf5","2026-02-28","19:13:39.05","2026-02-28T13:13:39.0507520-06:00","2026-02-28T19:13:39.0507520Z","","v3","4806","471388","ae4075840dfa411e9b4d026302d1ad63","Freiter, Bennett","1000119083","Right","NOR_BIS","188f1a26-7ccc-46b5-8a8e-0d56d37520f2","53.97317","-118.48328","12.74","5.31326","-3.56812","-13.01211","-1.32248","6.00845","-6.06166",,,,,,,,,,,,,,,,,,,,,,,,,,,,,,,,,,,,,,,,,,,,,,,,,,,"High","High","High","","","","","",,,,,,,,,,,,,,,,,,,,,,,,,,,,,,,,,,,"2026","02","28"
"26","2026-02-28","13:13:54.72","2","3","Marks, Brayden","1000138334","Right","NOR_BIS","Woita, Jase","831805","Left","MIZ_TIG","Undefined","1","Bottom","1","1","1","Curveball","Curveball","BallCalled","Undefined","Undefined","Undefined","0","0","","77.02204","-1.911206","-2.48377","2442.873597","12.45102","6:30","5.77964","1.26225","5.51212","-53.50495","-5.66477","-1.57193","-0.46865","-1.19282","71.53604","-11.557373","-2.764811","0.497815",,,,,,,,,,,,"0.10677","-2.03969","-1.04446","50.0","5.57614","4.90547","-111.7715","-5.48226","0.1349","20.39171","-34.75096","MIZ_TIG","NOR_BIS","TaylorStadium","D1","SEC","20260228-TaylorStadium-1","a02e8ca0-14d9-11f1-9d47-ad81a36dfdfe","75.71576",,,"5.48599",,,,,,,"d5e8cf87-b751-4c50-b9dc-f6258004ecf5","2026-02-28","19:13:54.72","2026-02-28T13:13:54.7270656-06:00","2026-02-28T19:13:54.7270656Z","","v3","4806","471388","ae4075840dfa411e9b4d026302d1ad63","Freiter, Bennett","1000119083","Right","NOR_BIS","cadcf675-90e1-4674-9ee6-a802ac65c2c4","54.99075","-112.67834","10.19585","5.78558","-3.93685","-17.37548","-1.26248","4.89947","0.06745",,,,,,,,,,,,,,,,,,,,,,,,,,,,,,,,,,,,,,,,,,,,,,,,,,,"High","High","High","","","","","",,,,,,,,,,,,,,,,,,,,,,,,,,,,,,,,,,,"2026","02","28"
"27","2026-02-28","13:14:14.75","2","4","Marks, Brayden","1000138334","Right","NOR_BIS","Woita, Jase","831805","Left","MIZ_TIG","Undefined","1","Bottom","1","2","1","Fastball","Sinker","BallCalled","Undefined","Undefined","Undefined","0","0","","89.07355","0.039734","-1.587958","1976.23783","230.307724","1:45","5.59813","1.2674","6.00094","-24.48911","10.95556","11.70772","3.59421","0.77128","80.48871","-4.574537","0.517471","0.428496",,,,,,,,,,,,"-6.45233","5.98394","-1.14853","50.0","5.58799","3.0774","-129.23157","-0.69622","-10.78348","29.88513","-22.17334","MIZ_TIG","NOR_BIS","TaylorStadium","D1","SEC","20260228-TaylorStadium-1","ac040780-14d9-11f1-9d47-ad81a36dfdfe","87.9645",,,"8.58484",,,,,,,"d5e8cf87-b751-4c50-b9dc-f6258004ecf5","2026-02-28","19:14:14.75","2026-02-28T13:14:14.7510272-06:00","2026-02-28T19:14:14.7510272Z","","v3","4806","471388","ae4075840dfa411e9b4d026302d1ad63","Freiter, Bennett","1000119083","Right","NOR_BIS","209e45c4-a1a2-4b30-9b31-fc18f3ba8fb0","54.49496","-130.26689","14.94257","5.5988","0.07194","-11.08667","-1.26162","3.45098","-5.39174",,,,,,,,,,,,,,,,,,,,,,,,,,,,,,,,,,,,,,,,,,,,,,,,,,,"High","High","High","","","","","",,,,,,,,,,,,,,,,,,,,,,,,,,,,,,,,,,,"2026","02","28"
"28","2026-02-28","13:14:31.17","2","5","Marks, Brayden","1000138334","Right","NOR_BIS","Woita, Jase","831805","Left","MIZ_TIG","Undefined","1","Bottom","1","3","1","Sinker","Sinker","InPlay","Undefined","GroundBall","Single","0","0","","88.67962","-0.744012","-2.925085","2026.496743","247.032801","2:15","5.56087","1.17452","6.06985","-27.8197","7.95327","15.75769","2.55313","-0.22151","80.12971","-5.957845","-0.089398","0.430476","104.05311","-7.421902","9.201759",,,,,"19.92136","19.86169","8.927826","0.118203","-9.0893","4.6952","-0.95626","50.0","5.48844","5.925","-128.59039","-2.57627","-15.00222","30.20917","-24.42444","MIZ_TIG","NOR_BIS","TaylorStadium","D1","SEC","20260228-TaylorStadium-1","b5e94b20-14d9-11f1-9d47-ad81a36dfdfe","87.55992","2.63259",,"8.54991",,,,"2.37952","2.63259","0.17917","d5e8cf87-b751-4c50-b9dc-f6258004ecf5","2026-02-28","19:14:31.17","2026-02-28T13:14:31.1733760-06:00","2026-02-28T19:14:31.1733760Z","GroundBall","v3","4806","471388","ae4075840dfa411e9b4d026302d1ad63","Freiter, Bennett","1000119083","Right","NOR_BIS","c2cd1208-65b2-4f07-ac7b-6ba1cd81230a","54.42909","-129.62672","15.10459","5.56245","-1.73839","-12.21222","-1.16835","6.43966","-7.50111","319.299887","2.37982","149.35157","-25.32505",,,,,,,"2.63286","-19.74453","-21.42048",,,,,,,"0.17905","24.21331","3.62095",,,,,,,,,,,,,,,,,,,,,,,,,,,,,"High","High","High","High","High","","","",,,,,,,,,,,,,,,,,,,,,,,,,,,,,,,,"82.5167","7.57027","3.06457","2026","02","28"
"29","2026-02-28","13:15:11.81","3","1","Marks, Brayden","1000138334","Right","NOR_BIS","Serna, Mateo","806219","Left","MIZ_TIG","Undefined","1","Bottom","1","0","0","Fastball","Sinker","BallCalled","Undefined","Undefined","Undefined","0","0","","88.2517","0.188745","-0.930439","1980.764159","231.575894","1:45","5.62426","1.25753","5.891","-26.87895","9.24843","10.11855","3.55962","1.23675","80.0469","-4.840499","0.886064","0.432603",,,,,,,,,,,,"-5.4037","5.05402","-1.18809","50.0","5.62423","1.64175","-128.08568","-0.47281","-8.90349","28.47926","-23.84672","MIZ_TIG","NOR_BIS","TaylorStadium","D1","SEC","20260228-TaylorStadium-1","ce1b7240-14d9-11f1-9d47-ad81a36dfdfe","87.12938",,,"8.20481",,,,,,,"d5e8cf87-b751-4c50-b9dc-f6258004ecf5","2026-02-28","19:15:11.81","2026-02-28T13:15:11.8172160-06:00","2026-02-28T19:15:11.8172160Z","","v3","4806","471388","ae4075840dfa411e9b4d026302d1ad63","Freiter, Bennett","1000119083","Right","NOR_BIS","7b88cca9-1839-4be5-8171-329274651869","54.60503","-129.10553","14.23963","5.62587","0.38115","-11.92336","-1.25259","1.96058","-4.45175",,,,,,,,,,,,,,,,,,,,,,,,,,,,,,,,,,,,,,,,,,,,,,,,,,,"High","High","High","","","","","",,,,,,,,,,,,,,,,,,,,,,,,,,,,,,,,,,,"2026","02","28"
"30","2026-02-28","13:15:26.82","3","2","Marks, Brayden","1000138334","Right","NOR_BIS","Serna, Mateo","806219","Left","MIZ_TIG","Undefined","1","Bottom","1","1","0","ChangeUp","Changeup","InPlay","Undefined","LineDrive","Single","0","0","","79.35946","0.385307","-2.209285","1454.615057","255.559602","2:30","5.34698","1.56406","6.57897","-38.09156","5.67803","16.03363","2.52609","0.87439","71.8524","-6.787805","0.706779","0.476165","94.85431","17.493299","4.432806","823.974605","109.63779","27.57432","8.91787","269.75","269.75","5.077421","2.864845","-9.16701","3.29244","-1.41882","50.0","5.35765","3.89783","-115.24864","-0.26184","-12.13819","24.51657","-27.81446","MIZ_TIG","NOR_BIS","TaylorStadium","D1","SEC","20260228-TaylorStadium-1","d8774570-14d9-11f1-9d47-ad81a36dfdfe","79.15832","30.02653",,"7.50705",,,,"1.48955","2.53793","-0.86766","d5e8cf87-b751-4c50-b9dc-f6258004ecf5","2026-02-28","19:15:26.82","2026-02-28T13:15:26.8213760-06:00","2026-02-28T19:15:26.8213760Z","LineDrive","v3","4806","471388","ae4075840dfa411e9b4d026302d1ad63","Freiter, Bennett","1000119083","Right","NOR_BIS","2a9aebac-a99f-4f37-a000-a9d30969b306","53.9202","-116.07958","12.25829","5.35055","0.68088","-13.90723","-1.5579","4.30923","-6.06909","202.684226","1.48952","132.29329","-22.45108","5.10339","-1.25189","0.38334","-0.11573","0.02194","-0.00175","2.53795","41.81455","-16.85525","0.69286","0.13634","-0.1578","0.06972","-0.01462","0.00123","-0.86764","10.25061","0.98107","-1.25422","0.58025","-0.27048","0.09633","-0.01934","0.00161",,,,,,,,,,,,,,,,,,,,,,,"High","High","High","High","High","","","",,,,,,,,,,,,,,,,,,,,,,,,,,,,,,,,"57.55394","18.31359","2.80322","2026","02","28"
"31","2026-02-28","13:16:16.28","4","1","Marks, Brayden","1000138334","Right","NOR_BIS","Ward, Blaize","1000263242","Left","MIZ_TIG","Undefined","1","Bottom","1","0","0","Sinker","Sinker","InPlay","Undefined","FlyBall","Sacrifice","1","1","","88.93217","-0.83666","-2.201987","1928.439238","244.899454","2:15","5.62299","1.32041","6.00946","-27.37009","8.06237","14.64737","2.56641","0.50002","80.80845","-5.950354","0.433095","0.428422","84.62222","31.910254","-25.760466","4435.372062","93.14839","55.73436","-58.50925","290.87865","183.7865","-40.097635","4.137086","-8.19103","4.75559","-1.15539","50.0","5.54239","4.35077","-129.06418","-2.79209","-13.70089","28.95609","-24.21955","MIZ_TIG","NOR_BIS","TaylorStadium","D1","SEC","20260228-TaylorStadium-1","f47c94a0-14d9-11f1-9d47-ad81a36dfdfe","87.97968","62.97758",,"8.12372",,,,"0.43278","2.47381","-0.4559","d5e8cf87-b751-4c50-b9dc-f6258004ecf5","2026-02-28","19:16:16.28","2026-02-28T13:16:16.2848256-06:00","2026-02-28T19:16:16.2848256Z","FlyBall","v3","4806","471388","ae4075840dfa411e9b4d026302d1ad63","Freiter, Bennett","1000119083","Right","NOR_BIS","12da6dfa-957c-4b4c-8692-a21b059ceab4","54.48916","-130.06745","14.47804","5.62459","-1.95294","-12.10978","-1.31436","4.82547","-6.85044","133.306706","0.4327","94.89039","-22.17414","6.00085","-1.47812","0.37091","-0.0865","0.01332","-8.7E-4","2.47526","65.56458","-19.29361","0.44198","0.56591","-0.33858","0.10005","-0.01461","8.3E-4","-0.45596","-45.78754","-1.86379","1.49268","-0.55578","0.14919","-0.02852","0.00324","-1.6E-4",,,,,,,,,,,,,,,,,,,,,,,"High","High","High","High","Medium","","","",,,,,,,,,,,,,,,,,,,,,,,,,,,,,,,,"60.70419","4.9819","0.03526","2026","02","28"
"32","2026-02-28","13:17:01.39","5","1","Marks, Brayden","1000138334","Right","NOR_BIS","Benson, Cameron","813272","Left","MIZ_TIG","Undefined","1","Bottom","2","0","0","ChangeUp","Changeup","InPlay","Undefined","GroundBall","Single","0","0","","79.17669","-0.554943","-3.143899","1607.618563","237.166711","2:00","5.37887","1.43281","6.36802","-33.97049","10.13788","13.39938","2.03657","-0.34643","72.13852","-6.932338","-0.719741","0.478004",,,,,,,,,,,,"-7.98556","5.87461","-1.21166","50.0","5.32288","5.84914","-114.91194","-2.04748","-10.59118","22.90393","-24.38261","MIZ_TIG","NOR_BIS","TaylorStadium","D1","SEC","20260228-TaylorStadium-1","0f609550-14da-11f1-9d47-ad81a36dfdfe","78.85376",,,"7.03816",,,,,,,"d5e8cf87-b751-4c50-b9dc-f6258004ecf5","2026-02-28","19:17:01.39","2026-02-28T13:17:01.3948416-06:00","2026-02-28T19:17:01.3948416Z","","v3","4806","471388","ae4075840dfa411e9b4d026302d1ad63","Freiter, Bennett","1000119083","Right","NOR_BIS","20dc4961-e127-485a-8bf6-3ae249fa9426","54.13165","-115.73251","11.45197","5.38059","-1.17393","-12.1913","-1.42801","6.22859","-5.29559",,,,,,,,,,,,,,,,,,,,,,,,,,,,,,,,,,,,,,,,,,,,,,,,,,,"High","High","High","","","","","",,,,,,,,,,,,,,,,,,,,,,,,,,,,,,,,,,,"2026","02","28"
"33","2026-02-28","13:17:45.85","6","1","Marks, Brayden","1000138334","Right","NOR_BIS","George, Jamal","805322","Right","MIZ_TIG","Undefined","1","Bottom","2","0","0","Slider","Slider","BallCalled","Undefined","Undefined","Undefined","0","0","","80.50262","0.511601","-2.760237","2194.439723","125.146005","10:15","5.38181","1.4925","5.8848","-39.85597","3.79768","-3.25843","2.53613","-1.34421","73.09119","-6.86779","-3.344063","0.475534",,,,,,,,,,,,"0.79098","2.2813","-1.26785","50.0","5.40065","5.75401","-116.68472","-0.23157","1.07791","24.33008","-29.06527","MIZ_TIG","NOR_BIS","TaylorStadium","D1","SEC","20260228-TaylorStadium-1","29e6be90-14da-11f1-9d47-ad81a36dfdfe","79.2634",,,"7.41143",,,,,,,"d5e8cf87-b751-4c50-b9dc-f6258004ecf5","2026-02-28","19:17:45.85","2026-02-28T13:17:45.8571264-06:00","2026-02-28T19:17:45.8571264Z","","v3","4806","471388","ae4075840dfa411e9b4d026302d1ad63","Freiter, Bennett","1000119083","Right","NOR_BIS","37b7b565-9c0f-419f-878e-22e629f8b9cb","54.61129","-117.6423","12.16504","5.38725","0.91237","-14.53263","-1.49348","5.71158","0.53896",,,,,,,,,,,,,,,,,,,,,,,,,,,,,,,,,,,,,,,,,,,,,,,,,,,"High","High","High","","","","","",,,,,,,,,,,,,,,,,,,,,,,,,,,,,,,,,,,"2026","02","28"
"34","2026-02-28","13:18:08.05","6","2","Marks, Brayden","1000138334","Right","NOR_BIS","George, Jamal","805322","Right","MIZ_TIG","Undefined","1","Bottom","2","1","0","Slider","Slider","BallCalled","Undefined","Undefined","Undefined","0","0","","79.73572","0.730892","-2.867368","2284.6045","54.75328","7:45","5.40123","1.50495","5.89655","-44.72483","-0.31862","-2.5737","2.35362","-1.37383","72.59955","-7.515949","-3.328749","0.479616",,,,,,,,,,,,"0.42614","0.11417","-1.2726","50.0","5.43494","5.88984","-115.60705","0.03565","0.57086","23.59856","-32.02109","MIZ_TIG","NOR_BIS","TaylorStadium","D1","SEC","20260228-TaylorStadium-1","372a2150-14da-11f1-9d47-ad81a36dfdfe","78.58887",,,"7.13617",,,,,,,"d5e8cf87-b751-4c50-b9dc-f6258004ecf5","2026-02-28","19:18:08.05","2026-02-28T13:18:08.0569344-06:00","2026-02-28T19:18:08.0569344Z","","v3","4806","471388","ae4075840dfa411e9b4d026302d1ad63","Freiter, Bennett","1000119083","Right","NOR_BIS","d908fac5-317e-4f5b-aa3e-371b854c5d54","54.60105","-116.54246","11.79928","5.40837","1.30493","-16.01055","-1.50562","5.86721","0.28543",,,,,,,,,,,,,,,,,,,,,,,,,,,,,,,,,,,,,,,,,,,,,,,,,,,"High","High","High","","","","","",,,,,,,,,,,,,,,,,,,,,,,,,,,,,,,,,,,"2026","02","28"
"35","2026-02-28","13:18:28.42","6","3","Marks, Brayden","1000138334","Right","NOR_BIS","George, Jamal","805322","Right","MIZ_TIG","Undefined","1","Bottom","2","2","0","Slider","Slider","StrikeSwinging","Undefined","Undefined","Undefined","0","0","","80.83782","-0.565325","-2.479422","2234.222195","168.980151","11:45","5.41975","1.62511","5.98895","-38.77947","4.40984","-0.56209","1.66368","-0.72107","73.36669","-7.756598","-2.580462","0.472998",,,,,,,,,,,,"-0.50417","2.9241","-1.42918","50.0","5.35414","5.09661","-117.20038","-2.3735","-0.69136","25.06434","-28.16422","MIZ_TIG","NOR_BIS","TaylorStadium","D1","SEC","20260228-TaylorStadium-1","435e8510-14da-11f1-9d47-ad81a36dfdfe","79.68834",,,"7.47113",,,,,,,"d5e8cf87-b751-4c50-b9dc-f6258004ecf5","2026-02-28","19:18:28.42","2026-02-28T13:18:28.4246016-06:00","2026-02-28T19:18:28.4246016Z","","v3","4806","471388","ae4075840dfa411e9b4d026302d1ad63","Freiter, Bennett","1000119083","Right","NOR_BIS","fd53e32b-4fe7-480d-b776-de21efc02ca1","54.50755","-118.16042","12.53217","5.42439","-1.29472","-14.08211","-1.6249","5.12309","-0.34568",,,,,,,,,,,,,,,,,,,,,,,,,,,,,,,,,,,,,,,,,,,,,,,,,,,"High","High","High","","","","","",,,,,,,,,,,,,,,,,,,,,,,,,,,,,,,,,,,"2026","02","28"
"36","2026-02-28","13:18:49.30","6","4","Marks, Brayden","1000138334","Right","NOR_BIS","George, Jamal","805322","Right","MIZ_TIG","Undefined","1","Bottom","2","2","1","Fastball","Sinker","BallCalled","Undefined","Undefined","Undefined","0","0","","89.13834","-2.542949","-2.561296","2143.5127","239.357629","2:00","5.7682","0.96651","6.00673","-25.99643","9.3956","13.7928","1.24192","-0.25867","81.05563","-7.392908","-0.079823","0.428178",,,,,,,,,,,,"-7.87048","5.9728","-0.77266","50.0","5.554","5.20276","-129.19717","-6.59543","-13.1772","29.29236","-22.17409","MIZ_TIG","NOR_BIS","TaylorStadium","D1","SEC","20260228-TaylorStadium-1","4fabef10-14da-11f1-9d47-ad81a36dfdfe","88.02988",,,"8.08271",,,,,,,"d5e8cf87-b751-4c50-b9dc-f6258004ecf5","2026-02-28","19:18:49.30","2026-02-28T13:18:49.3067264-06:00","2026-02-28T19:18:49.3067264Z","","v3","4806","471388","ae4075840dfa411e9b4d026302d1ad63","Freiter, Bennett","1000119083","Right","NOR_BIS","17e0d597-8e0d-4f2d-a3ac-30fa708919f3","54.4916","-130.21155","14.64618","5.7691","-5.82755","-11.08705","-0.96073","5.65908","-6.5886",,,,,,,,,,,,,,,,,,,,,,,,,,,,,,,,,,,,,,,,,,,,,,,,,,,"High","High","High","","","","","",,,,,,,,,,,,,,,,,,,,,,,,,,,,,,,,,,,"2026","02","28"
"37","2026-02-28","13:19:08.50","6","5","Marks, Brayden","1000138334","Right","NOR_BIS","George, Jamal","805322","Right","MIZ_TIG","Undefined","1","Bottom","2","3","1","Fastball","Sinker","BallCalled","Walk","Undefined","Undefined","0","0","","88.14236","0.011157","-1.344771","2075.436249","243.2493","2:00","5.642","1.19108","5.9917","-26.60553","9.5515","16.47619","3.43521","1.31761","79.80867","-4.981426","1.618618","0.432781",,,,,,,,,,,,"-8.79689","5.28303","-1.09365","50.0","5.62843","2.29962","-127.92771","-0.83992","-14.42121","29.03997","-23.5133","MIZ_TIG","NOR_BIS","TaylorStadium","D1","SEC","20260228-TaylorStadium-1","5b360910-14da-11f1-9d47-ad81a36dfdfe","87.09364",,,"8.3337",,,,,,,"d5e8cf87-b751-4c50-b9dc-f6258004ecf5","2026-02-28","19:19:08.50","2026-02-28T13:19:08.5070848-06:00","2026-02-28T19:19:08.5070848Z","","v3","4806","471388","ae4075840dfa411e9b4d026302d1ad63","Freiter, Bennett","1000119083","Right","NOR_BIS","0a3ff775-1db7-4b7c-8051-c448aa7da9ee","54.5051","-128.94633","14.51998","5.64343","-0.01516","-11.75665","-1.18318","2.80546","-7.21061",,,,,,,,,,,,,,,,,,,,,,,,,,,,,,,,,,,,,,,,,,,,,,,,,,,"High","High","High","","","","","",,,,,,,,,,,,,,,,,,,,,,,,,,,,,,,,,,,"2026","02","28"
"38","2026-02-28","13:19:48.88","7","1","Marks, Brayden","1000138334","Right","NOR_BIS","Maisonet, Eric","835908","Left","MIZ_TIG","Undefined","1","Bottom","2","0","0","Sinker","Sinker","StrikeCalled","Undefined","Undefined","Undefined","0","0","","88.33433","-0.928216","-3.285736","2024.40753","248.464603","2:15","5.55919","1.18419","6.11411","-28.46383","7.21512","15.32009","2.32748","-0.58049","80.58445","-6.2386","-0.527454","0.42991",,,,,,,,,,,,"-8.81126","4.35878","-0.93959","50.0","5.47317","6.72365","-128.14914","-3.01104","-14.60015","27.364","-24.95157","MIZ_TIG","NOR_BIS","TaylorStadium","D1","SEC","20260228-TaylorStadium-1","734b0b40-14da-11f1-9d47-ad81a36dfdfe","87.67521",,,"7.74987",,,,,,,"d5e8cf87-b751-4c50-b9dc-f6258004ecf5","2026-02-28","19:19:48.88","2026-02-28T13:19:48.8838144-06:00","2026-02-28T19:19:48.8838144Z","","v3","4806","471388","ae4075840dfa411e9b4d026302d1ad63","Freiter, Bennett","1000119083","Right","NOR_BIS","99bed9a7-e83e-44cf-91c7-fbb54828f03d","54.38454","-129.08199","13.682","5.56131","-2.16044","-12.47579","-1.17729","7.22137","-7.30008",,,,,,,,,,,,,,,,,,,,,,,,,,,,,,,,,,,,,,,,,,,,,,,,,,,"High","High","High","","","","","",,,,,,,,,,,,,,,,,,,,,,,,,,,,,,,,,,,"2026","02","28"
"39","2026-02-28","13:20:06.95","7","2","Marks, Brayden","1000138334","Right","NOR_BIS","Maisonet, Eric","835908","Left","MIZ_TIG","Undefined","1","Bottom","2","0","1","Sinker","Sinker","BallCalled","Undefined","Undefined","Undefined","0","0","","89.22084","-1.396422","-1.655389","2089.216024","250.314005","2:15","5.55182","1.32608","6.08413","-27.84848","7.17477","16.80981","1.93844","1.19502","81.3523","-6.588388","1.375266","0.425941",,,,,,,,,,,,"-9.12079","4.47402","-1.20678","50.0","5.42936","3.04094","-129.54447","-4.08264","-15.40235","28.64134","-24.61873","MIZ_TIG","NOR_BIS","TaylorStadium","D1","SEC","20260228-TaylorStadium-1","7e0419a0-14da-11f1-9d47-ad81a36dfdfe","88.49213",,,"7.86854",,,,,,,"d5e8cf87-b751-4c50-b9dc-f6258004ecf5","2026-02-28","19:20:06.95","2026-02-28T13:20:06.9553664-06:00","2026-02-28T19:20:06.9553664Z","","v3","4806","471388","ae4075840dfa411e9b4d026302d1ad63","Freiter, Bennett","1000119083","Right","NOR_BIS","44d9ed6b-1b8c-4074-b51e-ef73f369173c","54.4146","-130.51685","14.32067","5.55378","-3.24682","-12.30936","-1.3189","3.56386","-7.70117",,,,,,,,,,,,,,,,,,,,,,,,,,,,,,,,,,,,,,,,,,,,,,,,,,,"High","High","High","","","","","",,,,,,,,,,,,,,,,,,,,,,,,,,,,,,,,,,,"2026","02","28"
"40","2026-02-28","13:20:26.29","7","3","Marks, Brayden","1000138334","Right","NOR_BIS","Maisonet, Eric","835908","Left","MIZ_TIG","Undefined","1","Bottom","2","1","1","Sinker","Sinker","FoulBallNotFieldable","Undefined","Undefined","Undefined","0","0","","87.98972","0.099224","-1.965739","2039.339202","246.964671","2:15","5.5381","1.24978","6.09986","-28.13135","7.80264","15.58855","3.28564","0.73008","80.13141","-5.16392","0.84295","0.431444",,,,,,,,,,,,"-8.63016","4.34398","-1.10664","50.0","5.53097","3.75477","-127.79859","-0.68785","-14.19885","27.61504","-25.0271","MIZ_TIG","NOR_BIS","TaylorStadium","D1","SEC","20260228-TaylorStadium-1","89888e50-14da-11f1-9d47-ad81a36dfdfe","87.36347",,,"7.85831",,,,,,,"d5e8cf87-b751-4c50-b9dc-f6258004ecf5","2026-02-28","19:20:26.29","2026-02-28T13:20:26.2900000-06:00","2026-02-28T19:20:26.2900000Z","","v3","4806","471388","ae4075840dfa411e9b4d026302d1ad63","Freiter, Bennett","1000119083","Right","NOR_BIS","78d36d57-321e-4bdb-96eb-8c36cbb5be1e","54.39966","-128.74578","13.80752","5.53984","0.17056","-12.51355","-1.24378","4.24178","-7.09943",,,,,,,,,,,,,,,,,,,,,,,,,,,,,,,,,,,,,,,,,,,,,,,,,,,"High","High","High","","","","","",,,,,,,,,,,,,,,,,,,,,,,,,,,,,,,,,,,"2026","02","28"
"41","2026-02-28","13:21:09.95","7","4","Marks, Brayden","1000138334","Right","NOR_BIS","Maisonet, Eric","835908","Left","MIZ_TIG","Undefined","1","Bottom","2","1","2","ChangeUp","Changeup","BallCalled","Undefined","Undefined","Undefined","0","0","","79.12176","1.322084","-0.819765","1601.124304","265.659632","2:45","5.33901","1.42756","6.52548","-41.17731","2.91488","18.13781","3.12082","2.18691","71.64393","-6.410902","2.476426","0.477917",,,,,,,,,,,,"-9.65997","1.62736","-1.37707","50.0","5.41405","0.9913","-114.92117","1.48454","-12.72711","24.24273","-30.02999","MIZ_TIG","NOR_BIS","TaylorStadium","D1","SEC","20260228-TaylorStadium-1","a38eb220-14da-11f1-9d47-ad81a36dfdfe","78.86824",,,"7.47783",,,,,,,"d5e8cf87-b751-4c50-b9dc-f6258004ecf5","2026-02-28","19:21:09.95","2026-02-28T13:21:09.9595776-06:00","2026-02-28T19:21:09.9595776Z","","v3","4806","471388","ae4075840dfa411e9b4d026302d1ad63","Freiter, Bennett","1000119083","Right","NOR_BIS","52656d0f-9ab8-44d9-9615-09063860dc6c","53.97207","-115.75605","12.12137","5.34512","2.51872","-15.01499","-1.41876","1.4296","-6.36355",,,,,,,,,,,,,,,,,,,,,,,,,,,,,,,,,,,,,,,,,,,,,,,,,,,"High","High","High","","","","","",,,,,,,,,,,,,,,,,,,,,,,,,,,,,,,,,,,"2026","02","28"
"42","2026-02-28","13:21:26.98","7","5","Marks, Brayden","1000138334","Right","NOR_BIS","Maisonet, Eric","835908","Left","MIZ_TIG","Undefined","1","Bottom","2","2","2","ChangeUp","Changeup","BallCalled","Undefined","Undefined","Undefined","0","0","","80.04816","-1.9938","-3.480104","1576.753186","255.893829","2:30","5.36904","1.50331","6.21447","-37.58435","5.91792","17.64269","0.39287","-0.24206","73.15648","-8.968998","-0.293628","0.474709",,,,,,,,,,,,"-10.22812","4.10071","-1.25094","50.0","5.20064","6.42249","-116.05544","-5.15581","-13.83206","23.43093","-26.62843","MIZ_TIG","NOR_BIS","TaylorStadium","D1","SEC","20260228-TaylorStadium-1","add353d0-14da-11f1-9d47-ad81a36dfdfe","79.40118",,,"6.89168",,,,,,,"d5e8cf87-b751-4c50-b9dc-f6258004ecf5","2026-02-28","19:21:26.98","2026-02-28T13:21:26.9833728-06:00","2026-02-28T19:21:26.9833728Z","","v3","4806","471388","ae4075840dfa411e9b4d026302d1ad63","Freiter, Bennett","1000119083","Right","NOR_BIS","bce76b79-ca21-47d1-b400-8817cc4c8c64","54.2855","-116.91746","11.71546","5.3723","-4.17616","-13.31422","-1.49658","6.93136","-6.91603",,,,,,,,,,,,,,,,,,,,,,,,,,,,,,,,,,,,,,,,,,,,,,,,,,,"High","High","High","","","","","",,,,,,,,,,,,,,,,,,,,,,,,,,,,,,,,,,,"2026","02","28"
"43","2026-02-28","13:21:48.28","7","6","Marks, Brayden","1000138334","Right","NOR_BIS","Maisonet, Eric","835908","Left","MIZ_TIG","Undefined","1","Bottom","2","3","2","Slider","Slider","BallCalled","Walk","Undefined","Undefined","0","1","","80.03207","2.255098","-0.544807","2200.565368","146.618536","11:00","5.44965","1.51367","5.91565","-41.13738","2.67921","-0.82347","4.11561","0.93941","72.8057","-5.372439","-0.692618","0.476421",,,,,,,,,,,,"0.25748","1.20114","-1.46957","50.0","5.60752","1.13648","-116.12572","3.2604","0.34974","22.80991","-30.54246","MIZ_TIG","NOR_BIS","TaylorStadium","D1","SEC","20260228-TaylorStadium-1","ba787ac0-14da-11f1-9d47-ad81a36dfdfe","79.11584",,,"7.22638",,,,,,,"d5e8cf87-b751-4c50-b9dc-f6258004ecf5","2026-02-28","19:21:48.28","2026-02-28T13:21:48.2858496-06:00","2026-02-28T19:21:48.2858496Z","","v3","4806","471388","ae4075840dfa411e9b4d026302d1ad63","Freiter, Bennett","1000119083","Right","NOR_BIS","3d36bb29-1fad-4643-a7f8-bd3ff6d946f3","54.58121","-117.02212","11.40496","5.4558","4.46068","-15.27123","-1.51396","1.12274","0.17487",,,,,,,,,,,,,,,,,,,,,,,,,,,,,,,,,,,,,,,,,,,,,,,,,,,"High","High","High","","","","","",,,,,,,,,,,,,,,,,,,,,,,,,,,,,,,,,,,"2026","02","28"
"44","2026-02-28","13:22:25.48","8","1","Marks, Brayden","1000138334","Right","NOR_BIS","Patterson, Christopher","1000080435","Left","MIZ_TIG","Undefined","1","Bottom","2","0","0","Slider","Slider","StrikeCalled","Undefined","Undefined","Undefined","0","0","","80.04001","0.913575","-2.466473","2268.525477","182.988226","12:00","5.49358","1.45449","5.91567","-42.05073","2.17728","0.03173","2.83808","-0.83335","72.40711","-6.881162","-2.460782","0.478652",,,,,,,,,,,,"-0.80815","1.35441","-1.25674","50.0","5.5436","4.99546","-116.00104","0.50674","-1.08492","24.6863","-30.35575","MIZ_TIG","NOR_BIS","TaylorStadium","D1","SEC","20260228-TaylorStadium-1","d0e17aa0-14da-11f1-9d47-ad81a36dfdfe","78.74701",,,"7.6329",,,,,,,"d5e8cf87-b751-4c50-b9dc-f6258004ecf5","2026-02-28","19:22:25.48","2026-02-28T13:22:25.4863872-06:00","2026-02-28T19:22:25.4863872Z","","v3","4806","471388","ae4075840dfa411e9b4d026302d1ad63","Freiter, Bennett","1000119083","Right","NOR_BIS","1ca8e367-47e7-41a1-a7fb-5be3a9c0ab54","54.57993","-116.97164","12.34315","5.50021","1.70024","-15.17788","-1.45399","5.03812","-0.54246",,,,,,,,,,,,,,,,,,,,,,,,,,,,,,,,,,,,,,,,,,,,,,,,,,,"High","High","High","","","","","",,,,,,,,,,,,,,,,,,,,,,,,,,,,,,,,,,,"2026","02","28"
"45","2026-02-28","13:22:45.08","8","2","Marks, Brayden","1000138334","Right","NOR_BIS","Patterson, Christopher","1000080435","Left","MIZ_TIG","Undefined","1","Bottom","2","0","1","Slider","Slider","InPlay","Undefined","GroundBall","Out","1","0","","81.03863","0.463383","-2.545641","2316.575287","125.893168","10:15","5.45318","1.32707","5.7556","-40.98254","2.7565","-1.52256","2.46975","-1.17102","72.8178","-7.127648","-2.817973","0.475999","55.86163","-84.094077","23.994665",,,,,"3.28722","3.28722","21.67018","0.032207","-0.10626","1.6848","-1.11487","50.0","5.46689","5.27744","-117.36067","-0.3822","-0.1447","27.10357","-29.87974","MIZ_TIG","NOR_BIS","TaylorStadium","D1","SEC","20260228-TaylorStadium-1","dc56d420-14da-11f1-9d47-ad81a36dfdfe","79.18595","2.64091",,"8.22083",,,,"2.80532","2.64091","1.10276","d5e8cf87-b751-4c50-b9dc-f6258004ecf5","2026-02-28","19:22:45.08","2026-02-28T13:22:45.0833408-06:00","2026-02-28T19:22:45.0833408Z","GroundBall","v3","4806","471388","ae4075840dfa411e9b4d026302d1ad63","Freiter, Bennett","1000119083","Right","NOR_BIS","a8decd48-5f2c-44a4-b6e8-26f4a2030676","54.74157","-118.45063","13.55179","5.4581","0.81941","-14.93987","-1.32722","5.28326","-0.07235",,"2.80507","7.74928",,,,,,,,"2.64351","-81.99851",,,,,,,,"1.10265","3.44934",,,,,,,,,,,,,,,,,,,,,,,,,,,,,,"High","High","High","Estimated","Estimated","","","",,,,,,,,,,,,,,,,,,,,,,,,,,,,,,,,,,,"2026","02","28"
"67","2026-02-28","13:37:15.17","1","1","Marks, Brayden","1000138334","Right","NOR_BIS","Frost, Isaiah","801981","Left","MIZ_TIG","Undefined","2","Bottom","0","0","0","Sinker","Sinker","BallCalled","Undefined","Undefined","Undefined","0","0","","89.37671","-2.789614","-3.044705","2051.756845","243.942278","2:15","5.64216","1.13856","5.97796","-26.10749","9.04481","16.08028","0.8749","-0.34648","81.56121","-7.64549","-0.154235","0.426725",,,,,,,,,,,,"-9.17048","5.82079","-0.90658","50.0","5.40673","6.21907","-129.52071","-7.18586","-15.48915","28.49511","-22.34258","MIZ_TIG","NOR_BIS","TaylorStadium","D1","SEC","20260228-TaylorStadium-1","e2f2ce40-14dc-11f1-9d47-ad81a36dfdfe","88.32952",,,"7.81549",,,,,,,"d5e8cf87-b751-4c50-b9dc-f6258004ecf5","2026-02-28","19:37:15.17","2026-02-28T13:37:15.1715840-06:00","2026-02-28T19:37:15.1715840Z","","v3","4806","471388","ae4075840dfa411e9b4d026302d1ad63","Freiter, Bennett","1000119083","Right","NOR_BIS","bfc077ae-55cf-42ce-945b-7deda5a1f1ee","54.52147","-130.51166","14.24756","5.64312","-6.40887","-11.17129","-1.13223","6.75772","-7.74457",,,,,,,,,,,,,,,,,,,,,,,,,,,,,,,,,,,,,,,,,,,,,,,,,,,"High","High","High","","","","","",,,,,,,,,,,,,,,,,,,,,,,,,,,,,,,,,,,"2026","02","28"
"68","2026-02-28","13:37:33.52","1","2","Marks, Brayden","1000138334","Right","NOR_BIS","Frost, Isaiah","801981","Left","MIZ_TIG","Undefined","2","Bottom","0","1","0","Sinker","Sinker","InPlay","Undefined","LineDrive","Double","0","0","","89.37716","-0.832622","-2.404337","2132.075091","239.976098","2:00","5.54294","1.20851","6.10385","-24.93635","9.98225","15.24395","2.69418","0.25404","81.24967","-5.515399","0.341722","0.425304","105.04709","12.658106","-6.212209","1824.650625","108.51754","20.99382","-17.99714","288.0386","287.15318","-14.201703","2.588708","-8.61477","5.74406","-1.03164","50.0","5.46582","4.82353","-129.73825","-2.68434","-14.5748","29.01344","-22.45606","MIZ_TIG","NOR_BIS","TaylorStadium","D1","SEC","20260228-TaylorStadium-1","edc7c910-14dc-11f1-9d47-ad81a36dfdfe","88.62465","23.33979",,"8.12749",,,,"1.48075","2.72943","-0.26466","d5e8cf87-b751-4c50-b9dc-f6258004ecf5","2026-02-28","19:37:33.52","2026-02-28T13:37:33.5273984-06:00","2026-02-28T19:37:33.5273984Z","LineDrive","v3","4806","471388","ae4075840dfa411e9b4d026302d1ad63","Freiter, Bennett","1000119083","Right","NOR_BIS","f97ccf36-ff70-476d-bccf-3499eefc5cf4","54.39559","-130.71754","14.50672","5.54364","-1.92638","-11.22803","-1.20276","5.31547","-7.2874","123.9563","1.48076","149.43934","-25.63645","5.38355","-0.84087","0.01535","0.03793","-0.01047","0.001","2.72944","33.76391","-13.98332","0.18861","-0.24478","0.27078","-0.11997","0.02658","-0.00237","-0.26467","-16.26961","-8.92919","2.97628","-0.42273","-0.15369","0.10642","-0.02571","0.00237",,,,,,,,,,,,,,,,,,,,,,,"High","High","High","High","High","","","",,,,,,,,,,,,,,,,,,,,,,,,,,,,,,,,,,,"2026","02","28"
"69","2026-02-28","13:38:27.81","2","1","Marks, Brayden","1000138334","Right","NOR_BIS","Macon, Tyler","823527","Right","MIZ_TIG","Undefined","2","Bottom","0","0","0","Sinker","Sinker","BallCalled","Undefined","Undefined","Undefined","0","0","","89.52373","-2.274097","-3.405414","2030.606807","243.179189","2:00","5.63449","1.22756","6.10753","-25.59773","9.26607","16.00643","1.39361","-0.59136","81.5955","-7.057372","-0.5236","0.42497",,,,,,,,,,,,"-9.24067","5.80807","-0.97387","50.0","5.44613","7.05525","-129.75415","-5.99121","-15.66462","28.58482","-22.32833","MIZ_TIG","NOR_BIS","TaylorStadium","D1","SEC","20260228-TaylorStadium-1","0e272390-14dd-11f1-9d47-ad81a36dfdfe","88.69428",,,"7.92822",,,,,,,"d5e8cf87-b751-4c50-b9dc-f6258004ecf5","2026-02-28","19:38:27.81","2026-02-28T13:38:27.8167040-06:00","2026-02-28T19:38:27.8167040Z","","v3","4806","471388","ae4075840dfa411e9b4d026302d1ad63","Freiter, Bennett","1000119083","Right","NOR_BIS","45a7ea95-b481-4f24-882b-9434f75454a6","54.39126","-130.71797","14.29241","5.63545","-5.23835","-11.16416","-1.22066","7.58343","-7.83231",,,,,,,,,,,,,,,,,,,,,,,,,,,,,,,,,,,,,,,,,,,,,,,,,,,"High","High","High","","","","","",,,,,,,,,,,,,,,,,,,,,,,,,,,,,,,,,,,"2026","02","28"
"70","2026-02-28","13:38:48.66","2","2","Marks, Brayden","1000138334","Right","NOR_BIS","Macon, Tyler","823527","Right","MIZ_TIG","Undefined","2","Bottom","0","1","0","Slider","Slider","BallCalled","Undefined","Undefined","Undefined","0","0","","80.67833","-0.963333","-2.78388","2287.652516","157.35798","11:15","5.44885","1.52144","5.99027","-38.06246","4.70532","-1.41311","1.38305","-1.17837","74.3119","-7.979433","-3.03781","0.470684",,,,,,,,,,,,"-0.04154","3.09524","-1.30104","50.0","5.35187","5.74774","-117.11464","-3.1602","-0.05773","21.96074","-27.87193","MIZ_TIG","NOR_BIS","TaylorStadium","D1","SEC","20260228-TaylorStadium-1","1a9b0150-14dd-11f1-9d47-ad81a36dfdfe","80.08006",,,"6.36643",,,,,,,"d5e8cf87-b751-4c50-b9dc-f6258004ecf5","2026-02-28","19:38:48.66","2026-02-28T13:38:48.6640128-06:00","2026-02-28T19:38:48.6640128Z","","v3","4806","471388","ae4075840dfa411e9b4d026302d1ad63","Freiter, Bennett","1000119083","Right","NOR_BIS","891f8148-fac2-4eda-84ff-8d997796ae4c","54.5089","-117.9571","10.98037","5.45259","-2.09098","-13.93597","-1.52157","5.74996","-0.02886",,,,,,,,,,,,,,,,,,,,,,,,,,,,,,,,,,,,,,,,,,,,,,,,,,,"High","High","High","","","","","",,,,,,,,,,,,,,,,,,,,,,,,,,,,,,,,,,,"2026","02","28"
"71","2026-02-28","13:39:10.51","2","3","Marks, Brayden","1000138334","Right","NOR_BIS","Macon, Tyler","823527","Right","MIZ_TIG","Undefined","2","Bottom","0","2","0","Slider","Slider","InPlay","Undefined","LineDrive","Out","1","0","","80.92469","-0.373549","-1.815905","2289.210253","144.075985","10:45","5.49325","1.53364","5.96539","-38.28337","4.65579","-2.31236","1.95644","-0.34334","73.67491","-7.468773","-2.231649","0.471626","99.11295","19.944914","-6.816953","760.985596","109.55802","32.14685","-9.84367","319.63111","311.58698","-3.027937","3.255941","0.62957","2.92055","-1.38835","50.0","5.44236","3.81062","-117.44211","-1.96192","0.86967","24.50959","-28.13959","MIZ_TIG","NOR_BIS","TaylorStadium","D1","SEC","20260228-TaylorStadium-1","279dd8a0-14dd-11f1-9d47-ad81a36dfdfe","79.92011","38.34019",,"7.24978",,,,"1.39657","1.93792","0.34314","d5e8cf87-b751-4c50-b9dc-f6258004ecf5","2026-02-28","19:39:10.51","2026-02-28T13:39:10.5169920-06:00","2026-02-28T19:39:10.5169920Z","LineDrive","v3","4806","471388","ae4075840dfa411e9b4d026302d1ad63","Freiter, Bennett","1000119083","Right","NOR_BIS","5d86f6dd-8638-4946-907d-a91fb4ccf0fd","54.53313","-118.38437","12.25479","5.49699","-0.8801","-14.0698","-1.5342","3.77719","0.43484","229.072483","1.39657","135.68009","-18.11757","3.34459","-0.63947","0.08688","-0.00355","-0.00166","2.7E-4","1.93791","49.5873","-18.67225","1.49293","-0.2797","0.07333","-0.01992","0.00425","-4.0E-4","0.34315","-16.21959","6.85161","-2.11066","0.55733","-0.1198","0.02045","-0.00227","1.1E-4",,,,,,,,,,,,,,,,,,,,,,,"High","High","High","High","High","","","",,,,,,,,,,,,,,,,,,,,,,,,,,,,,,,,"74.98414","20.18755","-8.55776","2026","02","28"
"72","2026-02-28","13:39:53.45","3","1","Marks, Brayden","1000138334","Right","NOR_BIS","Woita, Jase","831805","Left","MIZ_TIG","Undefined","2","Bottom","1","0","0","Slider","Slider","StrikeCalled","Undefined","Undefined","Undefined","0","0","","80.51393","-0.564156","-1.188883","2283.467436","136.46722","10:30","5.42735","1.67828","5.90637","-40.01073","3.04996","-1.61866","1.56932","0.43967","74.0193","-7.934891","-1.479889","0.472294",,,,,,,,,,,,"0.49583","2.13547","-1.58188","50.0","5.35922","2.48879","-116.97113","-2.42689","0.68625","22.27812","-29.21852","MIZ_TIG","NOR_BIS","TaylorStadium","D1","SEC","20260228-TaylorStadium-1","415407b0-14dd-11f1-9d47-ad81a36dfdfe","79.80723",,,"6.49463",,,,,,,"d5e8cf87-b751-4c50-b9dc-f6258004ecf5","2026-02-28","19:39:53.45","2026-02-28T13:39:53.4561792-06:00","2026-02-28T19:39:53.4561792Z","","v3","4806","471388","ae4075840dfa411e9b4d026302d1ad63","Freiter, Bennett","1000119083","Right","NOR_BIS","80767603-2b71-4aa4-a769-0a5403bd5b14","54.59286","-117.84263","11.13906","5.43179","-1.28388","-14.60926","-1.67872","2.46195","0.34313",,,,,,,,,,,,,,,,,,,,,,,,,,,,,,,,,,,,,,,,,,,,,,,,,,,"High","High","High","","","","","",,,,,,,,,,,,,,,,,,,,,,,,,,,,,,,,,,,"2026","02","28"
"73","2026-02-28","13:40:13.73","3","2","Marks, Brayden","1000138334","Right","NOR_BIS","Woita, Jase","831805","Left","MIZ_TIG","Undefined","2","Bottom","1","0","1","Curveball","Curveball","StrikeCalled","Undefined","Undefined","Undefined","0","0","","76.89341","1.477182","-0.93876","2417.040914","24.567671","6:45","5.74855","1.3154","5.49667","-54.86649","-6.84548","-3.81701","2.55857","0.11913","70.63319","-8.513856","-1.619817","0.498755",,,,,,,,,,,,"1.64961","-3.36603","-1.23069","50.0","5.84084","1.97713","-111.64864","1.03318","2.07707","20.56318","-36.4124","MIZ_TIG","NOR_BIS","TaylorStadium","D1","SEC","20260228-TaylorStadium-1","4d683940-14dd-11f1-9d47-ad81a36dfdfe","75.57308",,,"6.26022",,,,,,,"d5e8cf87-b751-4c50-b9dc-f6258004ecf5","2026-02-28","19:40:13.73","2026-02-28T13:40:13.7338368-06:00","2026-02-28T19:40:13.7338368Z","","v3","4806","471388","ae4075840dfa411e9b4d026302d1ad63","Freiter, Bennett","1000119083","Right","NOR_BIS","3e400551-846c-4227-9639-acf3b96a1cbc","55.00409","-112.5665","10.28159","5.75845","2.65849","-18.2062","-1.31688","1.88441","1.03854",,,,,,,,,,,,,,,,,,,,,,,,,,,,,,,,,,,,,,,,,,,,,,,,,,,"High","High","High","","","","","",,,,,,,,,,,,,,,,,,,,,,,,,,,,,,,,,,,"2026","02","28"
"74","2026-02-28","13:40:34.42","3","3","Marks, Brayden","1000138334","Right","NOR_BIS","Woita, Jase","831805","Left","MIZ_TIG","Undefined","2","Bottom","1","0","2","Sinker","Sinker","FoulBallNotFieldable","Undefined","Undefined","Undefined","0","0","","90.52299","-1.551491","-1.847889","2061.855884","249.159956","2:15","5.67818","1.32342","6.09169","-26.80001","7.19772","15.96402","2.00862","0.94386","82.57688","-6.548917","1.030412","0.419659",,,,,,,,,,,,"-8.7704","4.50992","-1.18918","50.0","5.54446","3.57076","-131.43006","-4.4585","-15.25509","29.30862","-24.32955","MIZ_TIG","NOR_BIS","TaylorStadium","D1","SEC","20260228-TaylorStadium-1","59abb830-14dd-11f1-9d47-ad81a36dfdfe","89.81682",,,"7.94611",,,,,,,"d5e8cf87-b751-4c50-b9dc-f6258004ecf5","2026-02-28","19:40:34.42","2026-02-28T13:40:34.4242688-06:00","2026-02-28T19:40:34.4242688Z","","v3","4806","471388","ae4075840dfa411e9b4d026302d1ad63","Freiter, Bennett","1000119083","Right","NOR_BIS","7af828d6-4eae-4665-bb0d-f4c8f372590b","54.40754","-132.40929","14.65431","5.67984","-3.64564","-12.16478","-1.31699","4.08044","-7.62755",,,,,,,,,,,,,,,,,,,,,,,,,,,,,,,,,,,,,,,,,,,,,,,,,,,"High","High","High","","","","","",,,,,,,,,,,,,,,,,,,,,,,,,,,,,,,,,,,"2026","02","28"
"75","2026-02-28","13:41:00.24","3","4","Marks, Brayden","1000138334","Right","NOR_BIS","Woita, Jase","831805","Left","MIZ_TIG","Undefined","2","Bottom","1","0","2","Slider","Curveball","FoulBallNotFieldable","Undefined","Undefined","Undefined","0","0","","77.42303","0.063593","-1.161083","2403.710388","43.243702","7:30","5.79292","1.18828","5.51273","-48.29601","-0.6813","-2.1389","1.82773","-0.07585","70.77857","-8.76223","-1.542959","0.49664","92.74481","15.700297","41.63791","2990.239862","78.68681","21.33959","76.86531","229.22818","207.67394","49.252927","2.338687","0.73752","0.01543","-1.08553","50.0","5.76573","2.35758","-112.36585","-1.45041","0.93406","22.14782","-32.15451","MIZ_TIG","NOR_BIS","TaylorStadium","D1","SEC","20260228-TaylorStadium-1","691c5b30-14dd-11f1-9d47-ad81a36dfdfe","75.89483","21.72424",,"6.64447",,,,"3.42005","2.12829","-0.05546","d5e8cf87-b751-4c50-b9dc-f6258004ecf5","2026-02-28","19:41:00.24","2026-02-28T13:41:00.2475008-06:00","2026-02-28T19:41:00.2475008Z","LineDrive","v3","4806","471388","ae4075840dfa411e9b4d026302d1ad63","Freiter, Bennett","1000119083","Right","NOR_BIS","94227117-b62f-4010-99d4-d2a0d431a6a1","54.98772","-113.34469","11.07391","5.79843","-0.02932","-16.07726","-1.18882","2.3163","0.46703",,"3.42011","97.86559","-23.3814","5.59183","-1.5879","0.67013","-0.28061","0.06955","-0.00715","2.12826","36.81006","-18.5732","1.33667","-0.07952","-0.11245","0.07801","-0.02184","0.00236","-0.05551","87.0077","-5.81019","-0.16155","0.41386","-0.3009","0.14338","-0.03716","0.00392",,,,,,,,,,,,,,,,,,,,,,,"High","High","High","High","Medium","","","",,,,,,,,,,,,,,,,,,,,,,,,,,,,,,,,"66.17606","17.23052","28.47147","2026","02","28"
"76","2026-02-28","13:41:27.37","3","5","Marks, Brayden","1000138334","Right","NOR_BIS","Woita, Jase","831805","Left","MIZ_TIG","Undefined","2","Bottom","1","0","2","ChangeUp","Changeup","BallCalled","Undefined","Undefined","Undefined","0","0","","80.43452","1.019203","-1.695594","1502.104832","252.456295","2:30","5.40062","1.51815","6.49322","-35.58132","6.82874","17.19367","3.37164","1.39396","73.24565","-5.671427","1.425616","0.468712",,,,,,,,,,,,"-9.43985","3.71851","-1.40591","50.0","5.45682","2.83985","-116.87191","1.07943","-12.97078","23.37627","-27.06467","MIZ_TIG","NOR_BIS","TaylorStadium","D1","SEC","20260228-TaylorStadium-1","79376f00-14dd-11f1-9d47-ad81a36dfdfe","80.4171",,,"7.18887",,,,,,,"d5e8cf87-b751-4c50-b9dc-f6258004ecf5","2026-02-28","19:41:27.37","2026-02-28T13:41:27.3751552-06:00","2026-02-28T19:41:27.3751552Z","","v3","4806","471388","ae4075840dfa411e9b4d026302d1ad63","Freiter, Bennett","1000119083","Right","NOR_BIS","6bd4c111-91d0-4b07-ad6d-d27e5c2a3958","54.00522","-117.67029","11.68813","5.40417","2.00378","-13.53233","-1.51047","3.28285","-6.48539",,,,,,,,,,,,,,,,,,,,,,,,,,,,,,,,,,,,,,,,,,,,,,,,,,,"High","High","High","","","","","",,,,,,,,,,,,,,,,,,,,,,,,,,,,,,,,,,,"2026","02","28"
"77","2026-02-28","13:41:46.14","3","6","Marks, Brayden","1000138334","Right","NOR_BIS","Woita, Jase","831805","Left","MIZ_TIG","Undefined","2","Bottom","1","1","2","Sinker","Sinker","InPlay","Undefined","GroundBall","Out","1","0","","90.44275","-1.410096","-2.77262","2234.835866","243.509251","2:00","5.71415","1.26256","6.3046","-25.02005","8.75036","15.33847","2.32826","-0.01561","82.51073","-6.107709","6.36E-4","0.418253","79.1838","-52.725559","51.085518",,,,,"3.91995","3.91995","21.86918","0.02633","-8.85426","5.28209","-1.06642","50.0","5.59852","5.75273","-131.3182","-4.02386","-15.38674","29.05761","-22.99493","MIZ_TIG","NOR_BIS","TaylorStadium","D1","SEC","20260228-TaylorStadium-1","8462c730-14dd-11f1-9d47-ad81a36dfdfe","90.11865","2.44013",,"7.93202",,,,"2.47126","2.44013","0.01511","d5e8cf87-b751-4c50-b9dc-f6258004ecf5","2026-02-28","19:41:46.14","2026-02-28T13:41:46.1436416-06:00","2026-02-28T19:41:46.1436416Z","GroundBall","v3","4806","471388","ae4075840dfa411e9b4d026302d1ad63","Freiter, Bennett","1000119083","Right","NOR_BIS","437643f0-ad25-4678-8f7e-4742d844b9ff","54.19605","-132.24343","14.52881","5.71499","-3.29168","-11.49747","-1.2574","6.24266","-7.69337",,"2.47074","44.3062",,,,,,,,"2.44123","-92.67396",,,,,,,,"0.01446","54.88088",,,,,,,,,,,,,,,,,,,,,,,,,,,,,,"High","High","High","Estimated","Estimated","","","",,,,,,,,,,,,,,,,,,,,,,,,,,,,,,,,"73.84048","2.17288","0.16663","2026","02","28"
"78","2026-02-28","13:42:27.26","4","1","Marks, Brayden","1000138334","Right","NOR_BIS","Serna, Mateo","806219","Left","MIZ_TIG","Undefined","2","Bottom","2","0","0","ChangeUp","Changeup","BallCalled","Undefined","Undefined","Undefined","0","0","","77.91639","0.639354","-1.021876","1486.830928","244.642134","2:15","5.43813","1.27003","6.58568","-36.55758","8.74969","15.12902","2.97767","1.59426","70.6115","-6.266847","1.730597","0.484457",,,,,,,,,,,,"-8.18622","4.89855","-1.20528","50.0","5.4671","1.48886","-113.17712","0.29527","-10.47631","23.22662","-25.90512","MIZ_TIG","NOR_BIS","TaylorStadium","D1","SEC","20260228-TaylorStadium-1","9cf89220-14dd-11f1-9d47-ad81a36dfdfe","77.80346",,,"7.30489",,,,,,,"d5e8cf87-b751-4c50-b9dc-f6258004ecf5","2026-02-28","19:42:27.26","2026-02-28T13:42:27.2644096-06:00","2026-02-28T19:42:27.2644096Z","","v3","4806","471388","ae4075840dfa411e9b4d026302d1ad63","Freiter, Bennett","1000119083","Right","NOR_BIS","ac61d122-38c4-4833-bc80-d1bd984bfae1","53.91065","-113.97685","11.61331","5.44158","1.18722","-12.95256","-1.26276","1.84957","-5.23816",,,,,,,,,,,,,,,,,,,,,,,,,,,,,,,,,,,,,,,,,,,,,,,,,,,"High","High","High","","","","","",,,,,,,,,,,,,,,,,,,,,,,,,,,,,,,,,,,"2026","02","28"
"79","2026-02-28","13:42:48.04","4","2","Marks, Brayden","1000138334","Right","NOR_BIS","Serna, Mateo","806219","Left","MIZ_TIG","Undefined","2","Bottom","2","1","0","ChangeUp","Changeup","StrikeSwinging","Undefined","Undefined","Undefined","0","0","","80.76055","-1.886596","-2.874578","1651.933508","246.781888","2:15","5.38027","1.56937","6.23439","-34.55789","8.07729","15.4595","0.75722","0.20361","73.77208","-8.323563","-0.08065","0.469954",,,,,,,,,,,,"-8.90327","5.18299","-1.36231","50.0","5.22232","5.32128","-117.1569","-4.8743","-12.27803","23.7442","-25.02647","MIZ_TIG","NOR_BIS","TaylorStadium","D1","SEC","20260228-TaylorStadium-1","a94c3db0-14dd-11f1-9d47-ad81a36dfdfe","80.2045",,,"6.98846",,,,,,,"d5e8cf87-b751-4c50-b9dc-f6258004ecf5","2026-02-28","19:42:48.04","2026-02-28T13:42:48.0431104-06:00","2026-02-28T19:42:48.0431104Z","","v3","4806","471388","ae4075840dfa411e9b4d026302d1ad63","Freiter, Bennett","1000119083","Right","NOR_BIS","22b417d4-a8e3-4fb9-92d4-6381ac1fb9dd","54.26495","-118.01812","11.8721","5.38265","-3.96658","-12.51324","-1.56339","5.76661","-6.13901",,,,,,,,,,,,,,,,,,,,,,,,,,,,,,,,,,,,,,,,,,,,,,,,,,,"High","High","High","","","","","",,,,,,,,,,,,,,,,,,,,,,,,,,,,,,,,,,,"2026","02","28"
"80","2026-02-28","13:43:12.96","4","3","Marks, Brayden","1000138334","Right","NOR_BIS","Serna, Mateo","806219","Left","MIZ_TIG","Undefined","2","Bottom","2","1","1","Slider","Curveball","StrikeSwinging","Undefined","Undefined","Undefined","0","0","","77.99468","0.499728","-1.665061","2435.400714","17.893706","6:30","5.82326","1.06118","5.63026","-53.88078","-7.19618","-2.8178","1.79968","-0.72767","71.45514","-9.326525","-2.169293","0.491766",,,,,,,,,,,,"0.92429","-3.3265","-0.91759","50.0","5.83138","3.39901","-113.21396","-0.80989","1.1896","22.28176","-36.45543","MIZ_TIG","NOR_BIS","TaylorStadium","D1","SEC","20260228-TaylorStadium-1","b83e3ad0-14dd-11f1-9d47-ad81a36dfdfe","76.64716",,,"6.53954",,,,,,,"d5e8cf87-b751-4c50-b9dc-f6258004ecf5","2026-02-28","19:43:12.96","2026-02-28T13:43:12.9644032-06:00","2026-02-28T19:43:12.9644032Z","","v3","4806","471388","ae4075840dfa411e9b4d026302d1ad63","Freiter, Bennett","1000119083","Right","NOR_BIS","b65fb49c-b662-4de7-8f94-b54e3dcf97fd","54.87026","-114.16846","11.14088","5.83263","0.75178","-18.22772","-1.0621","3.34805","0.5948",,,,,,,,,,,,,,,,,,,,,,,,,,,,,,,,,,,,,,,,,,,,,,,,,,,"High","High","High","","","","","",,,,,,,,,,,,,,,,,,,,,,,,,,,,,,,,,,,"2026","02","28"
"81","2026-02-28","13:43:37.91","4","4","Marks, Brayden","1000138334","Right","NOR_BIS","Serna, Mateo","806219","Left","MIZ_TIG","Undefined","2","Bottom","2","1","2","Sinker","Sinker","BallCalled","Undefined","Undefined","Undefined","0","0","","89.92423","-0.693071","-1.165086","2105.178277","242.697543","2:00","5.68124","1.11909","5.98169","-25.40017","9.32941","15.76383","2.92198","1.35266","81.53612","-5.453127","1.670579","0.424152",,,,,,,,,,,,"-8.39225","5.36681","-1.03539","50.0","5.61261","1.972","-130.52477","-2.42208","-14.33027","30.08709","-23.00991","MIZ_TIG","NOR_BIS","TaylorStadium","D1","SEC","20260228-TaylorStadium-1","c6ff8b00-14dd-11f1-9d47-ad81a36dfdfe","88.86547",,,"8.38811",,,,,,,"d5e8cf87-b751-4c50-b9dc-f6258004ecf5","2026-02-28","19:43:37.91","2026-02-28T13:43:37.9187200-06:00","2026-02-28T19:43:37.9187200Z","","v3","4806","471388","ae4075840dfa411e9b4d026302d1ad63","Freiter, Bennett","1000119083","Right","NOR_BIS","72ece6ae-016b-4204-bd14-89fdd0005d90","54.51551","-131.56152","15.04354","5.68241","-1.6292","-11.50495","-1.11185","2.46579","-7.16513",,,,,,,,,,,,,,,,,,,,,,,,,,,,,,,,,,,,,,,,,,,,,,,,,,,"High","High","High","","","","","",,,,,,,,,,,,,,,,,,,,,,,,,,,,,,,,,,,"2026","02","28"
"82","2026-02-28","13:43:59.16","4","5","Marks, Brayden","1000138334","Right","NOR_BIS","Serna, Mateo","806219","Left","MIZ_TIG","Undefined","2","Bottom","2","2","2","Sinker","Sinker","BallCalled","Undefined","Undefined","Undefined","0","0","","89.35435","-2.438861","-3.418114","2142.318234","248.427565","2:15","5.68752","1.12448","6.05447","-27.38919","7.8541","16.73607","1.14217","-0.64859","81.12776","-7.545109","-0.406886","0.427277",,,,,,,,,,,,"-9.65536","5.17087","-0.86728","50.0","5.483","7.02868","-129.42428","-6.42781","-16.20153","29.71598","-23.49738","MIZ_TIG","NOR_BIS","TaylorStadium","D1","SEC","20260228-TaylorStadium-1","d3c1d6e0-14dd-11f1-9d47-ad81a36dfdfe","88.21542",,,"8.22659",,,,,,,"d5e8cf87-b751-4c50-b9dc-f6258004ecf5","2026-02-28","19:43:59.16","2026-02-28T13:43:59.1639552-06:00","2026-02-28T19:43:59.1639552Z","","v3","4806","471388","ae4075840dfa411e9b4d026302d1ad63","Freiter, Bennett","1000119083","Right","NOR_BIS","05418aa9-cbfe-43f4-a79e-af83a318cc04","54.44396","-130.44062","14.85799","5.6891","-5.62415","-11.74869","-1.11715","7.58281","-8.10076",,,,,,,,,,,,,,,,,,,,,,,,,,,,,,,,,,,,,,,,,,,,,,,,,,,"High","High","High","","","","","",,,,,,,,,,,,,,,,,,,,,,,,,,,,,,,,,,,"2026","02","28"
"83","2026-02-28","13:44:22.09","4","6","Marks, Brayden","1000138334","Right","NOR_BIS","Serna, Mateo","806219","Left","MIZ_TIG","Undefined","2","Bottom","2","3","2","Sinker","Sinker","BallCalled","Walk","Undefined","Undefined","0","0","","89.31912","-0.37944","-1.127885","2193.668872","249.07139","2:15","5.64654","1.16495","6.0256","-27.15442","7.91371","17.61355","3.03218","1.58802","81.15963","-5.457119","2.043059","0.426214",,,,,,,,,,,,"-9.31839","4.5554","-1.0857","50.0","5.60232","1.79785","-129.69779","-1.76367","-15.74179","29.21255","-24.4785","MIZ_TIG","NOR_BIS","TaylorStadium","D1","SEC","20260228-TaylorStadium-1","e262f4e0-14dd-11f1-9d47-ad81a36dfdfe","88.43548",,,"8.15949",,,,,,,"d5e8cf87-b751-4c50-b9dc-f6258004ecf5","2026-02-28","19:44:22.09","2026-02-28T13:44:22.0986880-06:00","2026-02-28T19:44:22.0986880Z","","v3","4806","471388","ae4075840dfa411e9b4d026302d1ad63","Freiter, Bennett","1000119083","Right","NOR_BIS","ce1de4a3-2a40-41f1-9cd6-0b0280d39623","54.47206","-130.70117","14.60627","5.64846","-0.92289","-12.23925","-1.15674","2.33855","-7.8709",,,,,,,,,,,,,,,,,,,,,,,,,,,,,,,,,,,,,,,,,,,,,,,,,,,"High","High","High","","","","","",,,,,,,,,,,,,,,,,,,,,,,,,,,,,,,,,,,"2026","02","28"
"84","2026-02-28","13:45:05.05","5","1","Marks, Brayden","1000138334","Right","NOR_BIS","Ward, Blaize","1000263242","Left","MIZ_TIG","Undefined","2","Bottom","2","0","0","Sinker","Sinker","StrikeCalled","Undefined","Undefined","Undefined","0","0","","88.71082","-0.676266","-1.782436","2117.744188","242.855614","2:00","5.62959","1.3158","5.98542","-26.30285","9.24859","15.73706","2.81056","0.97462","80.74595","-5.595154","1.04788","0.429141",,,,,,,,,,,,"-8.56052","5.31233","-1.18345","50.0","5.56178","3.34096","-128.78869","-2.38613","-14.29321","28.21845","-23.30423","MIZ_TIG","NOR_BIS","TaylorStadium","D1","SEC","20260228-TaylorStadium-1","fafb30d0-14dd-11f1-9d47-ad81a36dfdfe","87.83233",,,"7.96488",,,,,,,"d5e8cf87-b751-4c50-b9dc-f6258004ecf5","2026-02-28","19:45:05.05","2026-02-28T13:45:05.0524160-06:00","2026-02-28T19:45:05.0524160Z","","v3","4806","471388","ae4075840dfa411e9b4d026302d1ad63","Freiter, Bennett","1000119083","Right","NOR_BIS","0ffe537c-0051-411d-92e3-4583324f9261","54.5126","-129.77366","14.10922","5.63088","-1.57269","-11.65212","-1.30878","3.83987","-7.1466",,,,,,,,,,,,,,,,,,,,,,,,,,,,,,,,,,,,,,,,,,,,,,,,,,,"High","High","High","","","","","",,,,,,,,,,,,,,,,,,,,,,,,,,,,,,,,,,,"2026","02","28"
"85","2026-02-28","13:45:25.13","5","2","Marks, Brayden","1000138334","Right","NOR_BIS","Ward, Blaize","1000263242","Left","MIZ_TIG","Undefined","2","Bottom","2","0","1","Sinker","Sinker","StrikeCalled","Undefined","Undefined","Undefined","0","0","","89.05551","-1.83095","-2.213181","2091.471191","249.670972","2:15","5.68402","1.11431","5.96299","-28.01466","7.36201","16.66544","1.64988","0.44991","81.16483","-7.039471","0.784057","0.428085",,,,,,,,,,,,"-9.19264","4.68701","-0.94783","50.0","5.52314","4.29028","-129.20388","-5.07801","-15.43287","28.641","-24.30535","MIZ_TIG","NOR_BIS","TaylorStadium","D1","SEC","20260228-TaylorStadium-1","071025b0-14de-11f1-9d47-ad81a36dfdfe","88.04896",,,"7.89068",,,,,,,"d5e8cf87-b751-4c50-b9dc-f6258004ecf5","2026-02-28","19:45:25.13","2026-02-28T13:45:25.1317248-06:00","2026-02-28T19:45:25.1317248Z","","v3","4806","471388","ae4075840dfa411e9b4d026302d1ad63","Freiter, Bennett","1000119083","Right","NOR_BIS","e5e00aaf-35a5-4b29-aaad-3fa72c51f902","54.53585","-130.20547","14.3205","5.68586","-4.22804","-12.15268","-1.10731","4.82998","-7.71644",,,,,,,,,,,,,,,,,,,,,,,,,,,,,,,,,,,,,,,,,,,,,,,,,,,"High","High","High","","","","","",,,,,,,,,,,,,,,,,,,,,,,,,,,,,,,,,,,"2026","02","28"
"86","2026-02-28","13:45:48.83","5","3","Marks, Brayden","1000138334","Right","NOR_BIS","Ward, Blaize","1000263242","Left","MIZ_TIG","Undefined","2","Bottom","2","0","2","Sinker","Sinker","FoulBallNotFieldable","Undefined","Undefined","Undefined","0","0","","90.81942","-1.304227","-1.611509","2225.934399","244.152026","2:15","5.73139","1.26187","5.99932","-24.76911","9.21792","16.64674","2.4581","1.15546","82.52358","-5.940085","1.38398","0.419593","83.50706","24.273901","-42.123771","4129.705023","74.95858","39.11167","-80.50598","265.50643","213.93637","-52.704628","3.473134","-9.07382","5.4728","-1.14426","50.0","5.61518","3.00544","-131.8366","-3.82709","-15.82527","30.39742","-22.62918","MIZ_TIG","NOR_BIS","TaylorStadium","D1","SEC","20260228-TaylorStadium-1","1501f0e0-14de-11f1-9d47-ad81a36dfdfe","89.83098","42.54189",,"8.29585",,,,"0.33591","2.55668","-1.42533","d5e8cf87-b751-4c50-b9dc-f6258004ecf5","2026-02-28","19:45:48.83","2026-02-28T13:45:48.8306688-06:00","2026-02-28T19:45:48.8306688Z","LineDrive","v3","4806","471388","ae4075840dfa411e9b4d026302d1ad63","Freiter, Bennett","1000119083","Right","NOR_BIS","a14cd5e0-1536-4e9b-8555-df4d3f964b38","54.50003","-132.87011","15.19871","5.73222","-3.0577","-11.31459","-1.25559","3.5435","-7.91263",,"0.33574","82.81717","-20.21669","5.17732","-1.21132","0.2595","-0.04924","0.00636","-3.5E-4","2.55678","50.34547","-16.77693","0.5015","0.09311","-0.03762","0.00387","0.00126","-2.4E-4","-1.42526","-74.88778","5.86647","-0.49697","-0.04181","0.02028","-0.00138","-3.7E-4","4.0E-5",,,,,,,,,,,,,,,,,,,,,,,"High","High","High","High","Medium","","","",,,,,,,,,,,,,,,,,,,,,,,,,,,,,,,,,,,"2026","02","28"
"87","2026-02-28","13:46:17.87","5","4","Marks, Brayden","1000138334","Right","NOR_BIS","Ward, Blaize","1000263242","Left","MIZ_TIG","Undefined","2","Bottom","2","0","2","Slider","Curveball","InPlay","Undefined","GroundBall","Out","1","0","","77.24263","0.745883","-1.081954","2355.147321","22.968642","6:45","5.82435","1.22426","5.34309","-53.11164","-5.17181","-2.84103","2.09824","-0.02756","70.9082","-8.899763","-1.587617","0.498333","70.75982","-0.972252","39.078327","3758.590564",,,,"35.65796","33.56093","38.506646","0.343744","1.11906","-2.41874","-1.12459","50.0","5.85314","2.22719","-112.13357","-0.34244","1.41816","21.1619","-35.23929","MIZ_TIG","NOR_BIS","TaylorStadium","D1","SEC","20260228-TaylorStadium-1","2660a840-14de-11f1-9d47-ad81a36dfdfe","75.63705","2.19522",,"6.33443",,,,"1.69037","2.19522","0.11923","d5e8cf87-b751-4c50-b9dc-f6258004ecf5","2026-02-28","19:46:17.87","2026-02-28T13:46:17.8780160-06:00","2026-02-28T19:46:17.8780160Z","GroundBall","v3","4806","471388","ae4075840dfa411e9b4d026302d1ad63","Freiter, Bennett","1000119083","Right","NOR_BIS","8c7a75d9-be4a-47c5-8043-302b34fa0f26","55.15815","-113.10283","10.58095","5.83186","1.27159","-17.61964","-1.22511","2.16223","0.70908","254.023575","1.69418","80.40434","-12.12515",,,,,,,"2.19648","-1.80975","-13.33627",,,,,,,"0.11959","65.39836","-3.38011",,,,,,,,,,,,,,,,,,,,,,,,,,,,,"High","High","High","High","High","","","",,,,,,,,,,,,,,,,,,,,,,,,,,,,,,,,"69.8968","11.89243","11.76699","2026","02","28"
"108","2026-02-28","13:59:46.10","1","1","Marks, Brayden","1000138334","Right","NOR_BIS","Benson, Cameron","813272","Left","MIZ_TIG","Undefined","3","Bottom","0","0","0","ChangeUp","Changeup","InPlay","Undefined","GroundBall","Out","1","0","","80.10126","-0.150304","-2.650306","1499.187138","259.768248","2:45","5.45705","1.22703","6.16221","-39.03415","4.35311","16.07257","2.06521","0.11639","73.06061","-7.408797","0.249832","0.474081","102.97226","-12.865114","25.860566",,,,,"10.73388","8.81553","19.425694","0.060205","-9.14709","2.70445","-1.03412","50.0","5.4257","4.80001","-116.28992","-1.47548","-12.42784","23.40085","-28.49959","MIZ_TIG","NOR_BIS","TaylorStadium","D1","SEC","20260228-TaylorStadium-1","082eca30-14e0-11f1-9d47-ad81a36dfdfe","79.50633","2.02694",,"7.04065",,,,"2.13667","2.02694","-0.30116","d5e8cf87-b751-4c50-b9dc-f6258004ecf5","2026-02-28","19:59:46.10","2026-02-28T13:59:46.1059072-06:00","2026-02-28T19:59:46.1059072Z","GroundBall","v3","4806","471388","ae4075840dfa411e9b4d026302d1ad63","Freiter, Bennett","1000119083","Right","NOR_BIS","6bbf8d93-226d-4ef6-9a6a-fe1bde5ae9d7","54.33793","-117.15959","11.70042","5.46085","-0.41633","-14.24979","-1.22109","5.26187","-6.21392","180.0","2.13512","132.65062",,,,,,,,"2.02734","-33.66759",,,,,,,,"-0.30192","64.29889",,,,,,,,,,,,,,,,,,,,,,,,,,,,,,"High","High","High","Low","Low","","","",,,,,,,,,,,,,,,,,,,,,,,,,,,,,,,,,,,"2026","02","28"
"109","2026-02-28","14:00:28.15","2","1","Marks, Brayden","1000138334","Right","NOR_BIS","George, Jamal","805322","Right","MIZ_TIG","Undefined","3","Bottom","1","0","0","Sinker","Sinker","BallCalled","Undefined","Undefined","Undefined","0","0","","88.7507","-0.042132","-1.874452","2100.269657","242.489793","2:00","5.68758","0.98994","6.00952","-25.96383","9.70544","16.25702","3.48488","0.60751","80.2885","-4.920038","1.049645","0.429851",,,,,,,,,,,,"-8.85335","5.37674","-0.8511","50.0","5.67028","3.51604","-128.77495","-0.93876","-14.70157","29.51163","-23.24566","MIZ_TIG","NOR_BIS","TaylorStadium","D1","SEC","20260228-TaylorStadium-1","2145fa20-14e0-11f1-9d47-ad81a36dfdfe","87.68713",,,"8.4622",,,,,,,"d5e8cf87-b751-4c50-b9dc-f6258004ecf5","2026-02-28","20:00:28.15","2026-02-28T14:00:28.1588736-06:00","2026-02-28T20:00:28.1588736Z","","v3","4806","471388","ae4075840dfa411e9b4d026302d1ad63","Freiter, Bennett","1000119083","Right","NOR_BIS","6777d26d-e68d-4d14-b979-338a94eb51f0","54.48717","-129.79921","14.75581","5.68886","-0.13197","-11.62283","-0.98199","4.02629","-7.35079",,,,,,,,,,,,,,,,,,,,,,,,,,,,,,,,,,,,,,,,,,,,,,,,,,,"High","High","High","","","","","",,,,,,,,,,,,,,,,,,,,,,,,,,,,,,,,,,,"2026","02","28"
"110","2026-02-28","14:00:46.09","2","2","Marks, Brayden","1000138334","Right","NOR_BIS","George, Jamal","805322","Right","MIZ_TIG","Undefined","3","Bottom","1","1","0","Slider","Slider","BallCalled","Undefined","Undefined","Undefined","0","0","","79.7441","0.684371","-2.444125","2304.633835","102.552615","9:30","5.44362","1.21937","5.91877","-42.29046","2.10146","-2.59851","2.55513","-1.26674","72.45449","-7.139977","-2.910351","0.479538",,,,,,,,,,,,"0.55835","1.38063","-1.02213","50.0","5.47501","5.03657","-115.62841","0.03581","0.74739","23.8319","-30.326","MIZ_TIG","NOR_BIS","TaylorStadium","D1","SEC","20260228-TaylorStadium-1","2beb5970-14e0-11f1-9d47-ad81a36dfdfe","78.60152",,,"7.28961",,,,,,,"d5e8cf87-b751-4c50-b9dc-f6258004ecf5","2026-02-28","20:00:46.09","2026-02-28T14:00:46.0948480-06:00","2026-02-28T20:00:46.0948480Z","","v3","4806","471388","ae4075840dfa411e9b4d026302d1ad63","Freiter, Bennett","1000119083","Right","NOR_BIS","83fdf6aa-08ec-4dca-80a0-3fb587506d1b","54.57763","-116.56807","11.91595","5.45003","1.23153","-15.163","-1.22013","5.00711","0.37369",,,,,,,,,,,,,,,,,,,,,,,,,,,,,,,,,,,,,,,,,,,,,,,,,,,"High","High","High","","","","","",,,,,,,,,,,,,,,,,,,,,,,,,,,,,,,,,,,"2026","02","28"
"111","2026-02-28","14:01:04.80","2","3","Marks, Brayden","1000138334","Right","NOR_BIS","George, Jamal","805322","Right","MIZ_TIG","Undefined","3","Bottom","1","2","0","Sinker","Sinker","InPlay","Undefined","GroundBall","Out","1","0","","88.23585","-1.108803","-2.561881","2099.826435","249.149739","2:15","5.66912","0.88269","6.0978","-28.47427","7.38248","16.21501","2.26959","-0.13711","80.30346","-6.425314","0.359817","0.43098","79.24239","11.214034","-19.596649","1388.530608","101.81744","7.70025","-41.63112","148.2163","144.48841","-23.433003","1.497606","-9.17993","4.4876","-0.69401","50.0","5.56871","5.07753","-128.06427","-3.40552","-15.12645","28.37176","-24.77953","MIZ_TIG","NOR_BIS","TaylorStadium","D1","SEC","20260228-TaylorStadium-1","36ffce40-14e0-11f1-9d47-ad81a36dfdfe","87.45759","9.92063",,"7.93239",,,,"1.73354","2.40914","0.12573","d5e8cf87-b751-4c50-b9dc-f6258004ecf5","2026-02-28","20:01:04.80","2026-02-28T14:01:04.8074240-06:00","2026-02-28T20:01:04.8074240Z","LineDrive","v3","4806","471388","ae4075840dfa411e9b4d026302d1ad63","Freiter, Bennett","1000119083","Right","NOR_BIS","b1c779d5-4777-4ada-93b7-e62703e704b7","54.40213","-129.03584","14.18588","5.6708","-2.55695","-12.38976","-0.87676","5.59553","-7.56323","100.562403","1.73354","107.39965","-14.2972","2.16003","-0.43028","0.05932","-0.0024","-0.00269","6.9E-4","2.40914","22.60223","-17.82804","1.36766","-0.23166","0.04849","-0.00745","0.00125","-1.6E-4","0.12573","-38.23619","-1.71959","0.88757","-0.2504","0.04965","5.6E-4","-0.00463","0.0011",,,,,,,,,,,,,,,,,,,,,,,"High","High","High","High","High","","","",,,,,,,,,,,,,,,,,,,,,,,,,,,,,,,,"71.94658","21.62149","-16.28867","2026","02","28"
"112","2026-02-28","14:01:46.13","3","1","Marks, Brayden","1000138334","Right","NOR_BIS","Maisonet, Eric","835908","Left","MIZ_TIG","Undefined","3","Bottom","2","0","0","Sinker","Sinker","InPlay","Undefined","GroundBall","Out","1","0","","89.30588","-0.88717","-2.956773","2156.644215","245.182205","2:15","5.66022","1.11943","6.06184","-26.24773","8.69182","16.33072","2.65065","-0.25867","81.45806","-5.793376","-0.018654","0.425432","77.86886","-7.329029","18.176349",,,,,"18.39041","18.39041","18.834993","0.161039","-9.28465","5.07189","-0.89854","50.0","5.57725","6.02237","-129.61417","-2.86864","-15.73831","27.99458","-23.57676","MIZ_TIG","NOR_BIS","TaylorStadium","D1","SEC","20260228-TaylorStadium-1","4fb75200-14e0-11f1-9d47-ad81a36dfdfe","88.59807","2.64891",,"7.84783",,,,"0.46144","2.64891","0.27539","d5e8cf87-b751-4c50-b9dc-f6258004ecf5","2026-02-28","20:01:46.13","2026-02-28T14:01:46.1356544-06:00","2026-02-28T20:01:46.1356544Z","GroundBall","v3","4806","471388","ae4075840dfa411e9b4d026302d1ad63","Freiter, Bennett","1000119083","Right","NOR_BIS","9b7f91e7-0829-473a-b65a-0645beb50cc8","54.43802","-130.56919","13.99729","5.6614","-2.06433","-11.78838","-1.11315","6.55928","-7.86915","240.439889","0.46192","107.58248","-14.71735",,,,,,,"2.64901","-14.57695","-11.63199",,,,,,,"0.27538","35.33594","-1.10233",,,,,,,,,,,,,,,,,,,,,,,,,,,,,"High","High","High","High","High","","","",,,,,,,,,,,,,,,,,,,,,,,,,,,,,,,,"70.18113","15.0692","-1.93964","2026","02","28"
"128","2026-02-28","14:17:00.26","1","1","Marks, Brayden","1000138334","Right","NOR_BIS","Patterson, Christopher","1000080435","Left","MIZ_TIG","Undefined","4","Bottom","0","0","0","Cutter","Slider","InPlay","Undefined","FlyBall","Triple","0","0","","80.77217","0.265807","-1.298307","2258.166381","114.160382","9:45","5.54656","1.22191","5.73474","-41.39069","2.60709","-2.09839","2.34493","-0.16219","72.61571","-7.398713","-1.674116","0.477405","101.21672","28.367984","7.729674","3251.459334","108.09332","56.61604","20.3897","364.24738","364.24738","18.400923","4.949686","0.61949","1.6941","-1.11243","50.0","5.54355","2.73555","-117.05356","-0.80744","0.83931","26.92763","-29.87879","MIZ_TIG","NOR_BIS","TaylorStadium","D1","SEC","20260228-TaylorStadium-1","7080ce10-14e2-11f1-9d47-ad81a36dfdfe","78.95276","82.52451",,"8.15645",,,,"1.59983","2.43558","0.13927","d5e8cf87-b751-4c50-b9dc-f6258004ecf5","2026-02-28","20:17:00.26","2026-02-28T14:17:00.2629120-06:00","2026-02-28T20:17:00.2629120Z","FlyBall","v3","4806","471388","ae4075840dfa411e9b4d026302d1ad63","Freiter, Bennett","1000119083","Right","NOR_BIS","ce386cd6-6a00-4e1d-9f4a-155cb9eb7720","54.76208","-118.14398","13.46382","5.55175","0.40247","-14.93939","-1.22252","2.70157","0.41966","207.462977","1.5998","129.43921","-28.47241","7.14254","-1.68005","0.37951","-0.06849","0.00762","-3.6E-4","2.43751","70.49038","-16.59056","0.11339","0.45066","-0.22194","0.05316","-0.00625","2.9E-4","0.13901","17.57364","3.80653","-1.39291","0.41181","-0.10053","0.01753","-0.00181","8.0E-5",,,,,,,,,,,,,,,,,,,,,,,"High","High","High","High","Medium","","","",,,,,,,,,,,,,,,,,,,,,,,,,,,,,,,,,,,"2026","02","28"
"129","2026-02-28","14:17:56.37","2","1","Marks, Brayden","1000138334","Right","NOR_BIS","Frost, Isaiah","801981","Left","MIZ_TIG","Undefined","4","Bottom","0","0","0","Fastball","Sinker","InPlay","Undefined","Bunt","FieldersChoice","1","0","","88.00388","-1.429742","-1.58223","2050.424787","229.690433","1:45","5.67333","1.22441","6.02398","-23.20871","13.3756","14.1415","2.41429","0.93706","79.05571","-5.827299","0.96308","0.43533","50.99983","-67.619958","16.801753",,,,,"2.87347","2.87347","-12.822702","0.035276","-7.81599","7.7576","-1.10823","50.0","5.54899","2.93722","-127.57676","-3.89261","-12.61392","31.32962","-19.65433","MIZ_TIG","NOR_BIS","TaylorStadium","D1","SEC","20260228-TaylorStadium-1","9214ff10-14e2-11f1-9d47-ad81a36dfdfe","86.58353","2.45668",,"8.94816",,,,"1.83343","2.45668","-0.93013","d5e8cf87-b751-4c50-b9dc-f6258004ecf5","2026-02-28","20:17:56.37","2026-02-28T14:17:56.3716096-06:00","2026-02-28T20:17:56.3716096Z","GroundBall","v3","4806","471388","ae4075840dfa411e9b4d026302d1ad63","Freiter, Bennett","1000119083","Right","NOR_BIS","08db6ede-a0da-4445-9c54-ae1f14d5d4c9","54.47292","-128.67051","15.66481","5.6729","-3.20646","-9.82717","-1.21846","3.37759","-6.30696",,"1.83236","27.45183",,,,,,,,"2.45939","-69.642",,,,,,,,"-0.93045","8.28911",,,,,,,,,,,,,,,,,,,,,,,,,,,,,,"High","High","High","Estimated","Estimated","","","",,,,,,,,,,,,,,,,,,,,,,,,,,,,,,,,,,,"2026","02","28"
"130","2026-02-28","14:18:54.70","3","1","Marks, Brayden","1000138334","Right","NOR_BIS","Macon, Tyler","823527","Right","MIZ_TIG","Undefined","4","Bottom","1","0","0","Sinker","Sinker","BallCalled","Undefined","Undefined","Undefined","0","0","","88.50096","-1.427241","-1.158683","2206.062853","248.075186","2:15","5.79463","1.12406","5.97369","-27.24391","8.84678","18.73635","2.20063","1.61111","79.93933","-6.524957","2.212655","0.432383",,,,,,,,,,,,"-10.15493","5.36461","-1.04335","50.0","5.66658","1.84253","-128.41853","-4.08706","-16.65189","31.06963","-23.37724","MIZ_TIG","NOR_BIS","TaylorStadium","D1","SEC","20260228-TaylorStadium-1","b4b3c240-14e2-11f1-9d47-ad81a36dfdfe","87.17365",,,"8.56163",,,,,,,"d5e8cf87-b751-4c50-b9dc-f6258004ecf5","2026-02-28","20:18:54.70","2026-02-28T14:18:54.7045376-06:00","2026-02-28T20:18:54.7045376Z","","v3","4806","471388","ae4075840dfa411e9b4d026302d1ad63","Freiter, Bennett","1000119083","Right","NOR_BIS","d1487319-435b-4457-b9c9-eded5127249b","54.52666","-129.50908","15.53482","5.79564","-3.26651","-11.68862","-1.11828","2.42701","-8.32594",,,,,,,,,,,,,,,,,,,,,,,,,,,,,,,,,,,,,,,,,,,,,,,,,,,"High","High","High","","","","","",,,,,,,,,,,,,,,,,,,,,,,,,,,,,,,,,,,"2026","02","28"
"131","2026-02-28","14:19:14.56","3","2","Marks, Brayden","1000138334","Right","NOR_BIS","Macon, Tyler","823527","Right","MIZ_TIG","Undefined","4","Bottom","1","1","0","ChangeUp","Changeup","BallCalled","Undefined","Undefined","Undefined","0","0","","79.69829","-0.751196","-4.444048","1695.81577","266.374911","3:00","5.39906","1.46246","6.29644","-41.45089","2.83146","18.45875","1.25052","-1.1024","71.92122","-8.480254","-1.11196","0.478946",,,,,,,,,,,,"-10.97288","2.27307","-1.14311","50.0","5.32458","8.27414","-115.34777","-2.75139","-14.49758","25.32616","-29.1708","MIZ_TIG","NOR_BIS","TaylorStadium","D1","SEC","20260228-TaylorStadium-1","c096d1b0-14e2-11f1-9d47-ad81a36dfdfe","78.69871",,,"7.77706",,,,,,,"d5e8cf87-b751-4c50-b9dc-f6258004ecf5","2026-02-28","20:19:14.56","2026-02-28T14:19:14.5646592-06:00","2026-02-28T20:19:14.5646592Z","","v3","4806","471388","ae4075840dfa411e9b4d026302d1ad63","Freiter, Bennett","1000119083","Right","NOR_BIS","f5d18a20-5b3d-46d4-b95f-4cc6e4ecbdc7","54.20058","-116.2664","12.66308","5.40519","-1.6933","-14.5854","-1.45277","8.8","-7.24879",,,,,,,,,,,,,,,,,,,,,,,,,,,,,,,,,,,,,,,,,,,,,,,,,,,"High","High","High","","","","","",,,,,,,,,,,,,,,,,,,,,,,,,,,,,,,,,,,"2026","02","28"
"132","2026-02-28","14:19:35.82","3","3","Marks, Brayden","1000138334","Right","NOR_BIS","Macon, Tyler","823527","Right","MIZ_TIG","Undefined","4","Bottom","1","2","0","ChangeUp","Changeup","BallCalled","Undefined","Undefined","Undefined","0","0","","80.46847","-1.944811","-3.10401","1565.913226","238.348787","2:00","5.36331","1.52002","6.37487","-34.17474","8.61969","11.60075","0.72276","-0.37192","73.41887","-8.331551","-1.00316","0.470831",,,,,,,,,,,,"-7.00111","5.52508","-1.30105","50.0","5.20708","5.91484","-116.70125","-4.93523","-9.56689","23.83736","-24.62409","MIZ_TIG","NOR_BIS","TaylorStadium","D1","SEC","20260228-TaylorStadium-1","cd4a2970-14e2-11f1-9d47-ad81a36dfdfe","80.05513",,,"7.0496",,,,,,,"d5e8cf87-b751-4c50-b9dc-f6258004ecf5","2026-02-28","20:19:35.82","2026-02-28T14:19:35.8227968-06:00","2026-02-28T20:19:35.8227968Z","","v3","4806","471388","ae4075840dfa411e9b4d026302d1ad63","Freiter, Bennett","1000119083","Right","NOR_BIS","96e0ac0e-4508-4b71-877b-434d41eea118","54.12366","-117.54053","11.91868","5.36557","-4.06825","-12.31204","-1.51523","6.25168","-4.78344",,,,,,,,,,,,,,,,,,,,,,,,,,,,,,,,,,,,,,,,,,,,,,,,,,,"High","High","High","","","","","",,,,,,,,,,,,,,,,,,,,,,,,,,,,,,,,,,,"2026","02","28"
"133","2026-02-28","14:19:58.81","3","4","Marks, Brayden","1000138334","Right","NOR_BIS","Macon, Tyler","823527","Right","MIZ_TIG","Undefined","4","Bottom","1","3","0","Fastball","Four-Seam","BallCalled","Walk","Undefined","Undefined","0","0","","88.63033","-1.801757","-3.484217","2062.810736","222.259002","1:30","5.70498","1.01263","6.22629","-20.43816","15.08158","12.57942","2.33578","-1.15777","80.34801","-5.689044","-1.216967","0.42895",,,,,,,,,,,,"-7.49485","8.70934","-0.75756","50.0","5.55982","7.29232","-128.41848","-4.63075","-12.40893","28.71381","-17.75437","MIZ_TIG","NOR_BIS","TaylorStadium","D1","SEC","20260228-TaylorStadium-1","daedd4a0-14e2-11f1-9d47-ad81a36dfdfe","87.87149",,,"8.28233",,,,,,,"d5e8cf87-b751-4c50-b9dc-f6258004ecf5","2026-02-28","20:19:58.81","2026-02-28T14:19:58.8138496-06:00","2026-02-28T20:19:58.8138496Z","","v3","4806","471388","ae4075840dfa411e9b4d026302d1ad63","Freiter, Bennett","1000119083","Right","NOR_BIS","4ac1a22f-cd4b-4741-9bb8-06e7052717e8","54.26963","-129.36962","14.3569","5.70347","-4.04263","-8.87719","-1.00592","7.70337","-6.20446",,,,,,,,,,,,,,,,,,,,,,,,,,,,,,,,,,,,,,,,,,,,,,,,,,,"High","High","High","","","","","",,,,,,,,,,,,,,,,,,,,,,,,,,,,,,,,,,,"2026","02","28"
"134","2026-02-28","14:21:46.81","4","1","Marks, Brayden","1000138334","Right","NOR_BIS","Woita, Jase","831805","Left","MIZ_TIG","Undefined","4","Bottom","1","0","0","Sinker","Sinker","BallCalled","Undefined","Undefined","Undefined","0","0","","89.09162","-2.422937","-2.123963","2140.852525","248.135091","2:15","5.66064","1.28071","6.06252","-27.37671","7.94654","16.77501","1.13392","0.71198","81.0697","-7.523376","0.899461","0.427761",,,,,,,,,,,,"-9.29859","5.19843","-1.12471","50.0","5.45791","4.0983","-129.21004","-6.37128","-15.56653","29.37432","-23.47147","MIZ_TIG","NOR_BIS","TaylorStadium","D1","SEC","20260228-TaylorStadium-1","1b5bd190-14e3-11f1-9d47-ad81a36dfdfe","88.11556",,,"8.02192",,,,,,,"d5e8cf87-b751-4c50-b9dc-f6258004ecf5","2026-02-28","20:21:46.81","2026-02-28T14:21:46.8199936-06:00","2026-02-28T20:21:46.8199936Z","","v3","4806","471388","ae4075840dfa411e9b4d026302d1ad63","Freiter, Bennett","1000119083","Right","NOR_BIS","2a689bd6-cc15-4252-b85b-27452141f7ce","54.43648","-130.21471","14.68716","5.6621","-5.5685","-11.73574","-1.27399","4.63072","-7.78326",,,,,,,,,,,,,,,,,,,,,,,,,,,,,,,,,,,,,,,,,,,,,,,,,,,"High","High","High","","","","","",,,,,,,,,,,,,,,,,,,,,,,,,,,,,,,,,,,"2026","02","28"
"135","2026-02-28","14:22:06.05","4","2","Marks, Brayden","1000138334","Right","NOR_BIS","Woita, Jase","831805","Left","MIZ_TIG","Undefined","4","Bottom","1","1","0","Sinker","Sinker","FoulBallNotFieldable","Undefined","Undefined","Undefined","0","0","","89.45649","-0.970958","-2.175678","2172.460941","238.611076","2:00","5.62549","1.3287","6.09284","-24.33832","10.64288","15.45847","2.69845","0.60348","81.06882","-5.551634","0.609174","0.425686","97.57041","15.892519","-55.319654","3165.019904","57.41777","23.36081","-93.82492","249.3572","180.12713","-63.777164","2.490736","-8.63634","6.14528","-1.16898","50.0","5.53787","4.28727","-129.81024","-2.97533","-14.57976","29.86733","-21.79969","MIZ_TIG","NOR_BIS","TaylorStadium","D1","SEC","20260228-TaylorStadium-1","26e130a0-14e3-11f1-9d47-ad81a36dfdfe","88.54527","24.29228",,"8.38767",,,,"0.63528","2.57905","-0.50872","d5e8cf87-b751-4c50-b9dc-f6258004ecf5","2026-02-28","20:22:06.05","2026-02-28T14:22:06.0598784-06:00","2026-02-28T20:22:06.0598784Z","LineDrive","v3","4806","471388","ae4075840dfa411e9b4d026302d1ad63","Freiter, Bennett","1000119083","Right","NOR_BIS","8b022ff8-1f66-4b7f-a632-b96f025d79e2","54.40542","-130.81994","14.93366","5.626","-2.23837","-10.89985","-1.32225","4.78015","-7.28988",,"0.6352","78.31666","-21.70786","5.0904","-1.28702","0.33192","-0.06266","0.00509","1.0E-4","2.57935","39.17226","-19.75188","2.17144","-0.30128","0.04514","-0.06564","0.03031","-0.00422","-0.50864","-113.18501","15.28126","-3.71092","0.95356","-0.26434","0.05367","-0.00475","-5.0E-5",,,,,,,,,,,,,,,,,,,,,,,"High","High","High","Medium","Medium","","","",,,,,,,,,,,,,,,,,,,,,,,,,,,,,,,,"74.03304","1.8496","-23.9594","2026","02","28"
"136","2026-02-28","14:22:30.13","4","3","Marks, Brayden","1000138334","Right","NOR_BIS","Woita, Jase","831805","Left","MIZ_TIG","Undefined","4","Bottom","1","1","1","Sinker","Sinker","InPlay","Undefined","GroundBall","Out","1","0","","89.58697","-1.647988","-2.696105","2164.313968","242.743336","2:00","5.65241","1.14262","5.94481","-25.01395","10.21339","17.37525","2.03719","0.08789","80.99528","-6.33783","0.424914","0.42718","66.59129","-54.025575","63.399813",,,,,"3.73625","3.21663","20.688985","0.027969","-9.8115","6.12536","-0.93774","50.0","5.50706","5.38523","-129.86331","-4.56052","-16.51976","30.7602","-21.86066","MIZ_TIG","NOR_BIS","TaylorStadium","D1","SEC","20260228-TaylorStadium-1","3531e4b0-14e3-11f1-9d47-ad81a36dfdfe","88.23541","2.21871",,"8.59169",,,,"2.7742","2.21871","-0.12001","d5e8cf87-b751-4c50-b9dc-f6258004ecf5","2026-02-28","20:22:30.13","2026-02-28T14:22:30.1316608-06:00","2026-02-28T20:22:30.1316608Z","GroundBall","v3","4806","471388","ae4075840dfa411e9b4d026302d1ad63","Freiter, Bennett","1000119083","Right","NOR_BIS","5d76f54e-c9b5-4012-a0a2-cfa1e6c511e8","54.55415","-130.93759","15.3801","5.653","-3.79705","-10.93033","-1.13589","5.96217","-8.25988",,"2.77378","25.78218",,,,,,,,"2.22","-79.32663",,,,,,,,"-0.12085","51.4854",,,,,,,,,,,,,,,,,,,,,,,,,,,,,,"High","High","High","Low","Low","","","",,,,,,,,,,,,,,,,,,,,,,,,,,,,,,,,"72.27967","8.7706","-1.86615","2026","02","28"
"137","2026-02-28","14:23:12.09","5","1","Marks, Brayden","1000138334","Right","NOR_BIS","Serna, Mateo","806219","Left","MIZ_TIG","Undefined","4","Bottom","2","0","0","Slider","Curveball","BallCalled","Undefined","Undefined","Undefined","0","0","","75.6564","2.249039","-0.218369","2348.830898","46.127377","7:30","5.84699","1.18903","5.41101","-52.42164","-2.52953","-4.29851","3.58671","0.62623","69.15394","-7.325304","-0.983374","0.508379",,,,,,,,,,,,"2.07969","-1.36264","-1.16658","50.0","6.01086","0.58575","-109.74826","2.57002","2.52722","20.08496","-33.82992","MIZ_TIG","NOR_BIS","TaylorStadium","D1","SEC","20260228-TaylorStadium-1","4e39d260-14e3-11f1-9d47-ad81a36dfdfe","74.14245",,,"6.50246",,,,,,,"d5e8cf87-b751-4c50-b9dc-f6258004ecf5","2026-02-28","20:23:12.09","2026-02-28T14:23:12.0986112-06:00","2026-02-28T20:23:12.0986112Z","","v3","4806","471388","ae4075840dfa411e9b4d026302d1ad63","Freiter, Bennett","1000119083","Right","NOR_BIS","51da1406-cbdd-4c68-989a-5eab2b4e1166","55.08776","-110.67545","10.04248","5.85617","4.13172","-16.91496","-1.19093","0.46909","1.26361",,,,,,,,,,,,,,,,,,,,,,,,,,,,,,,,,,,,,,,,,,,,,,,,,,,"High","High","High","","","","","",,,,,,,,,,,,,,,,,,,,,,,,,,,,,,,,,,,"2026","02","28"
"138","2026-02-28","14:23:31.54","5","2","Marks, Brayden","1000138334","Right","NOR_BIS","Serna, Mateo","806219","Left","MIZ_TIG","Undefined","4","Bottom","2","1","0","Slider","Curveball","BallCalled","Undefined","Undefined","Undefined","0","0","","76.46626","-6.71E-4","-2.002843","2340.499747","26.495109","7:00","5.76297","1.12347","5.71677","-51.58349","-3.23984","-2.39551","1.46373","-0.94265","70.22215","-9.427084","-2.432017","0.500427",,,,,,,,,,,,"0.62673","-1.18807","-0.95445","50.0","5.73101","3.9699","-110.99854","-1.6425","0.7769","21.06218","-33.64675","MIZ_TIG","NOR_BIS","TaylorStadium","D1","SEC","20260228-TaylorStadium-1","59ddb5f0-14e3-11f1-9d47-ad81a36dfdfe","75.3205",,,"6.24411",,,,,,,"d5e8cf87-b751-4c50-b9dc-f6258004ecf5","2026-02-28","20:23:31.54","2026-02-28T14:23:31.5456512-06:00","2026-02-28T20:23:31.5456512Z","","v3","4806","471388","ae4075840dfa411e9b4d026302d1ad63","Freiter, Bennett","1000119083","Right","NOR_BIS","6808cff3-337a-48a1-b935-556a1b9d774d","54.78341","-111.90252","10.53109","5.77052","-0.1984","-16.82338","-1.12412","3.93656","0.38845",,,,,,,,,,,,,,,,,,,,,,,,,,,,,,,,,,,,,,,,,,,,,,,,,,,"High","High","High","","","","","",,,,,,,,,,,,,,,,,,,,,,,,,,,,,,,,,,,"2026","02","28"
"139","2026-02-28","14:23:53.11","5","3","Marks, Brayden","1000138334","Right","NOR_BIS","Serna, Mateo","806219","Left","MIZ_TIG","Undefined","4","Bottom","2","2","0","Sinker","Sinker","InPlay","Undefined","GroundBall","Out","1","0","","88.25776","-1.240664","-1.560981","2078.551275","243.118592","2:00","5.66589","1.12446","6.02902","-26.69029","9.30178","15.91091","2.29212","1.0044","80.14219","-6.235818","1.30406","0.431792","66.74332","-52.499147","42.98894",,,,,"2.65578","2.65578","4.119914","0.029334","-8.70319","5.52803","-1.01113","50.0","5.55447","2.84144","-128.11191","-3.63744","-14.31235","29.0618","-23.08323","MIZ_TIG","NOR_BIS","TaylorStadium","D1","SEC","20260228-TaylorStadium-1","66a04ff0-14e3-11f1-9d47-ad81a36dfdfe","87.293","2.28653",,"8.11557",,,,"1.36548","2.28653","-1.00556","d5e8cf87-b751-4c50-b9dc-f6258004ecf5","2026-02-28","20:23:53.11","2026-02-28T14:23:53.1188224-06:00","2026-02-28T20:23:53.1188224Z","GroundBall","v3","4806","471388","ae4075840dfa411e9b4d026302d1ad63","Freiter, Bennett","1000119083","Right","NOR_BIS","656e0200-b9d8-40d6-a6d6-f169c631e75f","54.47019","-129.12198","14.5309","5.66695","-2.83517","-11.54162","-1.11853","3.33887","-7.15617",,"1.36471","43.75338",,,,,,,,"2.28789","-77.94928",,,,,,,,"-1.00628","40.7849",,,,,,,,,,,,,,,,,,,,,,,,,,,,,,"High","High","High","Estimated","Estimated","","","",,,,,,,,,,,,,,,,,,,,,,,,,,,,,,,,"78.24659","9.76643","-4.36054","2026","02","28"
"170","2026-02-28","14:48:40.48","1","1","Marks, Brayden","1000138334","Right","NOR_BIS","Ward, Blaize","1000263242","Left","MIZ_TIG","Undefined","5","Bottom","0","0","0","ChangeUp","Changeup","BallCalled","Undefined","Undefined","Undefined","0","0","","77.94104","-1.21004","-3.159442","1440.97848","253.026089","2:30","5.46479","1.0625","6.27073","-39.29963","6.743","16.64017","1.07245","-0.46639","70.72219","-8.544366","-0.150863","0.488373",,,,,,,,,,,,"-9.66296","4.37961","-0.83644","50.0","5.35632","5.64839","-112.99979","-3.5043","-12.29971","23.58045","-26.59937","MIZ_TIG","NOR_BIS","TaylorStadium","D1","SEC","20260228-TaylorStadium-1","dd3afc20-14e6-11f1-9d47-ad81a36dfdfe","77.17965",,,"7.21885",,,,,,,"d5e8cf87-b751-4c50-b9dc-f6258004ecf5","2026-02-28","20:48:40.48","2026-02-28T14:48:40.4840000-06:00","2026-02-28T20:48:40.4840000Z","","v3","4806","471388","ae4075840dfa411e9b4d026302d1ad63","Freiter, Bennett","1000119083","Right","NOR_BIS","624efd70-043b-4a4b-84ae-9f9bf0decf3f","54.22763","-113.87858","11.79023","5.46845","-2.513","-13.29969","-1.05548","6.10678","-6.14986",,,,,,,,,,,,,,,,,,,,,,,,,,,,,,,,,,,,,,,,,,,,,,,,,,,"High","High","High","","","","","",,,,,,,,,,,,,,,,,,,,,,,,,,,,,,,,,,,"2026","02","28"
"171","2026-02-28","14:48:58.77","1","2","Marks, Brayden","1000138334","Right","NOR_BIS","Ward, Blaize","1000263242","Left","MIZ_TIG","Undefined","5","Bottom","0","1","0","Sinker","Sinker","InPlay","Undefined","GroundBall","Error","0","0","","88.21173","-1.212952","-2.422272","2074.65262","234.334524","1:45","5.58614","1.06584","6.04567","-24.5136","11.51961","14.31741","2.41921","0.01507","80.01485","-5.823144","0.154099","0.432039","83.63966","-19.204065","37.525087",,,,,"8.12402","7.5186","31.816608","0.062491","-8.13863","6.66788","-0.88486","50.0","5.47846","4.82869","-127.97528","-3.48196","-13.3621","28.87846","-21.2267","MIZ_TIG","NOR_BIS","TaylorStadium","D1","SEC","20260228-TaylorStadium-1","e81eeb10-14e6-11f1-9d47-ad81a36dfdfe","87.24315","2.52778",,"8.19688",,,,"1.14776","2.52778","-0.13739","d5e8cf87-b751-4c50-b9dc-f6258004ecf5","2026-02-28","20:48:58.77","2026-02-28T14:48:58.7740000-06:00","2026-02-28T20:48:58.7740000Z","GroundBall","v3","4806","471388","ae4075840dfa411e9b4d026302d1ad63","Freiter, Bennett","1000119083","Right","NOR_BIS","185555c7-950e-4fbb-b37d-ed908d55bf0c","54.45311","-128.97624","14.43923","5.5864","-2.74622","-10.61335","-1.06025","5.29184","-6.68105",,"1.14548","92.10208",,,,,,,,"2.52878","-40.45039",,,,,,,,"-0.13914","70.73651",,,,,,,,,,,,,,,,,,,,,,,,,,,,,,"High","High","High","Low","Low","","","",,,,,,,,,,,,,,,,,,,,,,,,,,,,,,,,"77.47501","12.07966","11.79059","2026","02","28"
"172","2026-02-28","14:49:44.26","2","1","Marks, Brayden","1000138334","Right","NOR_BIS","Benson, Cameron","813272","Left","MIZ_TIG","Undefined","5","Bottom","0","0","0","ChangeUp","Changeup","BallCalled","Undefined","Undefined","Undefined","0","0","","78.71911","-1.662568","-3.474869","1389.277651","241.861938","2:00","5.37561","1.46999","6.44922","-35.59321","8.93607","13.88694","0.87877","-0.56926","71.93036","-8.321561","-0.957798","0.48028",,,,,,,,,,,,"-8.30288","5.6252","-1.2294","50.0","5.24183","6.45291","-114.17513","-4.29259","-10.87953","22.46323","-24.80318","MIZ_TIG","NOR_BIS","TaylorStadium","D1","SEC","20260228-TaylorStadium-1","033630c0-14e7-11f1-9d47-ad81a36dfdfe","78.48019",,,"6.78875",,,,,,,"d5e8cf87-b751-4c50-b9dc-f6258004ecf5","2026-02-28","20:49:44.26","2026-02-28T14:49:44.2620000-06:00","2026-02-28T20:49:44.2620000Z","","v3","4806","471388","ae4075840dfa411e9b4d026302d1ad63","Freiter, Bennett","1000119083","Right","NOR_BIS","037fd129-6b76-40b4-8057-b60a00973304","54.04959","-114.9691","11.23161","5.37806","-3.41591","-12.40159","-1.46427","6.83745","-5.43977",,,,,,,,,,,,,,,,,,,,,,,,,,,,,,,,,,,,,,,,,,,,,,,,,,,"High","High","High","","","","","",,,,,,,,,,,,,,,,,,,,,,,,,,,,,,,,,,,"2026","02","28"
"173","2026-02-28","14:50:04.10","2","2","Marks, Brayden","1000138334","Right","NOR_BIS","Benson, Cameron","813272","Left","MIZ_TIG","Undefined","5","Bottom","0","1","0","ChangeUp","Changeup","BallCalled","Undefined","Undefined","Undefined","0","0","","78.76072","-1.521466","-3.571489","1487.330696","226.586855","1:30","5.38139","1.49634","6.27237","-32.36203","12.75418","11.75016","1.27893","-0.82112","71.35385","-7.607324","-1.450833","0.483435",,,,,,,,,,,,"-7.22063","7.59284","-1.2374","50.0","5.25314","6.69643","-114.09126","-3.92062","-9.38179","23.78221","-22.30866","MIZ_TIG","NOR_BIS","TaylorStadium","D1","SEC","20260228-TaylorStadium-1","0ef8e6f0-14e7-11f1-9d47-ad81a36dfdfe","77.96803",,,"7.40687",,,,,,,"d5e8cf87-b751-4c50-b9dc-f6258004ecf5","2026-02-28","20:50:04.10","2026-02-28T14:50:04.1070000-06:00","2026-02-28T20:50:04.1070000Z","","v3","4806","471388","ae4075840dfa411e9b4d026302d1ad63","Freiter, Bennett","1000119083","Right","NOR_BIS","4b47c873-02f2-4982-be09-8debfd926bb0","54.22416","-114.96841","11.89111","5.38257","-3.09782","-11.15433","-1.49077","7.04245","-4.6909",,,,,,,,,,,,,,,,,,,,,,,,,,,,,,,,,,,,,,,,,,,,,,,,,,,"High","High","High","","","","","",,,,,,,,,,,,,,,,,,,,,,,,,,,,,,,,,,,"2026","02","28"
"174","2026-02-28","14:50:24.94","2","3","Marks, Brayden","1000138334","Right","NOR_BIS","Benson, Cameron","813272","Left","MIZ_TIG","Undefined","5","Bottom","0","2","0","ChangeUp","Changeup","BallCalled","Undefined","Undefined","Undefined","0","0","","77.32929","-0.867819","-4.746121","1377.51202","243.006907","2:00","5.40825","1.4826","6.38501","-37.40297","9.0963","14.66619","1.49024","-1.6711","70.34554","-7.869899","-2.09892","0.490789",,,,,,,,,,,,"-9.04886","5.51441","-1.14647","50.0","5.32867","8.78027","-111.95904","-2.72185","-11.37558","22.02044","-25.24173","MIZ_TIG","NOR_BIS","TaylorStadium","D1","SEC","20260228-TaylorStadium-1","1b7b91c0-14e7-11f1-9d47-ad81a36dfdfe","76.79974",,,"6.98375",,,,,,,"d5e8cf87-b751-4c50-b9dc-f6258004ecf5","2026-02-28","20:50:24.94","2026-02-28T14:50:24.9420000-06:00","2026-02-28T20:50:24.9420000Z","","v3","4806","471388","ae4075840dfa411e9b4d026302d1ad63","Freiter, Bennett","1000119083","Right","NOR_BIS","7c5303a8-3ae0-4cc9-a990-cd673a14157c","54.11238","-112.76497","11.01022","5.41138","-1.79802","-12.62086","-1.47544","9.19661","-5.68779",,,,,,,,,,,,,,,,,,,,,,,,,,,,,,,,,,,,,,,,,,,,,,,,,,,"High","High","High","","","","","",,,,,,,,,,,,,,,,,,,,,,,,,,,,,,,,,,,"2026","02","28"
"175","2026-02-28","14:50:47.79","2","4","Marks, Brayden","1000138334","Right","NOR_BIS","Benson, Cameron","813272","Left","MIZ_TIG","Undefined","5","Bottom","0","3","0","Sinker","Sinker","StrikeCalled","Undefined","Undefined","Undefined","0","0","","87.94698","-1.948864","-2.474724","2021.162915","233.57765","1:45","5.61044","1.20531","6.04633","-23.966","12.28749","14.95643","1.80665","0.15918","79.88965","-6.453443","0.217115","0.433358",,,,,,,,,,,,"-8.40288","7.2889","-1.02022","50.0","5.44571","4.88735","-127.52697","-5.08926","-13.71833","28.34185","-20.27434","MIZ_TIG","NOR_BIS","TaylorStadium","D1","SEC","20260228-TaylorStadium-1","290f3760-14e7-11f1-9d47-ad81a36dfdfe","86.9777",,,"8.05733",,,,,,,"d5e8cf87-b751-4c50-b9dc-f6258004ecf5","2026-02-28","20:50:47.79","2026-02-28T14:50:47.7990000-06:00","2026-02-28T20:50:47.7990000Z","","v3","4806","471388","ae4075840dfa411e9b4d026302d1ad63","Freiter, Bennett","1000119083","Right","NOR_BIS","4c52e0b2-e0ab-4408-a590-66ff08035a62","54.45104","-128.51237","14.17092","5.6104","-4.38436","-10.13717","-1.19844","5.36431","-6.85916",,,,,,,,,,,,,,,,,,,,,,,,,,,,,,,,,,,,,,,,,,,,,,,,,,,"High","High","High","","","","","",,,,,,,,,,,,,,,,,,,,,,,,,,,,,,,,,,,"2026","02","28"
"176","2026-02-28","14:51:08.24","2","5","Marks, Brayden","1000138334","Right","NOR_BIS","Benson, Cameron","813272","Left","MIZ_TIG","Undefined","5","Bottom","0","3","1","Sinker","Sinker","BallCalled","Walk","Undefined","Undefined","0","0","","88.60112","-0.91589","-1.661096","2074.057111","248.98112","2:15","5.56887","1.23887","6.08756","-28.26206","7.48044","16.19123","2.36601","1.05108","80.19872","-6.206255","1.257537","0.430292",,,,,,,,,,,,"-8.80914","4.535","-1.11876","50.0","5.48352","3.04547","-128.56426","-2.98299","-14.54963","29.93266","-24.68383","MIZ_TIG","NOR_BIS","TaylorStadium","D1","SEC","20260228-TaylorStadium-1","3532d240-14e7-11f1-9d47-ad81a36dfdfe","87.59726",,,"8.4024",,,,,,,"d5e8cf87-b751-4c50-b9dc-f6258004ecf5","2026-02-28","20:51:08.24","2026-02-28T14:51:08.2470000-06:00","2026-02-28T20:51:08.2470000Z","","v3","4806","471388","ae4075840dfa411e9b4d026302d1ad63","Freiter, Bennett","1000119083","Right","NOR_BIS","af7e3f90-0b61-42e9-961a-14c5c541827b","54.40957","-129.58683","14.96633","5.57103","-2.13972","-12.34191","-1.23129","3.54253","-7.27482",,,,,,,,,,,,,,,,,,,,,,,,,,,,,,,,,,,,,,,,,,,,,,,,,,,"High","High","High","","","","","",,,,,,,,,,,,,,,,,,,,,,,,,,,,,,,,,,,"2026","02","28"
"177","2026-02-28","14:51:51.14","3","1","Marks, Brayden","1000138334","Right","NOR_BIS","George, Jamal","805322","Right","MIZ_TIG","Undefined","5","Bottom","0","0","0","Sinker","Sinker","InPlay","Undefined","Bunt","Single","0","0","","87.9561","-0.894143","-1.947646","2076.099247","241.181476","2:00","5.65777","1.08355","6.09236","-26.5119","9.63079","15.25402","2.62083","0.55246","79.83536","-5.868081","0.801249","0.432695","21.95541","30.513271","14.40919","2042.234722",,,,"32.58891","31.37961","13.19246","1.198915","-8.48091","5.60441","-0.94141","50.0","5.57491","3.72232","-127.6729","-2.83542","-13.85946","28.72235","-23.01535","MIZ_TIG","NOR_BIS","TaylorStadium","D1","SEC","20260228-TaylorStadium-1","4ed949e0-14e7-11f1-9d47-ad81a36dfdfe","87.1109","6.85576",,"8.12074",,,,"1.05082","2.60144","-0.55257","d5e8cf87-b751-4c50-b9dc-f6258004ecf5","2026-02-28","20:51:51.14","2026-02-28T14:51:51.1490000-06:00","2026-02-28T20:51:51.1490000Z","GroundBall","v3","4806","471388","ae4075840dfa411e9b4d026302d1ad63","Freiter, Bennett","1000119083","Right","NOR_BIS","1fdc90d0-abe5-4302-bf82-5a5d364af909","54.40649","-128.6604","14.36118","5.6588","-2.04414","-11.50768","-1.07758","4.19882","-6.92973","187.336764","1.05082","26.86888","-1.58129","0.4997","0.15382","-0.7216","0.9014","-0.50002","0.1054","2.60143","16.35032","-15.91983","0.52461","-0.47716","0.87698","-0.83472","0.38507","-0.07127","-0.55257","6.90335","-0.25775","0.04948","0.04899","-0.14502","0.16725","-0.08962","0.01858",,,,,,,,,,,,,,,,,,,,,,,"High","High","High","High","High","","","",,,,,,,,,,,,,,,,,,,,,,,,,,,,,,,,"7.81894","-65.4126","-56.03325","2026","02","28"
"178","2026-02-28","14:52:45.27","4","1","Marks, Brayden","1000138334","Right","NOR_BIS","Maisonet, Eric","835908","Left","MIZ_TIG","Undefined","5","Bottom","0","0","0","ChangeUp","Changeup","BallCalled","Undefined","Undefined","Undefined","0","0","","78.82949","-0.208731","-1.847043","1501.109446","255.043566","2:30","5.36731","1.5005","6.485","-38.88616","5.44103","14.70257","1.93506","1.02929","71.77482","-7.495183","0.823938","0.479189",,,,,,,,,,,,"-8.20682","3.40473","-1.37641","50.0","5.3361","3.17123","-114.50176","-1.50552","-10.78188","23.19604","-27.70102","MIZ_TIG","NOR_BIS","TaylorStadium","D1","SEC","20260228-TaylorStadium-1","6f18e760-14e7-11f1-9d47-ad81a36dfdfe","78.65889",,,"7.05467",,,,,,,"d5e8cf87-b751-4c50-b9dc-f6258004ecf5","2026-02-28","20:52:45.27","2026-02-28T14:52:45.2710000-06:00","2026-02-28T20:52:45.2710000Z","","v3","4806","471388","ae4075840dfa411e9b4d026302d1ad63","Freiter, Bennett","1000119083","Right","NOR_BIS","123f8384-7928-4eba-a106-f0a3de70ce7e","54.01274","-115.3118","11.59802","5.37178","-0.53816","-13.85051","-1.49373","3.54775","-5.39094",,,,,,,,,,,,,,,,,,,,,,,,,,,,,,,,,,,,,,,,,,,,,,,,,,,"High","High","High","","","","","",,,,,,,,,,,,,,,,,,,,,,,,,,,,,,,,,,,"2026","02","28"
"179","2026-02-28","14:53:05.69","4","2","Marks, Brayden","1000138334","Right","NOR_BIS","Maisonet, Eric","835908","Left","MIZ_TIG","Undefined","5","Bottom","0","1","0","Sinker","Sinker","BallCalled","Undefined","Undefined","Undefined","0","0","","88.5745","-0.555915","-1.242942","2054.259247","232.348901","1:45","5.60691","1.24702","5.97604","-24.36915","11.37264","13.17182","3.06067","1.19226","80.40578","-5.135515","1.125612","0.430288",,,,,,,,,,,,"-7.07839","6.36969","-1.15565","50.0","5.54954","2.22627","-128.57052","-2.02863","-11.75312","28.65662","-21.59767","MIZ_TIG","NOR_BIS","TaylorStadium","D1","SEC","20260228-TaylorStadium-1","7b3ca950-14e7-11f1-9d47-ad81a36dfdfe","87.59809",,,"8.16872",,,,,,,"d5e8cf87-b751-4c50-b9dc-f6258004ecf5","2026-02-28","20:53:05.69","2026-02-28T14:53:05.6900000-06:00","2026-02-28T20:53:05.6900000Z","","v3","4806","471388","ae4075840dfa411e9b4d026302d1ad63","Freiter, Bennett","1000119083","Right","NOR_BIS","db0995f3-6b63-49f7-bd16-04d2c483011a","54.52065","-129.57419","14.32831","5.60734","-1.27219","-10.79884","-1.24083","2.63791","-5.87656",,,,,,,,,,,,,,,,,,,,,,,,,,,,,,,,,,,,,,,,,,,,,,,,,,,"High","High","High","","","","","",,,,,,,,,,,,,,,,,,,,,,,,,,,,,,,,,,,"2026","02","28"
"180","2026-02-28","14:53:25.96","4","3","Marks, Brayden","1000138334","Right","NOR_BIS","Maisonet, Eric","835908","Left","MIZ_TIG","Undefined","5","Bottom","0","2","0","Sinker","Sinker","InPlay","Undefined","GroundBall","Out","1","1","","89.14581","-1.501538","-2.460843","2109.06903","247.145276","2:15","5.63194","1.22999","6.04175","-27.5886","7.59095","15.2219","1.94106","0.21865","81.22941","-6.64445","0.279393","0.42689","64.97042","-6.80848","46.298595",,,,,"13.83639","13.7118","41.714158","0.137051","-8.61571","4.69288","-1.04642","50.0","5.4999","4.93813","-129.37202","-4.30583","-14.50264","28.70404","-24.27461","MIZ_TIG","NOR_BIS","TaylorStadium","D1","SEC","20260228-TaylorStadium-1","8750dae0-14e7-11f1-9d47-ad81a36dfdfe","88.29536","1.98326",,"7.9164",,,,"1.6566","1.98326","-0.19586","d5e8cf87-b751-4c50-b9dc-f6258004ecf5","2026-02-28","20:53:25.96","2026-02-28T14:53:25.9600000-06:00","2026-02-28T20:53:25.9600000Z","GroundBall","v3","4806","471388","ae4075840dfa411e9b4d026302d1ad63","Freiter, Bennett","1000119083","Right","NOR_BIS","eae740b8-f2ef-45bf-805b-93b75e4afb32","54.45822","-130.35742","14.35202","5.63341","-3.47249","-12.13731","-1.22449","5.436","-7.25132","299.421282","1.65663","65.36855","-15.27892",,,,,,,"1.98353","-11.32259","-23.00432",,,,,,,"-0.19612","68.42868","1.33548",,,,,,,,,,,,,,,,,,,,,,,,,,,,,"High","High","High","High","High","","","",,,,,,,,,,,,,,,,,,,,,,,,,,,,,,,,,,,"2026","02","28"
"181","2026-02-28","14:54:09.40","5","1","Marks, Brayden","1000138334","Right","NOR_BIS","Patterson, Christopher","1000080435","Left","MIZ_TIG","Undefined","5","Bottom","1","0","0","Sinker","Sinker","BallCalled","Undefined","Undefined","Undefined","0","0","","88.72357","-2.109324","-2.85676","2013.765017","248.391913","2:15","5.69672","1.09452","6.20376","-27.95789","7.3237","15.54863","1.41659","-0.24886","81.0478","-7.322772","-0.049388","0.427509",,,,,,,,,,,,"-8.84378","4.77532","-0.88709","50.0","5.52414","5.78611","-128.70675","-5.64966","-14.76791","27.83714","-24.19992","MIZ_TIG","NOR_BIS","TaylorStadium","D1","SEC","20260228-TaylorStadium-1","a128e9d0-14e7-11f1-9d47-ad81a36dfdfe","88.16752",,,"7.67577",,,,,,,"d5e8cf87-b751-4c50-b9dc-f6258004ecf5","2026-02-28","20:54:09.40","2026-02-28T14:54:09.4000000-06:00","2026-02-28T20:54:09.4000000Z","","v3","4806","471388","ae4075840dfa411e9b4d026302d1ad63","Freiter, Bennett","1000119083","Right","NOR_BIS","b2825461-422f-4dd5-8793-804bc7fe05ad","54.29491","-129.63234","13.91857","5.69862","-4.84501","-12.09996","-1.08764","6.27715","-7.38396",,,,,,,,,,,,,,,,,,,,,,,,,,,,,,,,,,,,,,,,,,,,,,,,,,,"High","High","High","","","","","",,,,,,,,,,,,,,,,,,,,,,,,,,,,,,,,,,,"2026","02","28"
"182","2026-02-28","14:54:31.63","5","2","Marks, Brayden","1000138334","Right","NOR_BIS","Patterson, Christopher","1000080435","Left","MIZ_TIG","Undefined","5","Bottom","1","1","0","ChangeUp","Changeup","StrikeSwinging","Undefined","Undefined","Undefined","0","0","","79.56653","0.58529","-2.991652","1432.275283","260.68894","2:45","5.37662","1.37596","6.38684","-39.81341","4.11803","15.57072","2.59797","-0.08085","71.97542","-6.87431","-0.172828","0.477045",,,,,,,,,,,,"-9.00808","2.46221","-1.16701","50.0","5.40103","5.46201","-115.4093","0.02807","-11.97095","24.42174","-28.902","MIZ_TIG","NOR_BIS","TaylorStadium","D1","SEC","20260228-TaylorStadium-1","ae897180-14e7-11f1-9d47-ad81a36dfdfe","79.01236",,,"7.59111",,,,,,,"d5e8cf87-b751-4c50-b9dc-f6258004ecf5","2026-02-28","20:54:31.63","2026-02-28T14:54:31.6330000-06:00","2026-02-28T20:54:31.6330000Z","","v3","4806","471388","ae4075840dfa411e9b4d026302d1ad63","Freiter, Bennett","1000119083","Right","NOR_BIS","2af3a989-8f4e-46b4-953c-38ef58701ae6","54.11054","-116.27588","12.21087","5.38184","1.05363","-14.451","-1.36836","5.88679","-5.98548",,,,,,,,,,,,,,,,,,,,,,,,,,,,,,,,,,,,,,,,,,,,,,,,,,,"High","High","High","","","","","",,,,,,,,,,,,,,,,,,,,,,,,,,,,,,,,,,,"2026","02","28"
"183","2026-02-28","14:54:55.58","5","3","Marks, Brayden","1000138334","Right","NOR_BIS","Patterson, Christopher","1000080435","Left","MIZ_TIG","Undefined","5","Bottom","1","1","1","Sinker","Sinker","StrikeCalled","Undefined","Undefined","Undefined","0","0","","89.2688","-1.985102","-2.652371","2106.228197","245.068444","2:15","5.77701","1.03262","6.14807","-27.18769","7.64544","14.02879","1.6744","-0.2509","81.69721","-7.050522","-0.12202","0.424783",,,,,,,,,,,,"-7.97512","4.87008","-0.83755","50.0","5.61186","5.42173","-129.543","-5.38442","-13.52386","27.58649","-23.91558","MIZ_TIG","NOR_BIS","TaylorStadium","D1","SEC","20260228-TaylorStadium-1","bccb3170-14e7-11f1-9d47-ad81a36dfdfe","88.7333",,,"7.57159",,,,,,,"d5e8cf87-b751-4c50-b9dc-f6258004ecf5","2026-02-28","20:54:55.58","2026-02-28T14:54:55.5860000-06:00","2026-02-28T20:54:55.5860000Z","","v3","4806","471388","ae4075840dfa411e9b4d026302d1ad63","Freiter, Bennett","1000119083","Right","NOR_BIS","6a504cb2-34a8-4a3e-af26-1e99ebff32e6","54.35078","-130.46622","13.79325","5.77867","-4.58405","-11.95779","-1.02656","5.87432","-6.76193",,,,,,,,,,,,,,,,,,,,,,,,,,,,,,,,,,,,,,,,,,,,,,,,,,,"High","High","High","","","","","",,,,,,,,,,,,,,,,,,,,,,,,,,,,,,,,,,,"2026","02","28"
"184","2026-02-28","14:55:18.36","5","4","Marks, Brayden","1000138334","Right","NOR_BIS","Patterson, Christopher","1000080435","Left","MIZ_TIG","Undefined","5","Bottom","1","1","2","ChangeUp","Changeup","FoulBallNotFieldable","Undefined","Undefined","Undefined","0","0","","79.939","0.390504","-2.150641","1587.737235","247.550993","2:15","5.30672","1.39921","6.42215","-35.11218","8.16378","16.13501","2.73993","0.76592","72.50006","-6.217213","0.774397","0.473473",,,,,,,,,,,,"-9.128","4.56835","-1.25283","50.0","5.31877","3.79162","-116.08499","-0.18456","-12.30376","24.20444","-26.01629","MIZ_TIG","NOR_BIS","TaylorStadium","D1","SEC","20260228-TaylorStadium-1","ca5d2960-14e7-11f1-9d47-ad81a36dfdfe","79.60848",,,"7.43894",,,,,,,"d5e8cf87-b751-4c50-b9dc-f6258004ecf5","2026-02-28","20:55:18.36","2026-02-28T14:55:18.3670000-06:00","2026-02-28T20:55:18.3670000Z","","v3","4806","471388","ae4075840dfa411e9b4d026302d1ad63","Freiter, Bennett","1000119083","Right","NOR_BIS","5e8be89b-4486-42c9-8b70-e84ea53cfcd9","54.07696","-116.93197","12.10222","5.30929","0.72583","-13.00815","-1.39304","4.22217","-6.15188",,,,,,,,,,,,,,,,,,,,,,,,,,,,,,,,,,,,,,,,,,,,,,,,,,,"High","High","High","","","","","",,,,,,,,,,,,,,,,,,,,,,,,,,,,,,,,,,,"2026","02","28"
"185","2026-02-28","14:55:47.94","5","5","Marks, Brayden","1000138334","Right","NOR_BIS","Patterson, Christopher","1000080435","Left","MIZ_TIG","Undefined","5","Bottom","1","1","2","Sinker","Sinker","FoulBallNotFieldable","Undefined","Undefined","Undefined","0","0","","89.57618","-1.448987","-2.529088","2099.433879","235.874077","1:45","5.78845","0.8647","6.19254","-23.64493","10.8993","14.41993","2.47869","-0.27011","81.751","-5.893143","0.072872","0.423018",,,,,,,,,,,,"-8.20532","6.40055","-0.68125","50.0","5.66726","5.15814","-130.04246","-4.03186","-14.00187","28.15927","-21.25188","MIZ_TIG","NOR_BIS","TaylorStadium","D1","SEC","20260228-TaylorStadium-1","dbfc1e10-14e7-11f1-9d47-ad81a36dfdfe","89.10354",,,"7.82518",,,,,,,"d5e8cf87-b751-4c50-b9dc-f6258004ecf5","2026-02-28","20:55:47.94","2026-02-28T14:55:47.9400000-06:00","2026-02-28T20:55:47.9400000Z","","v3","4806","471388","ae4075840dfa411e9b4d026302d1ad63","Freiter, Bennett","1000119083","Right","NOR_BIS","3cd1401a-f82d-42dc-91fe-9f26859fee86","54.30686","-130.97174","14.07964","5.78874","-3.33053","-10.62594","-0.8591","5.62022","-7.00094",,,,,,,,,,,,,,,,,,,,,,,,,,,,,,,,,,,,,,,,,,,,,,,,,,,"High","High","High","","","","","",,,,,,,,,,,,,,,,,,,,,,,,,,,,,,,,,,,"2026","02","28"
"186","2026-02-28","14:56:15.08","5","6","Marks, Brayden","1000138334","Right","NOR_BIS","Patterson, Christopher","1000080435","Left","MIZ_TIG","Undefined","5","Bottom","1","1","2","Sinker","Sinker","InPlay","Undefined","GroundBall","Single","0","2","","89.0606","-1.188016","-2.364355","2108.246427","240.242122","2:00","5.72712","1.05511","5.90747","-25.73399","9.59075","14.75761","2.47879","0.08903","81.26975","-5.987663","0.284966","0.42777","96.67596","0.109448","-4.679612","1479.363355",,,,"42.52792","42.52792","-4.288938","0.304572","-8.28997","5.59492","-0.87386","50.0","5.61695","4.72582","-129.27354","-3.53852","-13.97431","27.92121","-22.74275","MIZ_TIG","NOR_BIS","TaylorStadium","D1","SEC","20260228-TaylorStadium-1","ec1c13e0-14e7-11f1-9d47-ad81a36dfdfe","88.1137","2.43231",,"7.79085",,,,"1.1954","2.43231","-0.08214","d5e8cf87-b751-4c50-b9dc-f6258004ecf5","2026-02-28","20:56:15.08","2026-02-28T14:56:15.0800000-06:00","2026-02-28T20:56:15.0800000Z","GroundBall","v3","4806","471388","ae4075840dfa411e9b4d026302d1ad63","Freiter, Bennett","1000119083","Right","NOR_BIS","b99a9b17-ff14-4888-b7ba-188323fdbeea","54.59257","-130.2617","13.9606","5.72794","-2.73364","-11.37138","-1.04987","5.22038","-6.98716","345.46458","1.19796","141.20661","-19.39504",,,,,,,"2.43812","0.0168","-26.39853",,,,,,,"-0.08339","-11.51302","4.42664",,,,,,,,,,,,,,,,,,,,,,,,,,,,,"High","High","High","Medium","Medium","","","",,,,,,,,,,,,,,,,,,,,,,,,,,,,,,,,"79.50041","11.25573","4.83967","2026","02","28"
"187","2026-02-28","14:57:08.65","6","1","Marks, Brayden","1000138334","Right","NOR_BIS","Frost, Isaiah","801981","Left","MIZ_TIG","Undefined","5","Bottom","1","0","0","Sinker","Sinker","StrikeSwinging","Undefined","Undefined","Undefined","0","0","","88.2565","-1.19278","-1.663234","2163.489392","249.142268","2:15","5.64078","1.28219","5.89788","-28.87356","6.95292","15.30769","2.12667","1.01328","80.94061","-6.543469","1.086785","0.430798",,,,,,,,,,,,"-8.27532","4.24484","-1.15699","50.0","5.52828","3.07885","-128.1924","-3.65375","-13.77594","26.40064","-25.10762","MIZ_TIG","NOR_BIS","TaylorStadium","D1","SEC","20260228-TaylorStadium-1","0c1b4d00-14e8-11f1-9d47-ad81a36dfdfe","87.49448",,,"7.31589",,,,,,,"d5e8cf87-b751-4c50-b9dc-f6258004ecf5","2026-02-28","20:57:08.65","2026-02-28T14:57:08.6500000-06:00","2026-02-28T20:57:08.6500000Z","","v3","4806","471388","ae4075840dfa411e9b4d026302d1ad63","Freiter, Bennett","1000119083","Right","NOR_BIS","5056050b-a856-487b-a84a-a25410ad11e2","54.60148","-129.13657","13.20032","5.64289","-2.75582","-12.55381","-1.27592","3.57153","-6.88797",,,,,,,,,,,,,,,,,,,,,,,,,,,,,,,,,,,,,,,,,,,,,,,,,,,"High","High","High","","","","","",,,,,,,,,,,,,,,,,,,,,,,,,,,,,,,,,,,"2026","02","28"
"188","2026-02-28","14:57:29.17","6","2","Marks, Brayden","1000138334","Right","NOR_BIS","Frost, Isaiah","801981","Left","MIZ_TIG","Undefined","5","Bottom","1","0","1","Sinker","Sinker","StrikeSwinging","Undefined","Undefined","Undefined","0","0","","90.62615","-0.621173","-1.459068","2154.558182","243.281121","2:00","5.73085","1.13208","6.00646","-25.15974","8.73713","15.21009","3.05849","1.04748","82.78134","-5.321474","1.277787","0.419036",,,,,,,,,,,,"-8.21851","4.99988","-1.0256","50.0","5.6683","2.70612","-131.65774","-2.27142","-14.39407","28.51684","-23.4171","MIZ_TIG","NOR_BIS","TaylorStadium","D1","SEC","20260228-TaylorStadium-1","183fd240-14e8-11f1-9d47-ad81a36dfdfe","89.95034",,,"7.8448",,,,,,,"d5e8cf87-b751-4c50-b9dc-f6258004ecf5","2026-02-28","20:57:29.17","2026-02-28T14:57:29.1770000-06:00","2026-02-28T20:57:29.1770000Z","","v3","4806","471388","ae4075840dfa411e9b4d026302d1ad63","Freiter, Bennett","1000119083","Right","NOR_BIS","2b2c8202-c3d3-4cb6-b3a1-82026cd1caf7","54.49268","-132.62728","14.25842","5.73199","-1.47527","-11.70855","-1.12593","3.1955","-7.19704",,,,,,,,,,,,,,,,,,,,,,,,,,,,,,,,,,,,,,,,,,,,,,,,,,,"High","High","High","","","","","",,,,,,,,,,,,,,,,,,,,,,,,,,,,,,,,,,,"2026","02","28"
"189","2026-02-28","14:57:52.47","6","3","Marks, Brayden","1000138334","Right","NOR_BIS","Frost, Isaiah","801981","Left","MIZ_TIG","Undefined","5","Bottom","1","0","2","Sinker","Sinker","InPlay","Undefined","GroundBall","Out","1","0","","90.49677","-2.739037","-2.241467","2153.131603","240.564042","2:00","5.70957","1.05659","5.92158","-24.84509","9.29457","14.54666","1.09352","0.18774","83.00561","-7.349913","0.372474","0.420534","88.09664","-2.535671","11.5176",,,,,"17.57158","17.30842","9.768547","0.124458","-8.12536","5.85603","-0.88556","50.0","5.47588","4.52996","-131.29512","-7.12631","-14.17813","27.89352","-21.95576","MIZ_TIG","NOR_BIS","TaylorStadium","D1","SEC","20260228-TaylorStadium-1","262122b0-14e8-11f1-9d47-ad81a36dfdfe","89.62996","1.06718",,"7.49117",,,,"1.82824","1.06718","-0.18109","d5e8cf87-b751-4c50-b9dc-f6258004ecf5","2026-02-28","20:57:52.47","2026-02-28T14:57:52.4750000-06:00","2026-02-28T20:57:52.4750000Z","GroundBall","v3","4806","471388","ae4075840dfa411e9b4d026302d1ad63","Freiter, Bennett","1000119083","Right","NOR_BIS","6aa75224-c07f-4a5c-8a56-d71e4d9fab46","54.5788","-132.2643","13.94676","5.71024","-6.36343","-10.97788","-1.05152","5.02259","-7.08907","357.01569","1.82839","126.46647","-16.23593",,,,,,,"1.06744","-5.74505","-22.76953",,,,,,,"-0.18107","25.77125","-2.90818",,,,,,,,,,,,,,,,,,,,,,,,,,,,,"High","High","High","High","High","","","",,,,,,,,,,,,,,,,,,,,,,,,,,,,,,,,"72.80474","7.60195","9.91233","2026","02","28"
"190","2026-02-28","14:58:34.03","7","1","Marks, Brayden","1000138334","Right","NOR_BIS","Macon, Tyler","823527","Right","MIZ_TIG","Undefined","5","Bottom","2","0","0","ChangeUp","Changeup","BallCalled","Undefined","Undefined","Undefined","0","0","","80.05233","-1.099876","-2.553715","1545.839616","262.31343","2:45","5.34056","1.5383","6.44741","-39.32825","3.29504","14.68367","1.05152","0.41405","73.78952","-8.407395","0.112253","0.469889",,,,,,,,,,,,"-8.40847","2.41969","-1.3635","50.0","5.24501","4.68174","-116.35047","-3.36594","-11.53477","21.68405","-28.85473","MIZ_TIG","NOR_BIS","TaylorStadium","D1","SEC","20260228-TaylorStadium-1","3ef94dd0-14e8-11f1-9d47-ad81a36dfdfe","80.21569",,,"6.26281",,,,,,,"d5e8cf87-b751-4c50-b9dc-f6258004ecf5","2026-02-28","20:58:34.03","2026-02-28T14:58:34.0340000-06:00","2026-02-28T20:58:34.0340000Z","","v3","4806","471388","ae4075840dfa411e9b4d026302d1ad63","Freiter, Bennett","1000119083","Right","NOR_BIS","29e3075c-df18-476b-9ca9-f84be4777ddd","54.0536","-117.10349","10.84202","5.3445","-2.3639","-14.42737","-1.53304","5.08231","-5.76739",,,,,,,,,,,,,,,,,,,,,,,,,,,,,,,,,,,,,,,,,,,,,,,,,,,"High","High","High","","","","","",,,,,,,,,,,,,,,,,,,,,,,,,,,,,,,,,,,"2026","02","28"
"191","2026-02-28","14:58:55.56","7","2","Marks, Brayden","1000138334","Right","NOR_BIS","Macon, Tyler","823527","Right","MIZ_TIG","Undefined","5","Bottom","2","1","0","Sinker","Sinker","StrikeCalled","Undefined","Undefined","Undefined","0","0","","89.2335","-1.028826","-1.583799","2167.558107","234.875302","1:45","5.73688","1.10697","6.18331","-24.12336","10.49339","13.39532","2.77612","0.76039","81.81757","-5.551942","0.834485","0.423462",,,,,,,,,,,,"-7.33957","6.04705","-0.99384","50.0","5.64695","3.03646","-129.68078","-3.09021","-12.51943","26.69596","-21.85937","MIZ_TIG","NOR_BIS","TaylorStadium","D1","SEC","20260228-TaylorStadium-1","4bcc3b80-14e8-11f1-9d47-ad81a36dfdfe","89.01022",,,"7.41593",,,,,,,"d5e8cf87-b751-4c50-b9dc-f6258004ecf5","2026-02-28","20:58:55.56","2026-02-28T14:58:55.5660000-06:00","2026-02-28T20:58:55.5660000Z","","v3","4806","471388","ae4075840dfa411e9b4d026302d1ad63","Freiter, Bennett","1000119083","Right","NOR_BIS","35149ec7-7072-41a5-be26-2a9b4487fe53","54.31565","-130.56618","13.34798","5.73742","-2.36522","-10.92969","-1.10143","3.45167","-6.25971",,,,,,,,,,,,,,,,,,,,,,,,,,,,,,,,,,,,,,,,,,,,,,,,,,,"High","High","High","","","","","",,,,,,,,,,,,,,,,,,,,,,,,,,,,,,,,,,,"2026","02","28"
"192","2026-02-28","14:59:16.64","7","3","Marks, Brayden","1000138334","Right","NOR_BIS","Macon, Tyler","823527","Right","MIZ_TIG","Undefined","5","Bottom","2","1","1","Fastball","Sinker","InPlay","Undefined","FlyBall","Out","1","0","","88.63442","-2.153377","-1.961027","2147.640019","229.601198","1:45","5.75564","1.10954","6.06918","-24.11517","11.18871","11.84709","1.75122","0.28136","81.34267","-6.657421","0.173241","0.427644","87.73689","52.314304","22.126601","5004.989192","92.31034","116.99534","59.82308","243.18529","105.60285","40.454499","5.683625","-6.67922","6.69957","-0.96396","50.0","5.57576","3.93022","-128.70425","-5.60851","-11.21404","26.47435","-20.92585","MIZ_TIG","NOR_BIS","TaylorStadium","D1","SEC","20260228-TaylorStadium-1","585fd640-14e8-11f1-9d47-ad81a36dfdfe","88.13975","124.83323",,"7.29175",,,,"1.48991","1.74933","-0.29782","d5e8cf87-b751-4c50-b9dc-f6258004ecf5","2026-02-28","20:59:16.64","2026-02-28T14:59:16.6450000-06:00","2026-02-28T20:59:16.6450000Z","FlyBall","v3","4806","471388","ae4075840dfa411e9b4d026302d1ad63","Freiter, Bennett","1000119083","Right","NOR_BIS","cb7b1d90-5c5c-43f6-a1c9-a3bdd331b1f4","54.4309","-129.61247","13.23717","5.75585","-4.89063","-10.46292","-1.10539","4.31492","-5.60702","209.253566","1.50616","72.52321","-20.09532","3.58868","0.76325","-0.69415","0.18586","-0.02259","0.00105","1.72616","102.21256","-26.83794","4.0332","-1.28951","0.3231","-0.0441","0.00256","-3.0E-5","-0.31201","29.8925","1.80289","-0.30425","-0.60856","0.36081","-0.08832","0.0102","-4.6E-4",,,,,,,,,,,,,,,,,,,,,,,"High","High","High","High","Low","","","",,,,,,,,,,,,,,,,,,,,,,,,,,,,,,,,"78.00049","15.12921","-12.81421","2026","02","28"
"211","2026-02-28","15:12:17.42","1","1","Ryan, Sheamus","10298816","Left","NOR_BIS","Woita, Jase","831805","Left","MIZ_TIG","Undefined","6","Bottom","0","0","0","Fastball","Changeup","StrikeCalled","Undefined","Undefined","Undefined","0","0","","82.06223","-0.452971","2.178951","1908.843331","153.912012","11:15","4.95117","-1.59932","5.95378","-28.85427","12.79831","-5.58221","2.12625","-0.04276","74.68528","-5.858587","1.17651","0.464507",,,,,,,,,,,,"3.48925","7.12233","1.42909","50.0","4.89912","-4.30981","-119.05707","-1.8076","4.9775","24.16701","-22.0139","MIZ_TIG","NOR_BIS","TaylorStadium","D1","SEC","20260228-TaylorStadium-1","29bea9e0-14ea-11f1-9d47-ad81a36dfdfe","81.14499",,,"7.37695",,,,,,,"d5e8cf87-b751-4c50-b9dc-f6258004ecf5","2026-02-28","21:12:17.42","2026-02-28T15:12:17.4260000-06:00","2026-02-28T21:12:17.4260000Z","","v3","4806","471388","ae4075840dfa411e9b4d026302d1ad63","Freiter, Bennett","1000119083","Right","NOR_BIS","b248e9a3-a770-41a3-baec-044356953aa2","54.54246","-119.97558","12.08351","4.95193","-0.97092","-11.00695","1.59649","-4.49899","2.48875",,,,,,,,,,,,,,,,,,,,,,,,,,,,,,,,,,,,,,,,,,,,,,,,,,,"High","High","High","","","","","",,,,,,,,,,,,,,,,,,,,,,,,,,,,,,,,,,,"2026","02","28"
"212","2026-02-28","15:12:30.91","1","2","Ryan, Sheamus","10298816","Left","NOR_BIS","Woita, Jase","831805","Left","MIZ_TIG","Undefined","6","Bottom","0","0","1","Fastball","Changeup","InPlay","Undefined","LineDrive","Single","0","0","","82.90378","-0.289001","2.209718","1910.150598","134.450637","10:30","5.0296","-1.6031","6.04515","-29.31002","11.46634","-10.25938","2.31934","-0.41125","75.22318","-5.790174","0.363753","0.459595","72.64467","16.405117","4.809344","2079.801336","109.83902","19.00098","5.94452","196.8426","194.07189","1.6866","2.402202","5.98174","6.39902","1.4365","50.0","4.99137","-4.24876","-120.303","-1.48565","8.67804","25.5343","-22.89064","MIZ_TIG","NOR_BIS","TaylorStadium","D1","SEC","20260228-TaylorStadium-1","31c71730-14ea-11f1-9d47-ad81a36dfdfe","82.01223","19.06948",,"7.6806",,,,"2.007","2.42633","0.42577","d5e8cf87-b751-4c50-b9dc-f6258004ecf5","2026-02-28","21:12:30.91","2026-02-28T15:12:30.9130000-06:00","2026-02-28T21:12:30.9130000Z","LineDrive","v3","4806","471388","ae4075840dfa411e9b4d026302d1ad63","Freiter, Bennett","1000119083","Right","NOR_BIS","60ce7d21-7faf-4f73-abd7-15d72407a258","54.45318","-121.2445","12.76715","5.03059","-0.64162","-11.44532","1.59906","-4.56874","4.33902","148.822692","2.00699","101.84809","-12.33033","2.17461","-0.30836","-0.02865","0.04066","-0.01274","0.00156","2.42634","30.09039","-14.12355","0.51911","-0.14074","0.14735","-0.07721","0.02224","-0.00265","0.42574","8.57139","-4.47302","1.2283","-0.21848","-0.02623","0.03112","-0.00899","0.001",,,,,,,,,,,,,,,,,,,,,,,"High","High","High","High","High","","","",,,,,,,,,,,,,,,,,,,,,,,,,,,,,,,,,,,"2026","02","28"
"213","2026-02-28","15:13:10.36","2","1","Ryan, Sheamus","10298816","Left","NOR_BIS","Serna, Mateo","806219","Right","MIZ_TIG","Undefined","6","Bottom","0","0","0","Fastball","Changeup","BallCalled","Undefined","Undefined","Undefined","0","0","","82.11622","-1.146112","3.233993","1857.612196","138.050549","10:30","4.9331","-1.66425","5.95042","-30.59419","10.99993","-8.64815","1.31876","0.61768","74.97466","-6.845314","1.682337","0.464181",,,,,,,,,,,,"5.36071","6.39681","1.41154","50.0","4.82474","-6.39013","-119.05747","-3.32201","7.66263","23.73963","-23.03039","MIZ_TIG","NOR_BIS","TaylorStadium","D1","SEC","20260228-TaylorStadium-1","495f6f50-14ea-11f1-9d47-ad81a36dfdfe","81.20203",,,"7.14156",,,,,,,"d5e8cf87-b751-4c50-b9dc-f6258004ecf5","2026-02-28","21:13:10.36","2026-02-28T15:13:10.3660000-06:00","2026-02-28T21:13:10.3660000Z","","v3","4806","471388","ae4075840dfa411e9b4d026302d1ad63","Freiter, Bennett","1000119083","Right","NOR_BIS","1a3e2c9f-a1c0-42a5-8aaf-fab323cbafd2","54.54713","-119.96072","11.86982","4.93446","-2.44574","-11.51519","1.66022","-6.68168","3.83132",,,,,,,,,,,,,,,,,,,,,,,,,,,,,,,,,,,,,,,,,,,,,,,,,,,"High","High","High","","","","","",,,,,,,,,,,,,,,,,,,,,,,,,,,,,,,,,,,"2026","02","28"
"214","2026-02-28","15:13:28.64","2","2","Ryan, Sheamus","10298816","Left","NOR_BIS","Serna, Mateo","806219","Right","MIZ_TIG","Undefined","6","Bottom","0","1","0","ChangeUp","Changeup","StrikeSwinging","Undefined","Undefined","Undefined","0","0","","75.41444","0.958401","0.946775","1162.428706","110.641787","9:45","5.09478","-1.68895","5.57488","-45.57538","4.92548","-8.20154","2.1922","-1.48802","68.14844","-7.458273","-0.517677","0.511471",,,,,,,,,,,,"4.40516","2.78217","1.61272","50.0","5.14817","-1.48803","-109.2849","0.39767","5.24018","22.2031","-28.86448","MIZ_TIG","NOR_BIS","TaylorStadium","D1","SEC","20260228-TaylorStadium-1","5434b840-14ea-11f1-9d47-ad81a36dfdfe","73.69423",,,"7.266",,,,,,,"d5e8cf87-b751-4c50-b9dc-f6258004ecf5","2026-02-28","21:13:28.64","2026-02-28T15:13:28.6460000-06:00","2026-02-28T21:13:28.6460000Z","","v3","4806","471388","ae4075840dfa411e9b4d026302d1ad63","Freiter, Bennett","1000119083","Right","NOR_BIS","a19be846-2db5-4d3b-8d66-31c4ba15f0d8","54.9199","-110.27993","11.10155","5.10136","1.69123","-14.43224","1.68467","-1.72287","2.62009",,,,,,,,,,,,,,,,,,,,,,,,,,,,,,,,,,,,,,,,,,,,,,,,,,,"High","High","High","","","","","",,,,,,,,,,,,,,,,,,,,,,,,,,,,,,,,,,,"2026","02","28"
"215","2026-02-28","15:13:51.43","2","3","Ryan, Sheamus","10298816","Left","NOR_BIS","Serna, Mateo","806219","Right","MIZ_TIG","Undefined","6","Bottom","0","1","1","Fastball","Changeup","FoulBallNotFieldable","Undefined","Undefined","Undefined","0","0","","82.32558","0.394858","1.87603","1857.676156","161.393118","11:30","4.99939","-1.71314","6.06827","-27.07474","14.34709","-4.34146","3.10878","-0.33821","74.39898","-4.725041","1.094871","0.463219","76.64513","44.685634","37.698668",,"77.05707","81.63609","78.49948","245.25386","157.02709","52.202239","4.772897","2.82925","7.68945","1.57004","50.0","5.01569","-3.74522","-119.4328","0.04681","4.03446","25.73883","-21.20898","MIZ_TIG","NOR_BIS","TaylorStadium","D1","SEC","20260228-TaylorStadium-1","61c74c70-14ea-11f1-9d47-ad81a36dfdfe","81.37074","85.42573",,"7.92659",,,,"0.77914","3.13577","0.30451","d5e8cf87-b751-4c50-b9dc-f6258004ecf5","2026-02-28","21:13:51.43","2026-02-28T15:13:51.4370000-06:00","2026-02-28T21:13:51.4370000Z","FlyBall","v3","4806","471388","ae4075840dfa411e9b4d026302d1ad63","Freiter, Bennett","1000119083","Right","NOR_BIS","94e21b38-f481-44ef-86c7-a0cc7bad3309","54.42855","-120.38341","12.86941","4.9995","0.83012","-10.60449","1.71112","-3.89422","2.01723","216.319029","0.78965","63.00978","-15.28749","2.44485","0.62059","-0.50309","0.12494","-0.0135","5.2E-4","3.1394","78.95512","-21.46098","0.88825","0.67215","-0.48333","0.14974","-0.02209","0.00125","0.30727","48.80614","-1.60789","-0.82357","0.68956","-0.31497","0.08436","-0.0118","6.6E-4",,,,,,,,,,,,,,,,,,,,,,,"High","High","High","High","Medium","","","",,,,,,,,,,,,,,,,,,,,,,,,,,,,,,,,,,,"2026","02","28"
"216","2026-02-28","15:14:20.74","2","4","Ryan, Sheamus","10298816","Left","NOR_BIS","Serna, Mateo","806219","Right","MIZ_TIG","Undefined","6","Bottom","0","1","2","Fastball","Changeup","BallCalled","Undefined","Undefined","Undefined","0","0","","81.82759","1.003117","0.555129","1818.228706","137.272644","10:30","5.02162","-1.7387","5.88933","-32.03793","10.12469","-8.00099","3.28336","-1.88997","74.01577","-4.994255","-0.880816","0.467342",,,,,,,,,,,,"4.21236","5.32382","1.69828","50.0","5.0844","-0.8256","-118.69749","1.08469","5.94302","25.07164","-24.66294","MIZ_TIG","NOR_BIS","TaylorStadium","D1","SEC","20260228-TaylorStadium-1","7335bb40-14ea-11f1-9d47-ad81a36dfdfe","80.65272",,,"7.81182",,,,,,,"d5e8cf87-b751-4c50-b9dc-f6258004ecf5","2026-02-28","21:14:20.74","2026-02-28T15:14:20.7480000-06:00","2026-02-28T21:14:20.7480000Z","","v3","4806","471388","ae4075840dfa411e9b4d026302d1ad63","Freiter, Bennett","1000119083","Right","NOR_BIS","03aec136-b850-4ac9-940d-3cfb668e1e64","54.60535","-119.66629","12.53582","5.02407","2.0377","-12.33147","1.73462","-1.05524","2.97151",,,,,,,,,,,,,,,,,,,,,,,,,,,,,,,,,,,,,,,,,,,,,,,,,,,"High","High","High","","","","","",,,,,,,,,,,,,,,,,,,,,,,,,,,,,,,,,,,"2026","02","28"
"217","2026-02-28","15:14:38.66","2","5","Ryan, Sheamus","10298816","Left","NOR_BIS","Serna, Mateo","806219","Right","MIZ_TIG","Undefined","6","Bottom","0","2","2","Fastball","Changeup","InPlay","Undefined","GroundBall","Out","2","0","","81.93748","0.308472","2.074297","1840.073667","146.813332","11:00","5.1058","-1.72701","6.07996","-32.25903","9.40441","-5.225","2.70314","-0.24244","74.39487","-5.73146","1.133692","0.464568","99.60747","-6.575736","-9.88191",,,,,"22.18659","21.86682","-8.754648","0.147794","3.33292","5.1663","1.56943","50.0","5.11263","-4.1091","-118.91458","-0.32844","4.72722","24.81726","-24.84644","MIZ_TIG","NOR_BIS","TaylorStadium","D1","SEC","20260228-TaylorStadium-1","7deb6e40-14ea-11f1-9d47-ad81a36dfdfe","81.13442","2.76785",,"7.54261",,,,"1.24737","2.76785","0.24211","d5e8cf87-b751-4c50-b9dc-f6258004ecf5","2026-02-28","21:14:38.66","2026-02-28T15:14:38.6600000-06:00","2026-02-28T21:14:38.6600000Z","GroundBall","v3","4806","471388","ae4075840dfa411e9b4d026302d1ad63","Freiter, Bennett","1000119083","Right","NOR_BIS","2b7e4c9f-f38e-4fab-bbbd-2dd0bae1d8c1","54.41798","-119.83306","12.40863","5.10777","0.59112","-12.42322","1.72474","-4.28405","2.36361","83.778415","1.24791","142.92773","-20.3335",,,,,,,"2.76801","-16.74376","-13.43885",,,,,,,"0.24205","-24.901","2.80855",,,,,,,,,,,,,,,,,,,,,,,,,,,,,"High","High","High","High","High","","","",,,,,,,,,,,,,,,,,,,,,,,,,,,,,,,,"62.95065","11.71096","-0.79653","2026","02","28"
"218","2026-02-28","15:15:19.03","3","1","Ryan, Sheamus","10298816","Left","NOR_BIS","Ward, Blaize","1000263242","Left","MIZ_TIG","Undefined","6","Bottom","2","0","0","Fastball","Changeup","InPlay","Undefined","GroundBall","Out","1","0","","82.41232","0.281495","1.897818","1809.158182","123.219265","10:00","4.94491","-1.65363","6.08807","-32.77982","8.27733","-10.55556","2.47381","-0.77701","75.0103","-5.844484","-0.003571","0.461175","69.17111","-28.611942","27.387033",,,,,"5.36954","5.36954","31.419854","0.049179","6.02524","4.58177","1.51277","50.0","4.94935","-3.56501","-119.66279","-0.40952","8.67518","24.6014","-25.57715","MIZ_TIG","NOR_BIS","TaylorStadium","D1","SEC","20260228-TaylorStadium-1","95f39f30-14ea-11f1-9d47-ad81a36dfdfe","81.73133","2.39771",,"7.40202",,,,"0.67932","2.39771","0.77723","d5e8cf87-b751-4c50-b9dc-f6258004ecf5","2026-02-28","21:15:19.03","2026-02-28T15:15:19.0320000-06:00","2026-02-28T21:15:19.0320000Z","GroundBall","v3","4806","471388","ae4075840dfa411e9b4d026302d1ad63","Freiter, Bennett","1000119083","Right","NOR_BIS","2d4fa6b8-dc01-4863-9313-973b2cfc44bf","54.41076","-120.56619","12.3007","4.94714","0.5297","-12.78857","1.64953","-3.88357","4.33759",,"0.67709","79.36111",,,,,,,,"2.39908","-48.75503",,,,,,,,"0.77607","41.11411",,,,,,,,,,,,,,,,,,,,,,,,,,,,,,"High","High","High","Estimated","Estimated","","","",,,,,,,,,,,,,,,,,,,,,,,,,,,,,,,,"67.48703","1.48596","-1.36978","2026","02","28"
"235","2026-02-28","15:27:22.65","1","1","Ryan, Sheamus","10298816","Left","NOR_BIS","Benson, Cameron","813272","Left","MIZ_TIG","Undefined","7","Bottom","0","0","0","Fastball","Changeup","StrikeCalled","Undefined","Undefined","Undefined","0","0","","80.10861","-0.660891","2.063032","1853.204415","141.042983","10:45","4.99014","-1.67649","6.10034","-29.52017","13.82847","-10.02796","1.91848","-0.60333","73.13005","-6.201653","0.256557","0.47387",,,,,,,,,,,,"5.75268","7.75764","1.52282","50.0","4.9238","-3.81485","-116.29799","-2.18149","7.84806","22.60319","-21.59075","MIZ_TIG","NOR_BIS","TaylorStadium","D1","SEC","20260228-TaylorStadium-1","45548380-14ec-11f1-9d47-ad81a36dfdfe","79.54174",,,"6.97855",,,,,,,"d5e8cf87-b751-4c50-b9dc-f6258004ecf5","2026-02-28","21:27:22.65","2026-02-28T15:27:22.6530000-06:00","2026-02-28T21:27:22.6530000Z","","v3","4806","471388","ae4075840dfa411e9b4d026302d1ad63","Freiter, Bennett","1000119083","Right","NOR_BIS","007cb012-f545-466a-9c78-412636529d8b","54.39706","-117.14946","11.30159","4.99066","-1.36815","-10.79538","1.6721","-4.11049","3.92403",,,,,,,,,,,,,,,,,,,,,,,,,,,,,,,,,,,,,,,,,,,,,,,,,,,"High","High","High","","","","","",,,,,,,,,,,,,,,,,,,,,,,,,,,,,,,,,,,"2026","02","28"
"236","2026-02-28","15:27:38.13","1","2","Ryan, Sheamus","10298816","Left","NOR_BIS","Benson, Cameron","813272","Left","MIZ_TIG","Undefined","7","Bottom","0","0","1","ChangeUp","Changeup","BallCalled","Undefined","Undefined","Undefined","0","0","","74.66588","-0.058778","0.953085","1213.023786","104.469429","9:30","5.21571","-1.50373","5.67492","-46.62743","4.58713","-10.66658","1.27528","-1.504","67.80393","-8.654019","-0.957032","0.515072",,,,,,,,,,,,"5.71953","2.88953","1.43016","50.0","5.18172","-1.40963","-108.2891","-1.52991","6.68588","21.65582","-28.79631","MIZ_TIG","NOR_BIS","TaylorStadium","D1","SEC","20260228-TaylorStadium-1","4e8f7d60-14ec-11f1-9d47-ad81a36dfdfe","73.17895",,,"6.86195",,,,,,,"d5e8cf87-b751-4c50-b9dc-f6258004ecf5","2026-02-28","21:27:38.13","2026-02-28T15:27:38.1370000-06:00","2026-02-28T21:27:38.1370000Z","","v3","4806","471388","ae4075840dfa411e9b4d026302d1ad63","Freiter, Bennett","1000119083","Right","NOR_BIS","b15f9622-9fb5-4713-abbe-93ae4b3b51e4","54.8225","-109.24926","10.82791","5.22125","-0.25317","-14.39816","1.49923","-1.70606","3.34294",,,,,,,,,,,,,,,,,,,,,,,,,,,,,,,,,,,,,,,,,,,,,,,,,,,"High","High","High","","","","","",,,,,,,,,,,,,,,,,,,,,,,,,,,,,,,,,,,"2026","02","28"
"237","2026-02-28","15:27:56.13","1","3","Ryan, Sheamus","10298816","Left","NOR_BIS","Benson, Cameron","813272","Left","MIZ_TIG","Undefined","7","Bottom","0","1","1","ChangeUp","Changeup","BallCalled","Undefined","Undefined","Undefined","0","0","","73.65676","1.082075","-0.153003","1261.75007","106.455314","9:30","5.07799","-1.57038","5.49764","-48.62467","4.4926","-8.66678","2.0382","-2.43573","66.61121","-7.875288","-1.698487","0.524553",,,,,,,,,,,,"4.26465","2.55477","1.58953","50.0","5.14059","0.61644","-106.72761","0.50276","4.83575","21.26763","-29.27715","MIZ_TIG","NOR_BIS","TaylorStadium","D1","SEC","20260228-TaylorStadium-1","59600b60-14ec-11f1-9d47-ad81a36dfdfe","71.85634",,,"7.04555",,,,,,,"d5e8cf87-b751-4c50-b9dc-f6258004ecf5","2026-02-28","21:27:56.13","2026-02-28T15:27:56.1350000-06:00","2026-02-28T21:27:56.1350000Z","","v3","4806","471388","ae4075840dfa411e9b4d026302d1ad63","Freiter, Bennett","1000119083","Right","NOR_BIS","8520b187-f919-42a0-aa7d-ede2c946e0a8","54.99704","-107.71877","10.63381","5.08536","1.86719","-14.63857","1.56605","0.39107","2.41787",,,,,,,,,,,,,,,,,,,,,,,,,,,,,,,,,,,,,,,,,,,,,,,,,,,"High","High","High","","","","","",,,,,,,,,,,,,,,,,,,,,,,,,,,,,,,,,,,"2026","02","28"
"238","2026-02-28","15:28:18.88","1","4","Ryan, Sheamus","10298816","Left","NOR_BIS","Benson, Cameron","813272","Left","MIZ_TIG","Undefined","7","Bottom","0","2","1","Fastball","Changeup","InPlay","Undefined","GroundBall","Out","1","0","","80.98041","-0.814294","3.224482","1862.617401","157.10088","11:15","5.03176","-1.59914","6.01856","-28.91954","13.77674","-5.21772","1.86629","0.95597","73.81826","-6.233152","2.287708","0.470291","90.59837","-12.21246","30.599085",,,,,"10.90435","7.76687","20.716638","0.071687","3.6561","7.74957","1.34918","50.0","4.95214","-6.4227","-117.43768","-2.51075","5.07529","23.48526","-21.4163","MIZ_TIG","NOR_BIS","TaylorStadium","D1","SEC","20260228-TaylorStadium-1","66e3f990-14ec-11f1-9d47-ad81a36dfdfe","80.14707","2.01821",,"7.16215",,,,"2.17301","2.01821","-0.88918","d5e8cf87-b751-4c50-b9dc-f6258004ecf5","2026-02-28","21:28:18.88","2026-02-28T15:28:18.8860000-06:00","2026-02-28T21:28:18.8860000Z","GroundBall","v3","4806","471388","ae4075840dfa411e9b4d026302d1ad63","Freiter, Bennett","1000119083","Right","NOR_BIS","c7462c40-db10-4625-9401-bcaeca29f87f","54.4802","-118.33024","11.74263","5.03209","-1.69682","-10.70815","1.59695","-6.61558","2.53764","180.0","2.17097","111.96229",,,,,,,,"2.01872","-28.15287",,,,,,,,"-0.89038","66.2119",,,,,,,,,,,,,,,,,,,,,,,,,,,,,,"High","High","High","Low","Low","","","",,,,,,,,,,,,,,,,,,,,,,,,,,,,,,,,,,,"2026","02","28"
"239","2026-02-28","15:29:00.58","2","1","Ryan, Sheamus","10298816","Left","NOR_BIS","George, Jamal","805322","Right","MIZ_TIG","Undefined","7","Bottom","1","0","0","Fastball","Changeup","FoulBallNotFieldable","Undefined","Undefined","Undefined","0","0","","81.23899","-0.456506","2.433705","1846.67101","154.201352","11:15","5.01889","-1.64598","5.99585","-30.57478","11.82879","-5.03705","2.04757","0.19087","74.05312","-6.1731","1.528666","0.468676",,,,,,,,,,,,"3.31583","6.63032","1.45705","50.0","4.96614","-4.82061","-117.88971","-1.84979","4.63895","23.64228","-22.89796","MIZ_TIG","NOR_BIS","TaylorStadium","D1","SEC","20260228-TaylorStadium-1","7faa7170-14ec-11f1-9d47-ad81a36dfdfe","80.42326",,,"7.18587",,,,,,,"d5e8cf87-b751-4c50-b9dc-f6258004ecf5","2026-02-28","21:29:00.58","2026-02-28T15:29:00.5820000-06:00","2026-02-28T21:29:00.5820000Z","","v3","4806","471388","ae4075840dfa411e9b4d026302d1ad63","Freiter, Bennett","1000119083","Right","NOR_BIS","cd3f8958-8d4e-4383-af41-44143aba0e1a","54.50241","-118.78922","11.82114","5.01994","-0.9786","-11.44898","1.64381","-4.99711","2.31948",,,,,,,,,,,,,,,,,,,,,,,,,,,,,,,,,,,,,,,,,,,,,,,,,,,"High","High","High","","","","","",,,,,,,,,,,,,,,,,,,,,,,,,,,,,,,,,,,"2026","02","28"
"240","2026-02-28","15:29:35.19","2","2","Ryan, Sheamus","10298816","Left","NOR_BIS","George, Jamal","805322","Right","MIZ_TIG","Undefined","7","Bottom","1","0","1","Fastball","Slider","FoulBallNotFieldable","Undefined","Undefined","Undefined","0","0","","81.06277","0.554641","1.133131","1842.672158","175.81541","11:45","4.97887","-1.5648","5.91457","-35.03085","7.84575","-0.46622","2.57451","-0.55187","73.52493","-5.974527","1.049409","0.471283","68.69312","28.161848","137.166576","3503.789527","-88.24814","18.75295","65.66753","143.57698","48.26032","145.539099","2.122246","0.59043","4.2761","1.47423","50.0","5.00353","-2.30891","-117.63946","0.05346","0.81826","24.61754","-26.24791","MIZ_TIG","NOR_BIS","TaylorStadium","D1","SEC","20260228-TaylorStadium-1","94654c20-14ec-11f1-9d47-ad81a36dfdfe","79.9784","23.84659",,"7.53784",,,,"-0.15454","2.31585","0.49875","d5e8cf87-b751-4c50-b9dc-f6258004ecf5","2026-02-28","21:29:35.19","2026-02-28T15:29:35.1970000-06:00","2026-02-28T21:29:35.1970000Z","FlyBall","v3","4806","471388","ae4075840dfa411e9b4d026302d1ad63","Freiter, Bennett","1000119083","Right","NOR_BIS","09204d56-b66c-45b5-b7bf-c0f66fdc7878","54.58292","-118.59462","12.30877","4.9817","1.07188","-13.12396","1.56443","-2.34066","0.40913",,"-0.1545","-65.13922","1.92842","1.87005","-0.47741","0.02692","0.05453","-0.01911","0.00171","2.31585","47.55055","-29.94204","4.75223","-1.05743","0.26414","-0.06855","0.01869","-0.00262","0.4987","60.39105","-13.06238","1.80201","-0.52021","0.25943","-0.13124","0.03672","-0.00379",,,,,,,,,,,,,,,,,,,,,,,"High","High","High","High","Low","","","",,,,,,,,,,,,,,,,,,,,,,,,,,,,,,,,"71.00817","6.90056","17.69818","2026","02","28"
"241","2026-02-28","15:29:56.93","2","3","Ryan, Sheamus","10298816","Left","NOR_BIS","George, Jamal","805322","Right","MIZ_TIG","Undefined","7","Bottom","1","0","2","Fastball","Cutter","FoulBallNotFieldable","Undefined","Undefined","Undefined","0","0","","83.77017","0.095294","1.029073","1840.860158","155.907537","11:15","5.0398","-1.55288","5.96604","-29.85695","10.27859","-3.96736","2.64009","-0.92925","75.78733","-5.50253","0.315864","0.45597",,,,,,,,,,,,"2.3528","5.66213","1.47348","50.0","5.03092","-2.02457","-121.55135","-0.72426","3.4758","26.61938","-23.80942","MIZ_TIG","NOR_BIS","TaylorStadium","D1","SEC","20260228-TaylorStadium-1","a1481850-14ec-11f1-9d47-ad81a36dfdfe","82.66435",,,"7.98284",,,,,,,"d5e8cf87-b751-4c50-b9dc-f6258004ecf5","2026-02-28","21:29:56.93","2026-02-28T15:29:56.9380000-06:00","2026-02-28T21:29:56.9380000Z","","v3","4806","471388","ae4075840dfa411e9b4d026302d1ad63","Freiter, Bennett","1000119083","Right","NOR_BIS","3f900a2c-cf33-41cc-b7af-a85fca4b7835","54.53032","-122.53945","13.30969","5.0414","0.15955","-11.90471","1.55103","-2.15359","1.7379",,,,,,,,,,,,,,,,,,,,,,,,,,,,,,,,,,,,,,,,,,,,,,,,,,,"High","High","High","","","","","",,,,,,,,,,,,,,,,,,,,,,,,,,,,,,,,,,,"2026","02","28"
"242","2026-02-28","15:30:18.56","2","4","Ryan, Sheamus","10298816","Left","NOR_BIS","George, Jamal","805322","Right","MIZ_TIG","Undefined","7","Bottom","1","0","2","Fastball","Changeup","InPlay","Undefined","GroundBall","Single","0","0","","82.12738","0.270141","1.969139","1935.466193","154.560714","11:15","4.98529","-1.63509","6.0127","-27.03407","13.96843","-6.06366","2.98286","-0.31551","75.48193","-4.792825","0.879236","0.460868","87.58913","-2.564253","-5.48889","1994.556953",,,,"33.88641","33.88641","-4.481248","0.265565","3.65099","7.49264","1.48393","50.0","4.99163","-3.87551","-119.34847","-0.23363","5.29417","21.82109","-21.30926","MIZ_TIG","NOR_BIS","TaylorStadium","D1","SEC","20260228-TaylorStadium-1","ae3c97c0-14ec-11f1-9d47-ad81a36dfdfe","81.78577","3.00372",,"6.64545",,,,"0.85115","3.00372","0.28668","d5e8cf87-b751-4c50-b9dc-f6258004ecf5","2026-02-28","21:30:18.56","2026-02-28T15:30:18.5670000-06:00","2026-02-28T21:30:18.5670000Z","GroundBall","v3","4806","471388","ae4075840dfa411e9b4d026302d1ad63","Freiter, Bennett","1000119083","Right","NOR_BIS","b673d6bb-d84d-4879-a1c0-e51feeef7da5","54.48685","-120.16602","10.91054","4.98543","0.56475","-10.65463","1.63284","-4.07386","2.64709","330.705991","0.85219","127.6946","-13.91837",,,,,,,"3.00565","-5.84383","-20.64136",,,,,,,"0.286","-12.2418","4.50912",,,,,,,,,,,,,,,,,,,,,,,,,,,,,"High","High","High","High","High","","","",,,,,,,,,,,,,,,,,,,,,,,,,,,,,,,,,,,"2026","02","28"
"243","2026-02-28","15:31:34.64","3","1","Ryan, Sheamus","10298816","Left","NOR_BIS","Maisonet, Eric","835908","Right","MIZ_TIG","Undefined","7","Bottom","1","0","1","Fastball","Cutter","InPlay","Undefined","GroundBall","Out","1","0","","81.64303","-0.722884","2.655685","1946.326511","169.110307","11:45","5.0317","-1.69541","5.99466","-28.60454","12.89268","-2.24571","1.97734","0.58022","75.32104","-6.048662","2.252391","0.46364","74.94967","-65.581148","-74.075273",,,,,"1.50033","0.74328","-72.756785","0.018408","1.84354","7.19642","1.48736","50.0","4.95884","-5.41689","-118.59285","-2.3515","2.64439","21.15209","-21.85153","MIZ_TIG","NOR_BIS","TaylorStadium","D1","SEC","20260228-TaylorStadium-1","db7e7050-14ec-11f1-9d47-ad81a36dfdfe","81.29675","1.84693",,"6.32198",,,,"0.21467","1.84693","-0.62654","d5e8cf87-b751-4c50-b9dc-f6258004ecf5","2026-02-28","21:31:34.64","2026-02-28T15:31:34.6450000-06:00","2026-02-28T21:31:34.6450000Z","GroundBall","v3","4806","471388","ae4075840dfa411e9b4d026302d1ad63","Freiter, Bennett","1000119083","Right","NOR_BIS","c2b31d72-7ab1-4873-8172-7b4815b68155","54.50491","-119.39364","10.57604","5.0322","-1.52423","-10.92577","1.69433","-5.517","1.32219",,"0.21458","12.49838",,,,,,,,"1.84763","-100.33174",,,,,,,,"-0.62623","-43.80415",,,,,,,,,,,,,,,,,,,,,,,,,,,,,,"High","High","High","Estimated","Estimated","","","",,,,,,,,,,,,,,,,,,,,,,,,,,,,,,,,,,,"2026","02","28"
"244","2026-02-28","15:32:14.31","4","1","Ryan, Sheamus","10298816","Left","NOR_BIS","Patterson, Christopher","1000080435","Right","MIZ_TIG","Undefined","7","Bottom","2","0","0","ChangeUp","Changeup","BallCalled","Undefined","Undefined","Undefined","0","0","","74.15472","0.532184","0.644999","1097.634873","116.228696","9:45","5.0895","-1.66861","5.49888","-46.32963","5.49453","-7.66378","1.72652","-1.70393","67.79403","-7.973577","-0.722136","0.518129",,,,,,,,,,,,"4.03244","3.16729","1.61743","50.0","5.10512","-0.92339","-107.59757","-0.44347","4.69971","19.68709","-28.48265","MIZ_TIG","NOR_BIS","TaylorStadium","D1","SEC","20260228-TaylorStadium-1","f326f510-14ec-11f1-9d47-ad81a36dfdfe","72.74725",,,"6.36069",,,,,,,"d5e8cf87-b751-4c50-b9dc-f6258004ecf5","2026-02-28","21:32:14.31","2026-02-28T15:32:14.3100000-06:00","2026-02-28T21:32:14.3100000Z","","v3","4806","471388","ae4075840dfa411e9b4d026302d1ad63","Freiter, Bennett","1000119083","Right","NOR_BIS","1e93d648-d88b-4037-82b6-9941cb75d2a6","54.99822","-108.50824","9.84355","5.09516","0.87406","-14.24133","1.66517","-1.14079","2.34986",,,,,,,,,,,,,,,,,,,,,,,,,,,,,,,,,,,,,,,,,,,,,,,,,,,"High","High","High","","","","","",,,,,,,,,,,,,,,,,,,,,,,,,,,,,,,,,,,"2026","02","28"
"245","2026-02-28","15:32:35.06","4","2","Ryan, Sheamus","10298816","Left","NOR_BIS","Patterson, Christopher","1000080435","Right","MIZ_TIG","Undefined","7","Bottom","2","1","0","Curveball","Curveball","BallCalled","Undefined","Undefined","Undefined","0","0","","69.72502","2.696587","-0.35708","2300.730431","306.485827","4:15","5.22324","-1.71425","5.10335","-69.34331","-9.88512","15.92867","1.98742","-0.72332","64.08817","-9.825397","2.464939","0.55498",,,,,,,,,,,,"-7.98721","-5.07457","1.735","50.0","5.42341","0.04479","-101.14308","2.5291","-8.23218","17.27241","-37.40427","MIZ_TIG","NOR_BIS","TaylorStadium","D1","SEC","20260228-TaylorStadium-1","ff8a3100-14ec-11f1-9d47-ad81a36dfdfe","67.91676",,,"5.63684",,,,,,,"d5e8cf87-b751-4c50-b9dc-f6258004ecf5","2026-02-28","21:32:35.06","2026-02-28T15:32:35.0680000-06:00","2026-02-28T21:32:35.0680000Z","","v3","4806","471388","ae4075840dfa411e9b4d026302d1ad63","Freiter, Bennett","1000119083","Right","NOR_BIS","967677c2-29b0-4c47-ad37-0a5d7b151d03","55.39988","-102.06107","8.6362","5.23616","4.51704","-18.70214","1.72099","0.48231","-4.11609",,,,,,,,,,,,,,,,,,,,,,,,,,,,,,,,,,,,,,,,,,,,,,,,,,,"High","High","High","","","","","",,,,,,,,,,,,,,,,,,,,,,,,,,,,,,,,,,,"2026","02","28"
"246","2026-02-28","15:33:14.12","4","3","Ryan, Sheamus","10298816","Left","NOR_BIS","Patterson, Christopher","1000080435","Right","MIZ_TIG","Undefined","7","Bottom","2","2","0","Fastball","Changeup","StrikeCalled","Undefined","Undefined","Undefined","0","0","","82.76612","-0.280465","2.730116","1806.957703","163.768156","11:30","4.99273","-1.6678","5.90831","-29.60246","10.84351","-2.81799","2.26524","0.63339","76.43042","-5.77187","2.224951","0.45773",,,,,,,,,,,,"2.12736","5.99973","1.4501","50.0","4.95322","-5.62292","-120.21937","-1.51435","3.14261","21.2574","-23.31114","MIZ_TIG","NOR_BIS","TaylorStadium","D1","SEC","20260228-TaylorStadium-1","16d357b0-14ed-11f1-9d47-ad81a36dfdfe","82.34651",,,"6.3357",,,,,,,"d5e8cf87-b751-4c50-b9dc-f6258004ecf5","2026-02-28","21:33:14.12","2026-02-28T15:33:14.1270000-06:00","2026-02-28T21:33:14.1270000Z","","v3","4806","471388","ae4075840dfa411e9b4d026302d1ad63","Freiter, Bennett","1000119083","Right","NOR_BIS","1d18ffea-1c98-49a5-9f55-a97062ed2387","54.59056","-121.02836","10.6287","4.99397","-0.6272","-11.65557","1.66636","-5.74252","1.5713",,,,,,,,,,,,,,,,,,,,,,,,,,,,,,,,,,,,,,,,,,,,,,,,,,,"High","High","High","","","","","",,,,,,,,,,,,,,,,,,,,,,,,,,,,,,,,,,,"2026","02","28"
"247","2026-02-28","15:33:34.00","4","4","Ryan, Sheamus","10298816","Left","NOR_BIS","Patterson, Christopher","1000080435","Right","MIZ_TIG","Undefined","7","Bottom","2","2","1","Curveball","Curveball","BallCalled","Undefined","Undefined","Undefined","0","0","","70.26739","2.848127","-0.596219","2254.638785","304.762232","4:15","5.20186","-1.7661","4.96141","-65.1961","-6.88548","12.36398","2.46192","-1.29905","65.01965","-8.890107","1.586693","0.549598",,,,,,,,,,,,"-6.24839","-3.58618","1.8132","50.0","5.42384","0.59933","-101.97618","2.92829","-6.61833","15.84715","-35.97257","MIZ_TIG","NOR_BIS","TaylorStadium","D1","SEC","20260228-TaylorStadium-1","22c73000-14ed-11f1-9d47-ad81a36dfdfe","68.58181",,,"5.24774",,,,,,,"d5e8cf87-b751-4c50-b9dc-f6258004ecf5","2026-02-28","21:33:34.00","2026-02-28T15:33:34.0020000-06:00","2026-02-28T21:33:34.0020000Z","","v3","4806","471388","ae4075840dfa411e9b4d026302d1ad63","Freiter, Bennett","1000119083","Right","NOR_BIS","46df909b-c831-4503-a342-bbdbc3303c12","55.54157","-102.83374","7.92357","5.21271","4.87492","-17.98628","1.77108","0.95748","-3.30917",,,,,,,,,,,,,,,,,,,,,,,,,,,,,,,,,,,,,,,,,,,,,,,,,,,"High","High","High","","","","","",,,,,,,,,,,,,,,,,,,,,,,,,,,,,,,,,,,"2026","02","28"
"248","2026-02-28","15:33:53.48","4","5","Ryan, Sheamus","10298816","Left","NOR_BIS","Patterson, Christopher","1000080435","Right","MIZ_TIG","Undefined","7","Bottom","2","3","1","Fastball","Changeup","InPlay","Undefined","GroundBall","Out","1","0","","82.14497","-0.220111","2.034142","1822.974472","168.570311","11:30","4.98829","-1.77165","6.05985","-30.01793","11.00087","-1.97122","2.28295","-0.05241","75.45146","-5.819963","1.679428","0.46096","67.44625","-52.037069","-60.26768",,,,,"2.79904","2.79904","-32.328146","0.029248","1.57181","6.10835","1.61476","50.0","4.95505","-4.16538","-119.35063","-1.35927","2.27281","22.43503","-23.34139","MIZ_TIG","NOR_BIS","TaylorStadium","D1","SEC","20260228-TaylorStadium-1","2e3c1450-14ed-11f1-9d47-ad81a36dfdfe","81.76951","2.28933",,"6.69352",,,,"1.47931","2.28933","0.05425","d5e8cf87-b751-4c50-b9dc-f6258004ecf5","2026-02-28","21:33:53.48","2026-02-28T15:33:53.4840000-06:00","2026-02-28T21:33:53.4840000Z","GroundBall","v3","4806","471388","ae4075840dfa411e9b4d026302d1ad63","Freiter, Bennett","1000119083","Right","NOR_BIS","28e2d5fd-a51b-4874-94a2-6541138b0f69","54.43955","-120.18226","11.21751","4.9894","-0.49404","-11.6707","1.77073","-4.24963","1.13641",,"1.47879","30.28915",,,,,,,,"2.29067","-78.27442",,,,,,,,"0.05515","-53.033",,,,,,,,,,,,,,,,,,,,,,,,,,,,,,"High","High","High","Estimated","Estimated","","","",,,,,,,,,,,,,,,,,,,,,,,,,,,,,,,,"82.01761","1.05014","12.35371","2026","02","28"
"261","2026-02-28","15:43:14.07","1","1","Ryan, Sheamus","10298816","Left","NOR_BIS","Frost, Isaiah","801981","Left","MIZ_TIG","Undefined","8","Bottom","0","0","0","Fastball","","InPlay","Undefined","Bunt","Out","1","0","",,,,,,"",,,,,,,,,,,,,,,,,,,,,,,,,,,,,,,,,,,"MIZ_TIG","NOR_BIS","TaylorStadium","D1","SEC","20260228-TaylorStadium-1","7c5e1ab0-14ee-11f1-9d47-ad81a36dfdfe",,,,,,,,,,,"d5e8cf87-b751-4c50-b9dc-f6258004ecf5","2026-02-28","21:43:14.07","2026-02-28T15:43:14.0790000-06:00","2026-02-28T21:43:14.0790000Z","","v3","4806","471388","ae4075840dfa411e9b4d026302d1ad63","Freiter, Bennett","1000119083","Right","NOR_BIS","2c7ad765-f411-4f27-884d-11d74e1309e1",,,,,,,,,,,,,,,,,,,,,,,,,,,,,,,,,,,,,,,,,,,,,,,,,,,,,,,,,,,,"","","","","","","","",,,,,,,,,,,,,,,,,,,,,,,,,,,,,,,,,,,"2026","02","28"
"262","2026-02-28","15:43:56.52","2","1","Ryan, Sheamus","10298816","Left","NOR_BIS","Macon, Tyler","823527","Right","MIZ_TIG","Undefined","8","Bottom","1","0","0","Fastball","","BallCalled","Undefined","Undefined","Undefined","0","0","",,,,,,"",,,,,,,,,,,,,,,,,,,,,,,,,,,,,,,,,,,"MIZ_TIG","NOR_BIS","TaylorStadium","D1","SEC","20260228-TaylorStadium-1","95b47680-14ee-11f1-9d47-ad81a36dfdfe",,,,,,,,,,,"d5e8cf87-b751-4c50-b9dc-f6258004ecf5","2026-02-28","21:43:56.52","2026-02-28T15:43:56.5210000-06:00","2026-02-28T21:43:56.5210000Z","","v3","4806","471388","ae4075840dfa411e9b4d026302d1ad63","Freiter, Bennett","1000119083","Right","NOR_BIS","7b048bf2-6f74-4700-bc8d-863df60dfdb3",,,,,,,,,,,,,,,,,,,,,,,,,,,,,,,,,,,,,,,,,,,,,,,,,,,,,,,,,,,,"","","","","","","","",,,,,,,,,,,,,,,,,,,,,,,,,,,,,,,,,,,"2026","02","28"
"263","2026-02-28","15:44:12.78","2","2","Ryan, Sheamus","10298816","Left","NOR_BIS","Macon, Tyler","823527","Right","MIZ_TIG","Undefined","8","Bottom","1","1","0","Fastball","","BallCalled","Undefined","Undefined","Undefined","0","0","",,,,,,"",,,,,,,,,,,,,,,,,,,,,,,,,,,,,,,,,,,"MIZ_TIG","NOR_BIS","TaylorStadium","D1","SEC","20260228-TaylorStadium-1","9f6abae0-14ee-11f1-9d47-ad81a36dfdfe",,,,,,,,,,,"d5e8cf87-b751-4c50-b9dc-f6258004ecf5","2026-02-28","21:44:12.78","2026-02-28T15:44:12.7830000-06:00","2026-02-28T21:44:12.7830000Z","","v3","4806","471388","ae4075840dfa411e9b4d026302d1ad63","Freiter, Bennett","1000119083","Right","NOR_BIS","b4761d28-75c5-4478-9b04-d24300d54b9e",,,,,,,,,,,,,,,,,,,,,,,,,,,,,,,,,,,,,,,,,,,,,,,,,,,,,,,,,,,,"","","","","","","","",,,,,,,,,,,,,,,,,,,,,,,,,,,,,,,,,,,"2026","02","28"
"264","2026-02-28","15:44:31.68","2","3","Ryan, Sheamus","10298816","Left","NOR_BIS","Macon, Tyler","823527","Right","MIZ_TIG","Undefined","8","Bottom","1","2","0","Fastball","","StrikeCalled","Undefined","Undefined","Undefined","0","0","",,,,,,"",,,,,,,,,,,,,,,,,,,,,,,,,,,,,,,,,,,"MIZ_TIG","NOR_BIS","TaylorStadium","D1","SEC","20260228-TaylorStadium-1","aac168d0-14ee-11f1-9d47-ad81a36dfdfe",,,,,,,,,,,"d5e8cf87-b751-4c50-b9dc-f6258004ecf5","2026-02-28","21:44:31.68","2026-02-28T15:44:31.6840000-06:00","2026-02-28T21:44:31.6840000Z","","v3","4806","471388","ae4075840dfa411e9b4d026302d1ad63","Freiter, Bennett","1000119083","Right","NOR_BIS","faea2943-a9cc-42ae-8ef3-e430ab1ed655",,,,,,,,,,,,,,,,,,,,,,,,,,,,,,,,,,,,,,,,,,,,,,,,,,,,,,,,,,,,"","","","","","","","",,,,,,,,,,,,,,,,,,,,,,,,,,,,,,,,,,,"2026","02","28"
"265","2026-02-28","15:44:53.46","2","4","Ryan, Sheamus","10298816","Left","NOR_BIS","Macon, Tyler","823527","Right","MIZ_TIG","Undefined","8","Bottom","1","2","1","Fastball","","StrikeCalled","Undefined","Undefined","Undefined","0","0","",,,,,,"",,,,,,,,,,,,,,,,,,,,,,,,,,,,,,,,,,,"MIZ_TIG","NOR_BIS","TaylorStadium","D1","SEC","20260228-TaylorStadium-1","b7a2ae60-14ee-11f1-9d47-ad81a36dfdfe",,,,,,,,,,,"d5e8cf87-b751-4c50-b9dc-f6258004ecf5","2026-02-28","21:44:53.46","2026-02-28T15:44:53.4630000-06:00","2026-02-28T21:44:53.4630000Z","","v3","4806","471388","ae4075840dfa411e9b4d026302d1ad63","Freiter, Bennett","1000119083","Right","NOR_BIS","46d8e191-f9ec-44b5-ba8f-acc38f26ab4d",,,,,,,,,,,,,,,,,,,,,,,,,,,,,,,,,,,,,,,,,,,,,,,,,,,,,,,,,,,,"","","","","","","","",,,,,,,,,,,,,,,,,,,,,,,,,,,,,,,,,,,"2026","02","28"
"266","2026-02-28","15:45:13.79","2","5","Ryan, Sheamus","10298816","Left","NOR_BIS","Macon, Tyler","823527","Right","MIZ_TIG","Undefined","8","Bottom","1","2","2","ChangeUp","","InPlay","Undefined","GroundBall","Single","0","0","",,,,,,"",,,,,,,,,,,,,,,,,,,,,,,,,,,,,,,,,,,"MIZ_TIG","NOR_BIS","TaylorStadium","D1","SEC","20260228-TaylorStadium-1","c3c67050-14ee-11f1-9d47-ad81a36dfdfe",,,,,,,,,,,"d5e8cf87-b751-4c50-b9dc-f6258004ecf5","2026-02-28","21:45:13.79","2026-02-28T15:45:13.7960000-06:00","2026-02-28T21:45:13.7960000Z","","v3","4806","471388","ae4075840dfa411e9b4d026302d1ad63","Freiter, Bennett","1000119083","Right","NOR_BIS","0adeab16-0f63-4791-945b-257aa75fbbee",,,,,,,,,,,,,,,,,,,,,,,,,,,,,,,,,,,,,,,,,,,,,,,,,,,,,,,,,,,,"","","","","","","","",,,,,,,,,,,,,,,,,,,,,,,,,,,,,,,,,,,"2026","02","28"
"267","2026-02-28","15:46:15.07","3","1","Ryan, Sheamus","10298816","Left","NOR_BIS","Woita, Jase","831805","Left","MIZ_TIG","Undefined","8","Bottom","1","0","0","Fastball","","InPlay","Undefined","FlyBall","Out","1","0","",,,,,,"",,,,,,,,,,,,,,,,,,,,,,,,,,,,,,,,,,,"MIZ_TIG","NOR_BIS","TaylorStadium","D1","SEC","20260228-TaylorStadium-1","e84209d0-14ee-11f1-9d47-ad81a36dfdfe",,,,,,,,,,,"d5e8cf87-b751-4c50-b9dc-f6258004ecf5","2026-02-28","21:46:15.07","2026-02-28T15:46:15.0780000-06:00","2026-02-28T21:46:15.0780000Z","","v3","4806","471388","ae4075840dfa411e9b4d026302d1ad63","Freiter, Bennett","1000119083","Right","NOR_BIS","780a3e68-d315-46d9-9a1c-2e7ec688e50a",,,,,,,,,,,,,,,,,,,,,,,,,,,,,,,,,,,,,,,,,,,,,,,,,,,,,,,,,,,,"","","","","","","","",,,,,,,,,,,,,,,,,,,,,,,,,,,,,,,,,,,"2026","02","28"
"268","2026-02-28","15:47:30.03","4","1","Ryan, Sheamus","10298816","Left","NOR_BIS","Serna, Mateo","806219","Right","MIZ_TIG","Undefined","8","Bottom","2","0","0","ChangeUp","","BallCalled","Undefined","Undefined","Undefined","0","0","",,,,,,"",,,,,,,,,,,,,,,,,,,,,,,,,,,,,,,,,,,"MIZ_TIG","NOR_BIS","TaylorStadium","D1","SEC","20260228-TaylorStadium-1","15056390-14ef-11f1-9d47-ad81a36dfdfe",,,,,,,,,,,"d5e8cf87-b751-4c50-b9dc-f6258004ecf5","2026-02-28","21:47:30.03","2026-02-28T15:47:30.0350000-06:00","2026-02-28T21:47:30.0350000Z","","v3","4806","471388","ae4075840dfa411e9b4d026302d1ad63","Freiter, Bennett","1000119083","Right","NOR_BIS","4b26f211-0808-4171-9e0e-54301445e7d1",,,,,,,,,,,,,,,,,,,,,,,,,,,,,,,,,,,,,,,,,,,,,,,,,,,,,,,,,,,,"","","","","","","","",,,,,,,,,,,,,,,,,,,,,,,,,,,,,,,,,,,"2026","02","28"
"269","2026-02-28","15:47:50.32","4","2","Ryan, Sheamus","10298816","Left","NOR_BIS","Serna, Mateo","806219","Right","MIZ_TIG","Undefined","8","Bottom","2","1","0","ChangeUp","","StrikeSwinging","Undefined","Undefined","Undefined","0","0","",,,,,,"",,,,,,,,,,,,,,,,,,,,,,,,,,,,,,,,,,,"MIZ_TIG","NOR_BIS","TaylorStadium","D1","SEC","20260228-TaylorStadium-1","21199520-14ef-11f1-9d47-ad81a36dfdfe",,,,,,,,,,,"d5e8cf87-b751-4c50-b9dc-f6258004ecf5","2026-02-28","21:47:50.32","2026-02-28T15:47:50.3270000-06:00","2026-02-28T21:47:50.3270000Z","","v3","4806","471388","ae4075840dfa411e9b4d026302d1ad63","Freiter, Bennett","1000119083","Right","NOR_BIS","626ab034-740e-484f-8774-e0b34de915e5",,,,,,,,,,,,,,,,,,,,,,,,,,,,,,,,,,,,,,,,,,,,,,,,,,,,,,,,,,,,"","","","","","","","",,,,,,,,,,,,,,,,,,,,,,,,,,,,,,,,,,,"2026","02","28"
"270","2026-02-28","15:48:32.43","4","3","Ryan, Sheamus","10298816","Left","NOR_BIS","Serna, Mateo","806219","Right","MIZ_TIG","Undefined","8","Bottom","2","1","1","Fastball","","InPlay","Undefined","LineDrive","Single","0","0","",,,,,,"",,,,,,,,,,,,,,,,,,,,,,,,,,,,,,,,,,,"MIZ_TIG","NOR_BIS","TaylorStadium","D1","SEC","20260228-TaylorStadium-1","3a4f4990-14ef-11f1-9d47-ad81a36dfdfe",,,,,,,,,,,"d5e8cf87-b751-4c50-b9dc-f6258004ecf5","2026-02-28","21:48:32.43","2026-02-28T15:48:32.4340000-06:00","2026-02-28T21:48:32.4340000Z","","v3","4806","471388","ae4075840dfa411e9b4d026302d1ad63","Freiter, Bennett","1000119083","Right","NOR_BIS","6edb6726-abf6-4184-9376-a5931d0bcc1a",,,,,,,,,,,,,,,,,,,,,,,,,,,,,,,,,,,,,,,,,,,,,,,,,,,,,,,,,,,,"","","","","","","","",,,,,,,,,,,,,,,,,,,,,,,,,,,,,,,,,,,"2026","02","28"
"271","2026-02-28","15:49:24.00","5","1","Ryan, Sheamus","10298816","Left","NOR_BIS","Ward, Blaize","1000263242","Left","MIZ_TIG","Undefined","8","Bottom","2","0","0","Fastball","","StrikeCalled","Undefined","Undefined","Undefined","0","0","",,,,,,"",,,,,,,,,,,,,,,,,,,,,,,,,,,,,,,,,,,"MIZ_TIG","NOR_BIS","TaylorStadium","D1","SEC","20260228-TaylorStadium-1","58e11000-14ef-11f1-9d47-ad81a36dfdfe",,,,,,,,,,,"d5e8cf87-b751-4c50-b9dc-f6258004ecf5","2026-02-28","21:49:24.00","2026-02-28T15:49:24.0030000-06:00","2026-02-28T21:49:24.0030000Z","","v3","4806","471388","ae4075840dfa411e9b4d026302d1ad63","Freiter, Bennett","1000119083","Right","NOR_BIS","5e69504f-0a8b-4c5f-a68b-1cf0faf70039",,,,,,,,,,,,,,,,,,,,,,,,,,,,,,,,,,,,,,,,,,,,,,,,,,,,,,,,,,,,"","","","","","","","",,,,,,,,,,,,,,,,,,,,,,,,,,,,,,,,,,,"2026","02","28"
"272","2026-02-28","15:49:42.97","5","2","Ryan, Sheamus","10298816","Left","NOR_BIS","Ward, Blaize","1000263242","Left","MIZ_TIG","Undefined","8","Bottom","2","0","1","Curveball","","BallCalled","Undefined","Undefined","Undefined","0","0","",,,,,,"",,,,,,,,,,,,,,,,,,,,,,,,,,,,,,,,,,,"MIZ_TIG","NOR_BIS","TaylorStadium","D1","SEC","20260228-TaylorStadium-1","6455a630-14ef-11f1-9d47-ad81a36dfdfe",,,,,,,,,,,"d5e8cf87-b751-4c50-b9dc-f6258004ecf5","2026-02-28","21:49:42.97","2026-02-28T15:49:42.9770000-06:00","2026-02-28T21:49:42.9770000Z","","v3","4806","471388","ae4075840dfa411e9b4d026302d1ad63","Freiter, Bennett","1000119083","Right","NOR_BIS","6c2f943c-8efa-45e7-a74a-34ff8a8475b1",,,,,,,,,,,,,,,,,,,,,,,,,,,,,,,,,,,,,,,,,,,,,,,,,,,,,,,,,,,,"","","","","","","","",,,,,,,,,,,,,,,,,,,,,,,,,,,,,,,,,,,"2026","02","28"
"273","2026-02-28","15:50:02.92","5","3","Ryan, Sheamus","10298816","Left","NOR_BIS","Ward, Blaize","1000263242","Left","MIZ_TIG","Undefined","8","Bottom","2","1","1","Slider","","StrikeCalled","Undefined","Undefined","Undefined","0","0","",,,,,,"",,,,,,,,,,,,,,,,,,,,,,,,,,,,,,,,,,,"MIZ_TIG","NOR_BIS","TaylorStadium","D1","SEC","20260228-TaylorStadium-1","7019bbf0-14ef-11f1-9d47-ad81a36dfdfe",,,,,,,,,,,"d5e8cf87-b751-4c50-b9dc-f6258004ecf5","2026-02-28","21:50:02.92","2026-02-28T15:50:02.9290000-06:00","2026-02-28T21:50:02.9290000Z","","v3","4806","471388","ae4075840dfa411e9b4d026302d1ad63","Freiter, Bennett","1000119083","Right","NOR_BIS","a56384f3-e279-40ce-b814-55cbfce4e9fc",,,,,,,,,,,,,,,,,,,,,,,,,,,,,,,,,,,,,,,,,,,,,,,,,,,,,,,,,,,,"","","","","","","","",,,,,,,,,,,,,,,,,,,,,,,,,,,,,,,,,,,"2026","02","28"
"274","2026-02-28","15:50:22.92","5","4","Ryan, Sheamus","10298816","Left","NOR_BIS","Ward, Blaize","1000263242","Left","MIZ_TIG","Undefined","8","Bottom","2","1","2","Fastball","","InPlay","Undefined","LineDrive","Out","1","0","",,,,,,"",,,,,,,,,,,,,,,,,,,,,,,,,,,,,,,,,,,"MIZ_TIG","NOR_BIS","TaylorStadium","D1","SEC","20260228-TaylorStadium-1","7bfe7910-14ef-11f1-9d47-ad81a36dfdfe",,,,,,,,,,,"d5e8cf87-b751-4c50-b9dc-f6258004ecf5","2026-02-28","21:50:22.92","2026-02-28T15:50:22.9200000-06:00","2026-02-28T21:50:22.9200000Z","","v3","4806","471388","ae4075840dfa411e9b4d026302d1ad63","Freiter, Bennett","1000119083","Right","NOR_BIS","ce13916f-cbc4-433f-9a61-18f29a3417f4",,,,,,,,,,,,,,,,,,,,,,,,,,,,,,,,,,,,,,,,,,,,,,,,,,,,,,,,,,,,"","","","","","","","",,,,,,,,,,,,,,,,,,,,,,,,,,,,,,,,,,,"2026","02","28"
"16","2026-02-28","16:56:00.27","1","1","Walker, Jonah","807939","Left","NOR_BIS","Macon, Tyler","823527","Right","MIZ_TIG","Undefined","1","Bottom","0","0","0","Fastball","Cutter","BallCalled","Undefined","Undefined","Undefined","0","0","","85.72875","-1.355011","2.335391","2191.754948","177.707182","12:00","5.89345","-0.85996","5.67953","-29.03533","9.31579","-0.32469","2.20942","1.29123","78.63389","-6.718966","2.277378","0.445718",,,,,,,,,,,,"0.81154","5.48205","0.66328","50.0","5.76102","-5.05911","-124.38201","-3.92473","1.27186","24.8565","-23.58258","MIZ_TIG","NOR_BIS","TaylorStadium","D1","SEC","20260228-TaylorStadium-2","a6ebc430-14f8-11f1-9d47-ad81a36dfdfe","84.5656",,,"7.09486",,,,,,,"1fa80f13-d93e-49a6-97f0-7762eeb242e9","2026-02-28","22:56:00.27","2026-02-28T16:56:00.2700288-06:00","2026-02-28T22:56:00.2700288Z","","v3","4806","471388","ae4075840dfa411e9b4d026302d1ad63","Gustafson, Evan","1000308757","Right","NOR_BIS","b48a5115-86e6-450e-86f9-b2c5dc12eec0","54.81858","-125.34125","12.42825","5.89492","-3.01465","-11.79129","0.85947","-5.10819","0.63593",,,,,,,,,,,,,,,,,,,,,,,,,,,,,,,,,,,,,,,,,,,,,,,,,,,"High","High","High","","","","","",,,,,,,,,,,,,,,,,,,,,,,,,,,,,,,,,,,"2026","02","28"
"17","2026-02-28","16:56:16.16","1","2","Walker, Jonah","807939","Left","NOR_BIS","Macon, Tyler","823527","Right","MIZ_TIG","Undefined","1","Bottom","0","1","0","Fastball","Cutter","BallCalled","Undefined","Undefined","Undefined","0","0","","87.81844","0.275832","0.713923","2280.004746","163.679255","11:30","6.00933","-0.73227","5.51598","-24.94462","11.66414","-3.08854","4.18856","-0.32206","80.44528","-4.35617","0.163444","0.435476",,,,,,,,,,,,"1.73957","6.15874","0.67215","50.0","6.01679","-1.45237","-127.52852","-0.24923","2.87526","25.32785","-21.99444","MIZ_TIG","NOR_BIS","TaylorStadium","D1","SEC","20260228-TaylorStadium-2","b042f8a0-14f8-11f1-9d47-ad81a36dfdfe","86.55464",,,"7.37316",,,,,,,"1fa80f13-d93e-49a6-97f0-7762eeb242e9","2026-02-28","22:56:16.16","2026-02-28T16:56:16.1646592-06:00","2026-02-28T22:56:16.1646592Z","","v3","4806","471388","ae4075840dfa411e9b4d026302d1ad63","Gustafson, Evan","1000308757","Right","NOR_BIS","b451f0f0-3d1c-4d07-9735-31a27752ea85","54.98127","-128.51402","12.66393","6.00984","0.60656","-10.99722","0.73083","-1.56424","1.43763",,,,,,,,,,,,,,,,,,,,,,,,,,,,,,,,,,,,,,,,,,,,,,,,,,,"High","High","High","","","","","",,,,,,,,,,,,,,,,,,,,,,,,,,,,,,,,,,,"2026","02","28"
"18","2026-02-28","16:56:32.45","1","3","Walker, Jonah","807939","Left","NOR_BIS","Macon, Tyler","823527","Right","MIZ_TIG","Undefined","1","Bottom","0","2","0","Fastball","Cutter","StrikeSwinging","Undefined","Undefined","Undefined","0","0","","87.14765","-1.259348","1.376814","2339.50136","159.849476","11:15","5.92405","-0.69344","5.52498","-27.72876","9.76792","-3.12622","2.43544","0.33346","79.42812","-6.391005","0.819283","0.440725",,,,,,,,,,,,"1.97165","5.68437","0.57579","50.0","5.79624","-2.90036","-126.39502","-3.74762","3.17357","26.96862","-23.02451","MIZ_TIG","NOR_BIS","TaylorStadium","D1","SEC","20260228-TaylorStadium-2","ba18abe0-14f8-11f1-9d47-ad81a36dfdfe","85.52369",,,"7.71954",,,,,,,"1fa80f13-d93e-49a6-97f0-7762eeb242e9","2026-02-28","22:56:32.45","2026-02-28T16:56:32.4508160-06:00","2026-02-28T22:56:32.4508160Z","","v3","4806","471388","ae4075840dfa411e9b4d026302d1ad63","Gustafson, Evan","1000308757","Right","NOR_BIS","3f5dfb4d-6517-4e64-a092-c9adf764a674","54.97156","-127.45137","13.48431","5.92537","-2.84576","-11.51226","0.69183","-3.02467","1.58678",,,,,,,,,,,,,,,,,,,,,,,,,,,,,,,,,,,,,,,,,,,,,,,,,,,"High","High","High","","","","","",,,,,,,,,,,,,,,,,,,,,,,,,,,,,,,,,,,"2026","02","28"
"19","2026-02-28","16:56:52.94","1","4","Walker, Jonah","807939","Left","NOR_BIS","Macon, Tyler","823527","Right","MIZ_TIG","Undefined","1","Bottom","0","2","1","Fastball","Four-Seam","StrikeCalled","Undefined","Undefined","Undefined","0","0","","87.99691","-0.637938","1.012013","2280.495749","146.982884","11:00","5.92792","-0.76724","5.68492","-24.52214","11.95426","-6.99166","3.28967","-0.40648","80.17912","-5.215515","-0.238352","0.434688",,,,,,,,,,,,"3.8115","6.61658","0.68635","50.0","5.85903","-1.94906","-127.71301","-2.24282","6.27338","27.15105","-21.28376","MIZ_TIG","NOR_BIS","TaylorStadium","D1","SEC","20260228-TaylorStadium-2","c63d7f40-14f8-11f1-9d47-ad81a36dfdfe","86.71155",,,"7.8178",,,,,,,"1fa80f13-d93e-49a6-97f0-7762eeb242e9","2026-02-28","22:56:52.94","2026-02-28T16:56:52.9444864-06:00","2026-02-28T22:56:52.9444864Z","","v3","4806","471388","ae4075840dfa411e9b4d026302d1ad63","Gustafson, Evan","1000308757","Right","NOR_BIS","db57ff10-16af-4d9c-a839-ccc5ab016181","54.81142","-128.73183","13.57553","5.92821","-1.44417","-10.64188","0.7639","-2.18446","3.13669",,,,,,,,,,,,,,,,,,,,,,,,,,,,,,,,,,,,,,,,,,,,,,,,,,,"High","High","High","","","","","",,,,,,,,,,,,,,,,,,,,,,,,,,,,,,,,,,,"2026","02","28"
"20","2026-02-28","16:57:09.44","1","5","Walker, Jonah","807939","Left","NOR_BIS","Macon, Tyler","823527","Right","MIZ_TIG","Undefined","1","Bottom","0","2","2","Curveball","Curveball","BallCalled","Undefined","Undefined","Undefined","0","0","","78.71271","2.884206","-0.566003","2573.903013","344.498313","5:30","5.6873","-0.94836","5.38348","-54.81767","-8.59339","2.79945","3.82513","-1.24564","71.77308","-7.099272","-0.068116","0.489335",,,,,,,,,,,,"-1.55484","-4.57902","0.997","50.0","5.9072","1.01261","-114.1339","3.80586","-2.04084","21.97187","-38.18436","MIZ_TIG","NOR_BIS","TaylorStadium","D1","SEC","20260228-TaylorStadium-2","d01380a0-14f8-11f1-9d47-ad81a36dfdfe","77.02787",,,"6.93963",,,,,,,"1fa80f13-d93e-49a6-97f0-7762eeb242e9","2026-02-28","22:57:09.44","2026-02-28T16:57:09.4421504-06:00","2026-02-28T22:57:09.4421504Z","","v3","4806","471388","ae4075840dfa411e9b4d026302d1ad63","Gustafson, Evan","1000308757","Right","NOR_BIS","d7cb3793-fd18-40c5-ab10-0aaa969b9466","55.11639","-115.11464","10.98594","5.69929","5.51027","-19.09218","0.94976","1.10371","-1.02042",,,,,,,,,,,,,,,,,,,,,,,,,,,,,,,,,,,,,,,,,,,,,,,,,,,"High","High","High","","","","","",,,,,,,,,,,,,,,,,,,,,,,,,,,,,,,,,,,"2026","02","28"
"21","2026-02-28","16:57:25.80","1","6","Walker, Jonah","807939","Left","NOR_BIS","Macon, Tyler","823527","Right","MIZ_TIG","Undefined","1","Bottom","0","3","2","Curveball","Curveball","StrikeSwinging","Strikeout","Undefined","Undefined","0","0","","77.96773","-0.422166","1.145697","2542.007574","327.525434","5:00","5.63889","-0.72743","5.31379","-52.29219","-5.39567","4.3424","0.88489","0.7099","72.0934","-9.873057","1.918956","0.49288",,,,,,,,,,,,"-1.87307","-2.21449","0.62028","50.0","5.5623","-2.43297","-113.2428","-2.63534","-2.43207","20.69732","-35.04941","MIZ_TIG","NOR_BIS","TaylorStadium","D1","SEC","20260228-TaylorStadium-2","d9f8eb50-14f8-11f1-9d47-ad81a36dfdfe","76.4738",,,"5.87434",,,,,,,"1fa80f13-d93e-49a6-97f0-7762eeb242e9","2026-02-28","22:57:25.80","2026-02-28T16:57:25.8070000-06:00","2026-02-28T22:57:25.8070000Z","","v3","4806","471388","ae4075840dfa411e9b4d026302d1ad63","Gustafson, Evan","1000308757","Right","NOR_BIS","64cce6f8-0555-494a-90dc-e9e43c803b51","55.18808","-114.18708","10.34866","5.64606","-1.03626","-17.52471","0.72875","-2.32201","-1.21603",,,,,,,,,,,,,,,,,,,,,,,,,,,,,"63.29869",,,"0.964917",,,,"3.83623","5.70678","6.34142","64.93892","4.51257","59.84562","3.87994","70.38745","-7.44423","5.72159","11.3516","-13.09214","6.35554","58.42705","-3.12633","High","High","High","","","High","High","High",,,,,,,,,,,,,,,,,,,,,,,,,,,,,,,,,,,"2026","02","28"
"22","2026-02-28","16:57:56.00","2","1","Walker, Jonah","807939","Left","NOR_BIS","Woita, Jase","831805","Left","MIZ_TIG","Undefined","1","Bottom","1","0","0","Curveball","Curveball","StrikeCalled","Undefined","Undefined","Undefined","0","0","","77.17678","1.118077","0.10077","2486.970816","325.195939","4:45","5.69233","-0.69131","5.40051","-57.21184","-9.16371","7.4628","1.97252","0.02502","70.68772","-9.274072","1.431421","0.498896",,,,,,,,,,,,"-3.71229","-4.44071","0.67697","50.0","5.75191","-0.4893","-112.03549","0.22247","-4.68119","21.7296","-37.77382","MIZ_TIG","NOR_BIS","TaylorStadium","D1","SEC","20260228-TaylorStadium-2","ebe73880-14f8-11f1-9d47-ad81a36dfdfe","75.55176",,,"6.48906",,,,,,,"1fa80f13-d93e-49a6-97f0-7762eeb242e9","2026-02-28","22:57:56.00","2026-02-28T16:57:56.0077312-06:00","2026-02-28T22:57:56.0077312Z","","v3","4806","471388","ae4075840dfa411e9b4d026302d1ad63","Gustafson, Evan","1000308757","Right","NOR_BIS","76e2739b-2a45-4833-b085-38767217c451","55.10066","-113.02045","10.8648","5.70302","1.93468","-18.88691","0.69434","-0.27712","-2.3406",,,,,,,,,,,,,,,,,,,,,,,,,,,,,,,,,,,,,,,,,,,,,,,,,,,"High","High","High","","","","","",,,,,,,,,,,,,,,,,,,,,,,,,,,,,,,,,,,"2026","02","28"
"23","2026-02-28","16:58:10.89","2","2","Walker, Jonah","807939","Left","NOR_BIS","Woita, Jase","831805","Left","MIZ_TIG","Undefined","1","Bottom","1","0","1","Fastball","Cutter","BallCalled","Undefined","Undefined","Undefined","0","0","","87.57965","-0.935029","2.944504","2334.717224","165.863993","11:30","5.81871","-0.63432","5.6208","-27.73053","9.14772","-2.00949","2.63401","1.94851","80.1652","-6.061502","2.586253","0.437076",,,,,,,,,,,,"1.83225","5.26209","0.38428","50.0","5.72117","-6.44496","-126.99522","-3.0394","2.99226","26.00447","-23.58043","MIZ_TIG","NOR_BIS","TaylorStadium","D1","SEC","20260228-TaylorStadium-2","f4aed720-14f8-11f1-9d47-ad81a36dfdfe","86.23778",,,"7.41445",,,,,,,"1fa80f13-d93e-49a6-97f0-7762eeb242e9","2026-02-28","22:58:10.89","2026-02-28T16:58:10.8961280-06:00","2026-02-28T22:58:10.8961280Z","","v3","4806","471388","ae4075840dfa411e9b4d026302d1ad63","Gustafson, Evan","1000308757","Right","NOR_BIS","30be572d-9b38-40ea-8e8c-883f3a58b3b6","54.87663","-127.9899","13.00223","5.82018","-2.13744","-11.79021","0.633","-6.55942","1.49613",,,,,,,,,,,,,,,,,,,,,,,,,,,,,,,,,,,,,,,,,,,,,,,,,,,"High","High","High","","","","","",,,,,,,,,,,,,,,,,,,,,,,,,,,,,,,,,,,"2026","02","28"
"24","2026-02-28","16:58:26.96","2","3","Walker, Jonah","807939","Left","NOR_BIS","Woita, Jase","831805","Left","MIZ_TIG","Undefined","1","Bottom","1","1","1","Fastball","Slider","BallCalled","Undefined","Undefined","Undefined","0","0","","86.44522","-1.872498","3.672558","2375.242754","178.99028","12:00","5.94205","-0.63419","5.60042","-28.68372","9.51989","-0.14512","1.79941","2.78703","78.81101","-7.166932","3.646728","0.44486",,,,,,,,,,,,"1.1611","5.77926","0.31934","50.0","5.76301","-8.02402","-125.10983","-5.08366","1.82888","26.70528","-23.07101","MIZ_TIG","NOR_BIS","TaylorStadium","D1","SEC","20260228-TaylorStadium-2","fe643120-14f8-11f1-9d47-ad81a36dfdfe","84.72875",,,"7.63421",,,,,,,"1fa80f13-d93e-49a6-97f0-7762eeb242e9","2026-02-28","22:58:26.96","2026-02-28T16:58:26.9682688-06:00","2026-02-28T22:58:26.9682688Z","","v3","4806","471388","ae4075840dfa411e9b4d026302d1ad63","Gustafson, Evan","1000308757","Right","NOR_BIS","50fdea6d-f6e5-4dc0-a391-d164a2df8208","54.8955","-126.15047","13.35264","5.94359","-4.18465","-11.53551","0.63341","-8.09529","0.91444",,,,,,,,,,,,,,,,,,,,,,,,,,,,,,,,,,,,,,,,,,,,,,,,,,,"High","High","High","","","","","",,,,,,,,,,,,,,,,,,,,,,,,,,,,,,,,,,,"2026","02","28"
"25","2026-02-28","16:58:45.61","2","4","Walker, Jonah","807939","Left","NOR_BIS","Woita, Jase","831805","Left","MIZ_TIG","Undefined","1","Bottom","1","2","1","Curveball","Curveball","BallCalled","Undefined","Undefined","Undefined","0","0","","77.71602","1.654216","-1.933925","2572.841677","341.847989","5:30","5.71597","-0.84036","5.35961","-56.43046","-8.99485","3.45185","2.56604","-2.36698","71.14097","-8.593628","-1.319941","0.495706",,,,,,,,,,,,"-2.33819","-4.7815","1.01151","50.0","5.82347","3.67743","-112.76688","1.34569","-2.99122","21.75013","-38.29103","MIZ_TIG","NOR_BIS","TaylorStadium","D1","SEC","20260228-TaylorStadium-2","095b8100-14f9-11f1-9d47-ad81a36dfdfe","76.03796",,,"6.57505",,,,,,,"1fa80f13-d93e-49a6-97f0-7762eeb242e9","2026-02-28","22:58:45.61","2026-02-28T16:58:45.6121344-06:00","2026-02-28T22:58:45.6121344Z","","v3","4806","471388","ae4075840dfa411e9b4d026302d1ad63","Gustafson, Evan","1000308757","Right","NOR_BIS","6f6eeaca-7be0-4d2f-9b0f-9348530dd993","55.1435","-113.75461","10.87507","5.72287","3.0846","-19.14552","0.84142","3.81327","-1.49561",,,,,,,,,,,,,,,,,,,,,,,,,,,,,,,,,,,,,,,,,,,,,,,,,,,"High","High","High","","","","","",,,,,,,,,,,,,,,,,,,,,,,,,,,,,,,,,,,"2026","02","28"
"26","2026-02-28","16:59:07.38","2","5","Walker, Jonah","807939","Left","NOR_BIS","Woita, Jase","831805","Left","MIZ_TIG","Undefined","1","Bottom","1","3","1","Fastball","Cutter","BallCalled","Walk","Undefined","Undefined","0","0","","86.77394","-1.622519","3.006908","2405.195903","170.569597","11:45","5.87806","-0.62782","5.75432","-27.12694","10.08816","-1.4887","2.10461","2.04979","79.8988","-6.636273","2.740817","0.439067",,,,,,,,,,,,"1.55075","5.9237","0.37907","50.0","5.72675","-6.55039","-125.8838","-4.4806","2.50077","24.36633","-22.62143","MIZ_TIG","NOR_BIS","TaylorStadium","D1","SEC","20260228-TaylorStadium-2","166c13f0-14f9-11f1-9d47-ad81a36dfdfe","85.84663",,,"6.87514",,,,,,,"1fa80f13-d93e-49a6-97f0-7762eeb242e9","2026-02-28","22:59:07.38","2026-02-28T16:59:07.3838592-06:00","2026-02-28T22:59:07.3838592Z","","v3","4806","471388","ae4075840dfa411e9b4d026302d1ad63","Gustafson, Evan","1000308757","Right","NOR_BIS","4f1022c7-34a2-434b-8442-00afcc9a6f62","54.74419","-126.79877","12.18316","5.87905","-3.63115","-11.31072","0.62681","-6.64429","1.25038",,,,,,,,,,,,,,,,,,,,,,,,,,,,,,,,,,,,,,,,,,,,,,,,,,,"High","High","High","","","","","",,,,,,,,,,,,,,,,,,,,,,,,,,,,,,,,,,,"2026","02","28"
"27","2026-02-28","16:59:43.88","3","1","Walker, Jonah","807939","Left","NOR_BIS","Serna, Mateo","806219","Right","MIZ_TIG","Undefined","1","Bottom","1","0","0","Slider","Curveball","StrikeSwinging","Undefined","Undefined","Undefined","0","0","","76.34936","-0.522505","1.205849","2446.782559","312.392776","4:30","5.54898","-1.11442","5.69576","-53.15822","-4.96969","7.03607","0.63208","0.59583","70.72666","-10.189439","2.467787","0.499624",,,,,,,,,,,,"-3.26732","-1.99705","1.00861","50.0","5.47158","-2.58982","-110.9605","-2.70555","-4.07276","19.88783","-34.66339","MIZ_TIG","NOR_BIS","TaylorStadium","D1","SEC","20260228-TaylorStadium-2","2c26f980-14f9-11f1-9d47-ad81a36dfdfe","75.44162",,,"5.6227",,,,,,,"1fa80f13-d93e-49a6-97f0-7762eeb242e9","2026-02-28","22:59:43.88","2026-02-28T16:59:43.8864896-06:00","2026-02-28T22:59:43.8864896Z","","v3","4806","471388","ae4075840dfa411e9b4d026302d1ad63","Gustafson, Evan","1000308757","Right","NOR_BIS","69ef6f04-f354-4d6a-b07c-a47c65f2e1a9","54.80637","-111.81865","9.94391","5.55605","-1.20985","-17.33169","1.11657","-2.41408","-2.03638",,,,,,,,,,,,,,,,,,,,,,,,,,,,,,,,,,,,,,,,,,,,,,,,,,,"High","High","High","","","","","",,,,,,,,,,,,,,,,,,,,,,,,,,,,,,,,,,,"2026","02","28"
"28","2026-02-28","17:00:06.99","3","2","Walker, Jonah","807939","Left","NOR_BIS","Serna, Mateo","806219","Right","MIZ_TIG","Undefined","1","Bottom","1","0","1","Curveball","Curveball","StrikeSwinging","Undefined","Undefined","Undefined","0","0","","78.60388","0.697852","1.077645","2544.395216","339.726679","5:15","5.55027","-1.12017","5.63243","-54.10629","-8.55252","3.66618","1.69267","0.19092","72.56838","-9.148217","1.73397","0.485773",,,,,,,,,,,,"-1.56016","-4.09614","1.0261","50.0","5.57496","-2.28946","-114.23525","-0.43518","-2.06239","20.97056","-37.58873","MIZ_TIG","NOR_BIS","TaylorStadium","D1","SEC","20260228-TaylorStadium-2","39ed47e0-14f9-11f1-9d47-ad81a36dfdfe","77.59267",,,"6.0355",,,,,,,"1fa80f13-d93e-49a6-97f0-7762eeb242e9","2026-02-28","23:00:06.99","2026-02-28T17:00:06.9939200-06:00","2026-02-28T23:00:06.9939200Z","","v3","4806","471388","ae4075840dfa411e9b4d026302d1ad63","Gustafson, Evan","1000308757","Right","NOR_BIS","7e0e0730-9b84-40db-b709-5eeeded81a2f","54.8696","-115.12571","10.48528","5.55955","1.16092","-18.79437","1.12146","-2.20189","-1.03119",,,,,,,,,,,,,,,,,,,,,,,,,,,,,,,,,,,,,,,,,,,,,,,,,,,"High","High","High","","","","","",,,,,,,,,,,,,,,,,,,,,,,,,,,,,,,,,,,"2026","02","28"
"29","2026-02-28","17:00:29.39","3","3","Walker, Jonah","807939","Left","NOR_BIS","Serna, Mateo","806219","Right","MIZ_TIG","Undefined","1","Bottom","1","0","2","Curveball","Curveball","StrikeCalled","Strikeout","Undefined","Undefined","0","0","","78.36021","0.981593","0.466367","2558.462761","338.261142","5:15","5.63525","-0.95139","5.34538","-57.53125","-11.16209","5.0126","1.76186","-0.09619","72.30107","-9.425971","1.359432","0.490102",,,,,,,,,,,,"-2.38402","-5.4341","0.90568","50.0","5.68226","-1.12523","-113.84794","-0.07638","-3.12725","21.00546","-39.3023","MIZ_TIG","NOR_BIS","TaylorStadium","D1","SEC","20260228-TaylorStadium-2","474b3780-14f9-11f1-9d47-ad81a36dfdfe","76.90741",,,"6.05915",,,,,,,"1fa80f13-d93e-49a6-97f0-7762eeb242e9","2026-02-28","23:00:29.39","2026-02-28T17:00:29.3979648-06:00","2026-02-28T23:00:29.3979648Z","","v3","4806","471388","ae4075840dfa411e9b4d026302d1ad63","Gustafson, Evan","1000308757","Right","NOR_BIS","77f0ef36-23d6-422f-b8de-eaa2ec357ead","55.15733","-114.79555","10.50273","5.64572","1.69664","-19.65115","0.95325","-0.98415","-1.56363",,,,,,,,,,,,,,,,,,,,,,,,,,,,,,,,,,,,,,,,,,,,,,,,,,,"High","High","High","","","","","",,,,,,,,,,,,,,,,,,,,,,,,,,,,,,,,,,,"2026","02","28"
"30","2026-02-28","17:01:03.89","4","1","Walker, Jonah","807939","Left","NOR_BIS","Ward, Blaize","1000263242","Left","MIZ_TIG","Undefined","1","Bottom","2","0","0","Fastball","Cutter","FoulBallNotFieldable","Undefined","Undefined","Undefined","0","0","","87.73024","-0.721227","1.90362","2345.543602","177.181409","12:00","5.75272","-0.96342","5.79111","-25.75112","10.73288","-0.47122","2.93547","0.7688","80.19879","-5.516967","1.819248","0.434733",,,,,,,,,,,,"0.77945","6.028","0.80697","50.0","5.67791","-4.21341","-127.36064","-2.45912","1.27815","26.55546","-22.2891","MIZ_TIG","NOR_BIS","TaylorStadium","D1","SEC","20260228-TaylorStadium-2","5bc7d0b0-14f9-11f1-9d47-ad81a36dfdfe","86.70249",,,"7.53145",,,,,,,"1fa80f13-d93e-49a6-97f0-7762eeb242e9","2026-02-28","23:01:03.89","2026-02-28T17:01:03.8932480-06:00","2026-02-28T23:01:03.8932480Z","","v3","4806","471388","ae4075840dfa411e9b4d026302d1ad63","Gustafson, Evan","1000308757","Right","NOR_BIS","b5a797ab-72e2-4cae-b10d-4eaeb93b1260","54.70767","-128.33846","13.27773","5.75335","-1.6384","-11.14455","0.96298","-4.26048","0.63908",,,,,,,,,,,,,,,,,,,,,,,,,,,,,,,,,,,,,,,,,,,,,,,,,,,"High","High","High","","","","","",,,,,,,,,,,,,,,,,,,,,,,,,,,,,,,,,,,"2026","02","28"
"31","2026-02-28","17:01:38.99","4","2","Walker, Jonah","807939","Left","NOR_BIS","Ward, Blaize","1000263242","Left","MIZ_TIG","Undefined","1","Bottom","2","0","1","Slider","Curveball","BallCalled","Undefined","Undefined","CaughtStealing","1","0","","76.84358","3.312704","-0.414888","2530.139884","311.891409","4:30","5.62719","-0.97396","5.3523","-57.42672","-8.79607","11.57453","3.95219","-0.39855","70.00599","-7.142502","1.641646","0.501911",,,,,,,,,,,,"-5.89426","-4.86181","1.0028","50.0","5.88457","0.34755","-111.39118","4.46873","-7.35933","21.18002","-38.24431","MIZ_TIG","NOR_BIS","TaylorStadium","D1","SEC","20260228-TaylorStadium-2","70c336d0-14f9-11f1-9d47-ad81a36dfdfe","75.09787",,,"6.83758",,,,,,,"1fa80f13-d93e-49a6-97f0-7762eeb242e9","2026-02-28","23:01:38.99","2026-02-28T17:01:38.9980000-06:00","2026-02-28T23:01:38.9980000Z","","v3","4806","471388","ae4075840dfa411e9b4d026302d1ad63","Gustafson, Evan","1000308757","Right","NOR_BIS","c0c1fcaf-a2d1-4cec-a685-8870e9d4028e","55.14893","-112.36594","10.59001","5.63841","6.22883","-19.12216","0.97901","0.68624","-3.67967",,,,,,,,,,,,,,,,,,,,,,,,,,,,,"77.41473","1.993957","0.68009","1.313867","-1.32411","3.59459","0.31747","-1.70011","6.17053","1.26895","127.28056","1.13938","-1.06656","-1.53269","111.0595","-10.02154","6.19391","11.54904","-11.73786","1.24157","-3.42371","1.28693","High","High","High","","","High","High","High",,,,,,,,,,,,,,,,,,,,,,,,,,,,,,,,,,,"2026","02","28"
"47","2026-02-28","17:11:22.79","1","1","Walker, Jonah","807939","Left","NOR_BIS","Ward, Blaize","1000263242","Left","MIZ_TIG","Undefined","2","Bottom","0","0","0","Curveball","Curveball","BallCalled","Undefined","Undefined","Undefined","0","0","","76.38882","1.834563","-0.344359","2517.53629","333.860269","5:15","5.6445","-0.79921","5.3388","-54.95692","-6.23819","3.7778","2.78646","-0.80745","70.40703","-8.14233","0.327642","0.502365",,,,,,,,,,,,"-1.97795","-3.11788","0.82751","50.0","5.77062","0.51895","-110.93731","1.67606","-2.47215","19.30549","-36.07094","MIZ_TIG","NOR_BIS","TaylorStadium","D1","SEC","20260228-TaylorStadium-2","ccb68810-14fa-11f1-9d47-ad81a36dfdfe","75.02999",,,"5.9818",,,,,,,"1fa80f13-d93e-49a6-97f0-7762eeb242e9","2026-02-28","23:11:22.79","2026-02-28T17:11:22.7933696-06:00","2026-02-28T23:11:22.7933696Z","","v3","4806","471388","ae4075840dfa411e9b4d026302d1ad63","Gustafson, Evan","1000308757","Right","NOR_BIS","502e653f-46db-4eb6-835f-721992ce12c7","55.16234","-111.83206","9.65275","5.6542","3.34784","-18.03547","0.8008","0.63353","-1.23607",,,,,,,,,,,,,,,,,,,,,,,,,,,,,,,,,,,,,,,,,,,,,,,,,,,"High","High","High","","","","","",,,,,,,,,,,,,,,,,,,,,,,,,,,,,,,,,,,"2026","02","28"
"48","2026-02-28","17:11:38.74","1","2","Walker, Jonah","807939","Left","NOR_BIS","Ward, Blaize","1000263242","Left","MIZ_TIG","Undefined","2","Bottom","0","1","0","Fastball","Cutter","BallCalled","Undefined","Undefined","Undefined","0","0","","86.29099","0.273091","1.578547","2367.12171","167.43471","11:30","5.91233","-0.63442","5.5644","-28.2032","9.50575","-1.87347","3.81728","0.68451","79.43624","-4.935805","1.244481","0.441971",,,,,,,,,,,,"1.3487","5.08622","0.49946","50.0","5.91738","-3.37454","-125.35229","-0.37876","2.16269","23.48808","-24.0181","MIZ_TIG","NOR_BIS","TaylorStadium","D1","SEC","20260228-TaylorStadium-2","d63c94b0-14fa-11f1-9d47-ad81a36dfdfe","85.28263",,,"6.85475",,,,,,,"1fa80f13-d93e-49a6-97f0-7762eeb242e9","2026-02-28","23:11:38.74","2026-02-28T17:11:38.7436544-06:00","2026-02-28T23:11:38.7436544Z","","v3","4806","471388","ae4075840dfa411e9b4d026302d1ad63","Gustafson, Evan","1000308757","Right","NOR_BIS","707a579a-343f-44a2-9fcd-bd479f4c8143","54.93422","-126.27347","11.74404","5.91377","0.5632","-12.00905","0.63347","-3.45936","1.08135",,,,,,,,,,,,,,,,,,,,,,,,,,,,,,,,,,,,,,,,,,,,,,,,,,,"High","High","High","","","","","",,,,,,,,,,,,,,,,,,,,,,,,,,,,,,,,,,,"2026","02","28"
"49","2026-02-28","17:11:56.86","1","3","Walker, Jonah","807939","Left","NOR_BIS","Ward, Blaize","1000263242","Left","MIZ_TIG","Undefined","2","Bottom","0","2","0","Fastball","Cutter","InPlay","Undefined","FlyBall","Out","1","0","","86.69228","-0.869555","1.172658","2290.537372","161.837905","11:30","5.84423","-0.80685","5.5485","-27.1699","10.32091","-3.01295","2.76725","0.03805","79.68491","-5.889275","0.635129","0.440691","84.56915","53.859324","-14.271458",,"103.9531","129.12844","-35.96871","200.11991","194.03372","-21.136009","5.793877","1.84488","5.79323","0.70743","50.0","5.75099","-2.45098","-125.92147","-2.84887","2.97403","24.61133","-22.83517","MIZ_TIG","NOR_BIS","TaylorStadium","D1","SEC","20260228-TaylorStadium-2","e1111a50-14fa-11f1-9d47-ad81a36dfdfe","85.53041","130.3767",,"7.00737",,,,"1.03201","2.71764","-0.00139","1fa80f13-d93e-49a6-97f0-7762eeb242e9","2026-02-28","23:11:56.86","2026-02-28T17:11:56.8602624-06:00","2026-02-28T23:11:56.8602624Z","FlyBall","v3","4806","471388","ae4075840dfa411e9b4d026302d1ad63","Gustafson, Evan","1000308757","Right","NOR_BIS","130b3b7a-4e3c-4077-bf1a-6a489c4d8e18","54.95119","-126.88549","12.30566","5.84507","-1.95443","-11.41759","0.80572","-2.56747","1.48701","171.435708","1.03942","70.75233","-21.31838","5.73471","-0.90142","0.03809","0.01321","-0.00223","1.0E-4","2.71561","100.18744","-23.16455","1.46525","0.15385","-0.166","0.04814","-0.00653","3.4E-4","-0.00314","-18.00405","1.87474","-0.1406","-0.07235","0.03025","-0.00477","3.0E-4","-0.0",,,,,,,,,,,,,,,,,,,,,,,"High","High","High","Medium","Low","","","",,,,,,,,,,,,,,,,,,,,,,,,,,,,,,,,,,,"2026","02","28"
"50","2026-02-28","17:12:36.91","2","1","Walker, Jonah","807939","Left","NOR_BIS","George, Jamal","805322","Right","MIZ_TIG","Undefined","2","Bottom","1","0","0","Fastball","Cutter","InPlay","Undefined","Popup","Out","1","0","","86.84054","-1.052966","1.16741","2265.567105","168.010224","11:30","5.87444","-0.73113","5.57624","-26.80498","10.42981","-1.98126","2.65691","0.19427","80.0342","-6.001762","0.813756","0.439183","82.52815","73.657223","-15.288129",,,,,,"30.46496",,,"1.3126","5.88764","0.63201","50.0","5.76623","-2.48846","-126.17107","-3.24183","2.12977","24.09343","-22.621","MIZ_TIG","NOR_BIS","TaylorStadium","D1","SEC","20260228-TaylorStadium-2","f8e961a0-14fa-11f1-9d47-ad81a36dfdfe","85.82391","119.06769",,"6.80634",,,,"1.73231","2.69001","-0.18978","1fa80f13-d93e-49a6-97f0-7762eeb242e9","2026-02-28","23:12:36.91","2026-02-28T17:12:36.9165824-06:00","2026-02-28T23:12:36.9165824Z","","v3","4806","471388","ae4075840dfa411e9b4d026302d1ad63","Gustafson, Evan","1000308757","Right","NOR_BIS","be686f53-5b32-47da-ade0-0a7d0fc4bd66","54.92388","-127.10785","12.04672","5.87517","-2.3623","-11.3105","0.73037","-2.57127","1.06489",,"1.73233","32.8511","-13.75817","4.3521","-1.3496","1.14028","-0.9816","0.44086","-0.07783","2.69","116.1514","-28.75916","3.41473","-0.55275","-0.06567","0.17873","-0.09627","0.01826","-0.1898","-8.97855","8.03185","-2.78408","0.91696","-0.80816","0.70376","-0.31734","0.05614",,,,,,,,,,,,,,,,,,,,,,,"High","High","High","Medium","Undefined","","","",,,,,,,,,,,,,,,,,,,,,,,,,,,,,,,,"67.54823","22.72776","-16.05151","2026","02","28"
"51","2026-02-28","17:13:12.91","3","1","Walker, Jonah","807939","Left","NOR_BIS","Benson, Cameron","813272","Left","MIZ_TIG","Undefined","2","Bottom","2","0","0","Fastball","Cutter","BallCalled","Undefined","Undefined","Undefined","0","0","","86.77756","-0.1893","0.350604","2282.492798","154.876561","11:15","5.99924","-0.58336","5.55291","-24.72013","12.51095","-5.36284","3.76234","-0.70265","79.97758","-4.772275","-0.606084","0.439162",,,,,,,,,,,,"2.7924","6.71181","0.55662","50.0","5.96659","-0.5416","-126.11683","-1.25558","4.5386","23.44809","-21.26501","MIZ_TIG","NOR_BIS","TaylorStadium","D1","SEC","20260228-TaylorStadium-2","0e645800-14fb-11f1-9d47-ad81a36dfdfe","85.82817",,,"6.79998",,,,,,,"1fa80f13-d93e-49a6-97f0-7762eeb242e9","2026-02-28","23:13:12.91","2026-02-28T17:13:12.9147904-06:00","2026-02-28T23:13:12.9147904Z","","v3","4806","471388","ae4075840dfa411e9b4d026302d1ad63","Gustafson, Evan","1000308757","Right","NOR_BIS","a11b85f1-4c9f-4792-bc96-b3e62d2ceaa1","54.9457","-127.03303","11.72405","5.99942","-0.42469","-10.6325","0.58125","-0.71894","2.2693",,,,,,,,,,,,,,,,,,,,,,,,,,,,,,,,,,,,,,,,,,,,,,,,,,,"High","High","High","","","","","",,,,,,,,,,,,,,,,,,,,,,,,,,,,,,,,,,,"2026","02","28"
"52","2026-02-28","17:13:30.90","3","2","Walker, Jonah","807939","Left","NOR_BIS","Benson, Cameron","813272","Left","MIZ_TIG","Undefined","2","Bottom","2","1","0","Fastball","Slider","InPlay","Undefined","Popup","Out","1","0","","86.09792","-0.922347","1.407247","2327.846912","175.709624","11:45","5.92993","-0.65619","5.74929","-29.66608","7.70481","-0.50185","2.59875","0.61236","79.97129","-6.379872","1.31737","0.439985","86.36619","46.821397","-5.759735","5282.153055","109.27512","109.54156","-12.60668","234.84199","130.08264","-6.926767","5.700292","0.59508","4.44807","0.53964","50.0","5.83492","-3.05625","-125.2211","-3.0218","0.95781","22.04525","-25.01478","MIZ_TIG","NOR_BIS","TaylorStadium","D1","SEC","20260228-TaylorStadium-2","191a3210-14fb-11f1-9d47-ad81a36dfdfe","85.6675","119.81574",,"6.12663",,,,"1.98188","2.73461","-0.59761","1fa80f13-d93e-49a6-97f0-7762eeb242e9","2026-02-28","23:13:30.90","2026-02-28T17:13:30.9062144-06:00","2026-02-28T23:13:30.9062144Z","FlyBall","v3","4806","471388","ae4075840dfa411e9b4d026302d1ad63","Gustafson, Evan","1000308757","Right","NOR_BIS","80dbb8c5-9e0c-47e5-8b50-86bbbde3bd72","54.75233","-126.05497","11.02263","5.93133","-2.0756","-12.50739","0.65593","-3.09247","0.4789","178.330901","1.98831","86.1145","-24.06981","6.34323","-1.06781","0.08664","0.00306","-0.00107","5.0E-5","2.73243","92.40124","-20.59575","0.77669","0.26154","-0.15484","0.03945","-0.00496","2.4E-4","-0.59822","-8.68731","1.79696","-0.40308","0.0496","8.7E-4","-0.00122","1.4E-4","-1.0E-5",,,,,,,,,,,,,,,,,,,,,,,"High","High","High","High","Low","","","",,,,,,,,,,,,,,,,,,,,,,,,,,,,,,,,"71.54745","10.01835","7.48951","2026","02","28"
"77","2026-02-28","17:26:46.21","1","1","Walker, Jonah","807939","Left","NOR_BIS","Maisonet, Eric","835908","Right","MIZ_TIG","Undefined","3","Bottom","0","0","0","Fastball","Four-Seam","BallCalled","Undefined","Undefined","Undefined","0","0","","86.84549","0.663341","0.782464","2339.190787","153.674778","11:00","5.93193","-0.7834","5.58335","-21.66891","15.97249","-7.28981","4.74575","-0.66011","78.85007","-3.417715","-0.518061","0.441575",,,,,,,,,,,,"3.8687","8.23402","0.72079","50.0","5.97499","-1.39711","-125.99169","0.7734","6.19158","26.63557","-18.99618","MIZ_TIG","NOR_BIS","TaylorStadium","D1","SEC","20260228-TaylorStadium-2","f32f6640-14fc-11f1-9d47-ad81a36dfdfe","85.35914",,,"7.99542",,,,,,,"1fa80f13-d93e-49a6-97f0-7762eeb242e9","2026-02-28","23:26:46.21","2026-02-28T17:26:46.2115840-06:00","2026-02-28T23:26:46.2115840Z","","v3","4806","471388","ae4075840dfa411e9b4d026302d1ad63","Gustafson, Evan","1000308757","Right","NOR_BIS","b2c4b3d0-ea33-4985-85ac-d55715a065c5","54.9117","-127.02581","13.31779","5.93065","1.51092","-9.49809","0.7797","-1.6375","3.09579",,,,,,,,,,,,,,,,,,,,,,,,,,,,,,,,,,,,,,,,,,,,,,,,,,,"High","High","High","","","","","",,,,,,,,,,,,,,,,,,,,,,,,,,,,,,,,,,,"2026","02","28"
"78","2026-02-28","17:27:08.97","1","2","Walker, Jonah","807939","Left","NOR_BIS","Maisonet, Eric","835908","Right","MIZ_TIG","Undefined","3","Bottom","0","1","0","Curveball","Curveball","BallCalled","Undefined","Undefined","Undefined","0","0","","76.52776","3.322333","-0.768516","2339.444494","305.630695","4:15","5.6895","-0.95625","5.42059","-51.38971","-2.72551","5.91528","4.52287","-1.18323","69.94449","-6.066595","0.283116","0.502084",,,,,,,,,,,,"-3.16343","-1.77024","1.02031","50.0","5.94923","1.25578","-110.9505","4.71874","-3.94363","19.83271","-34.3809","MIZ_TIG","NOR_BIS","TaylorStadium","D1","SEC","20260228-TaylorStadium-2","00b24300-14fd-11f1-9d47-ad81a36dfdfe","75.072",,,"6.58327",,,,,,,"1fa80f13-d93e-49a6-97f0-7762eeb242e9","2026-02-28","23:27:08.97","2026-02-28T17:27:08.9762816-06:00","2026-02-28T23:27:08.9762816Z","","v3","4806","471388","ae4075840dfa411e9b4d026302d1ad63","Gustafson, Evan","1000308757","Right","NOR_BIS","3f6f899d-9e89-47cf-af52-72950b68f989","55.07886","-111.85467","9.91636","5.69837","6.28616","-17.19045","0.95897","1.43557","-1.97181",,,,,,,,,,,,,,,,,,,,,,,,,,,,,,,,,,,,,,,,,,,,,,,,,,,"High","High","High","","","","","",,,,,,,,,,,,,,,,,,,,,,,,,,,,,,,,,,,"2026","02","28"
"79","2026-02-28","17:27:28.20","1","3","Walker, Jonah","807939","Left","NOR_BIS","Maisonet, Eric","835908","Right","MIZ_TIG","Undefined","3","Bottom","0","2","0","Fastball","Cutter","FoulBallNotFieldable","Undefined","Undefined","Undefined","0","0","","84.85406","-0.999123","1.489753","2199.019579","173.22748","11:45","5.79647","-0.88426","5.63889","-28.50738","10.3967","-1.09862","2.48836","0.41429","78.27026","-6.261471","1.293453","0.44892",,,,,,,,,,,,"0.94677","5.88146","0.75839","50.0","5.69328","-3.16191","-123.28501","-3.10328","1.46706","22.94998","-23.06048","MIZ_TIG","NOR_BIS","TaylorStadium","D1","SEC","20260228-TaylorStadium-2","0c17e510-14fd-11f1-9d47-ad81a36dfdfe","83.96249",,,"6.5838",,,,,,,"1fa80f13-d93e-49a6-97f0-7762eeb242e9","2026-02-28","23:27:28.20","2026-02-28T17:27:28.2071552-06:00","2026-02-28T23:27:28.2071552Z","","v3","4806","471388","ae4075840dfa411e9b4d026302d1ad63","Gustafson, Evan","1000308757","Right","NOR_BIS","599fdcb2-6144-4810-9106-ebb741ab17b2","54.86127","-124.18666","11.47499","5.7974","-2.19729","-11.53024","0.88374","-3.21955","0.73353",,,,,,,,,,,,,,,,,,,,,,,,,,,,,,,,,,,,,,,,,,,,,,,,,,,"High","High","High","","","","","",,,,,,,,,,,,,,,,,,,,,,,,,,,,,,,,,,,"2026","02","28"
"80","2026-02-28","17:27:53.51","1","4","Walker, Jonah","807939","Left","NOR_BIS","Maisonet, Eric","835908","Right","MIZ_TIG","Undefined","3","Bottom","0","2","1","Fastball","Four-Seam","StrikeSwinging","Undefined","Undefined","Undefined","0","0","","87.75284","-0.430875","1.598435","2280.626672","143.869096","10:45","5.87509","-0.67386","5.66877","-25.67364","10.79819","-7.06634","3.33371","0.22802","80.46538","-5.199068","0.335503","0.43466",,,,,,,,,,,,"4.00465","5.94508","0.54332","50.0","5.82257","-3.25206","-127.43756","-1.83272","6.60699","25.39458","-22.3657","MIZ_TIG","NOR_BIS","TaylorStadium","D1","SEC","20260228-TaylorStadium-2","1b381e20-14fd-11f1-9d47-ad81a36dfdfe","86.71696",,,"7.28747",,,,,,,"1fa80f13-d93e-49a6-97f0-7762eeb242e9","2026-02-28","23:27:53.51","2026-02-28T17:27:53.5170048-06:00","2026-02-28T23:27:53.5170048Z","","v3","4806","471388","ae4075840dfa411e9b4d026302d1ad63","Gustafson, Evan","1000308757","Right","NOR_BIS","b8d0c1a0-70b5-4227-8a1f-6c9d890a8c7d","54.82943","-128.39632","12.69729","5.87582","-0.98831","-11.18285","0.6708","-3.5015","3.30349",,,,,,,,,,,,,,,,,,,,,,,,,,,,,,,,,,,,,,,,,,,,,,,,,,,"High","High","High","","","","","",,,,,,,,,,,,,,,,,,,,,,,,,,,,,,,,,,,"2026","02","28"
"81","2026-02-28","17:28:11.40","1","5","Walker, Jonah","807939","Left","NOR_BIS","Maisonet, Eric","835908","Right","MIZ_TIG","Undefined","3","Bottom","0","2","2","Fastball","Cutter","InPlay","Undefined","GroundBall","Out","1","0","","87.77081","-0.363365","1.105469","2311.617785","168.002798","11:30","5.90187","-0.63783","5.60439","-24.35163","12.24969","-2.36055","3.5333","0.19755","80.31826","-4.896265","0.684054","0.435431","83.22508","39.657991","9.37649",,"106.02101","80.55483","29.31697","279.3801","247.87405","27.281273","5.198898","1.50453","6.6517","0.54481","50.0","5.85512","-2.35894","-127.46299","-1.63182","2.47738","25.98632","-21.22139","MIZ_TIG","NOR_BIS","TaylorStadium","D1","SEC","20260228-TaylorStadium-2","25ec98a0-14fd-11f1-9d47-ad81a36dfdfe","86.56344","93.8599",,"7.45255",,,,"0.79434","3.56789","-0.204","1fa80f13-d93e-49a6-97f0-7762eeb242e9","2026-02-28","23:28:11.40","2026-02-28T17:28:11.4043904-06:00","2026-02-28T23:28:11.4043904Z","FlyBall","v3","4806","471388","ae4075840dfa411e9b4d026302d1ad63","Gustafson, Evan","1000308757","Right","NOR_BIS","bb2777e9-1609-4a81-92f4-5ed7065f188c","54.89449","-128.45697","12.99316","5.90201","-0.8201","-10.6107","0.63685","-2.4537","1.23869","209.241348","0.79601","92.6875","-20.06573","4.6245","-0.95517","0.19082","-0.03354","0.00386","-1.9E-4","3.5685","77.87919","-19.40908","1.35614","0.01658","-0.11618","0.03702","-0.00495","2.5E-4","-0.2045","15.31829","4.14406","-1.02932","0.25057","-0.05772","0.01056","-0.00118","6.0E-5",,,,,,,,,,,,,,,,,,,,,,,"High","High","High","High","Medium","","","",,,,,,,,,,,,,,,,,,,,,,,,,,,,,,,,"73.46065","15.68481","-9.92151","2026","02","28"
"16","2/28/2026","56:00.3","1","1","Walker, Jonah","807939","Left","NOR_BIS","Macon, Tyler","823527","Right","MIZ_TIG","Undefined","1","Bottom","0","0","0","Fastball","Cutter","BallCalled","Undefined","Undefined","Undefined","0","0","","85.72875","-1.355011","2.335391","2191.754948","177.707182","12:00","5.89345","-0.85996","5.67953","-29.03533","9.31579","-0.32469","2.20942","1.29123","78.63389","-6.718966","2.277378","0.445718",,,,,,,,,,,,"0.81154","5.48205","0.66328","50.0","5.76102","-5.05911","-124.38201","-3.92473","1.27186","24.8565","-23.58258","MIZ_TIG","NOR_BIS","TaylorStadium","D1","SEC","20260228-TaylorStadium-2","a6ebc430-14f8-11f1-9d47-ad81a36dfdfe","84.5656",,,"7.09486",,,,,,,"1fa80f13-d93e-49a6-97f0-7762eeb242e9","2/28/2026","56:00.3","2026-02-28T16:56:00.2700288-06:00","2026-02-28T22:56:00.2700288Z","","v3","4806","471388","ae4075840dfa411e9b4d026302d1ad63","Gustafson, Evan","1000308757","Right","NOR_BIS","b48a5115-86e6-450e-86f9-b2c5dc12eec0","54.81858","-125.34125","12.42825","5.89492","-3.01465","-11.79129","0.85947","-5.10819","0.63593",,,,,,,,,,,,,,,,,,,,,,,,,,,,,,,,,,,,,,,,,,,,,,,,,,,"High","High","High","","","","","",,,,,,,,,,,,,,,,,,,,,,,,,,,,,,,,,,,"2026","02","28"
"17","2/28/2026","56:16.2","1","2","Walker, Jonah","807939","Left","NOR_BIS","Macon, Tyler","823527","Right","MIZ_TIG","Undefined","1","Bottom","0","1","0","Fastball","Cutter","BallCalled","Undefined","Undefined","Undefined","0","0","","87.81844","0.275832","0.713923","2280.004746","163.679255","11:30","6.00933","-0.73227","5.51598","-24.94462","11.66414","-3.08854","4.18856","-0.32206","80.44528","-4.35617","0.163444","0.435476",,,,,,,,,,,,"1.73957","6.15874","0.67215","50.0","6.01679","-1.45237","-127.52852","-0.24923","2.87526","25.32785","-21.99444","MIZ_TIG","NOR_BIS","TaylorStadium","D1","SEC","20260228-TaylorStadium-2","b042f8a0-14f8-11f1-9d47-ad81a36dfdfe","86.55464",,,"7.37316",,,,,,,"1fa80f13-d93e-49a6-97f0-7762eeb242e9","2/28/2026","56:16.2","2026-02-28T16:56:16.1646592-06:00","2026-02-28T22:56:16.1646592Z","","v3","4806","471388","ae4075840dfa411e9b4d026302d1ad63","Gustafson, Evan","1000308757","Right","NOR_BIS","b451f0f0-3d1c-4d07-9735-31a27752ea85","54.98127","-128.51402","12.66393","6.00984","0.60656","-10.99722","0.73083","-1.56424","1.43763",,,,,,,,,,,,,,,,,,,,,,,,,,,,,,,,,,,,,,,,,,,,,,,,,,,"High","High","High","","","","","",,,,,,,,,,,,,,,,,,,,,,,,,,,,,,,,,,,"2026","02","28"
"18","2/28/2026","56:32.5","1","3","Walker, Jonah","807939","Left","NOR_BIS","Macon, Tyler","823527","Right","MIZ_TIG","Undefined","1","Bottom","0","2","0","Fastball","Cutter","StrikeSwinging","Undefined","Undefined","Undefined","0","0","","87.14765","-1.259348","1.376814","2339.50136","159.849476","11:15","5.92405","-0.69344","5.52498","-27.72876","9.76792","-3.12622","2.43544","0.33346","79.42812","-6.391005","0.819283","0.440725",,,,,,,,,,,,"1.97165","5.68437","0.57579","50.0","5.79624","-2.90036","-126.39502","-3.74762","3.17357","26.96862","-23.02451","MIZ_TIG","NOR_BIS","TaylorStadium","D1","SEC","20260228-TaylorStadium-2","ba18abe0-14f8-11f1-9d47-ad81a36dfdfe","85.52369",,,"7.71954",,,,,,,"1fa80f13-d93e-49a6-97f0-7762eeb242e9","2/28/2026","56:32.5","2026-02-28T16:56:32.4508160-06:00","2026-02-28T22:56:32.4508160Z","","v3","4806","471388","ae4075840dfa411e9b4d026302d1ad63","Gustafson, Evan","1000308757","Right","NOR_BIS","3f5dfb4d-6517-4e64-a092-c9adf764a674","54.97156","-127.45137","13.48431","5.92537","-2.84576","-11.51226","0.69183","-3.02467","1.58678",,,,,,,,,,,,,,,,,,,,,,,,,,,,,,,,,,,,,,,,,,,,,,,,,,,"High","High","High","","","","","",,,,,,,,,,,,,,,,,,,,,,,,,,,,,,,,,,,"2026","02","28"
"19","2/28/2026","56:52.9","1","4","Walker, Jonah","807939","Left","NOR_BIS","Macon, Tyler","823527","Right","MIZ_TIG","Undefined","1","Bottom","0","2","1","Fastball","Four-Seam","StrikeCalled","Undefined","Undefined","Undefined","0","0","","87.99691","-0.637938","1.012013","2280.495749","146.982884","11:00","5.92792","-0.76724","5.68492","-24.52214","11.95426","-6.99166","3.28967","-0.40648","80.17912","-5.215515","-0.238352","0.434688",,,,,,,,,,,,"3.8115","6.61658","0.68635","50.0","5.85903","-1.94906","-127.71301","-2.24282","6.27338","27.15105","-21.28376","MIZ_TIG","NOR_BIS","TaylorStadium","D1","SEC","20260228-TaylorStadium-2","c63d7f40-14f8-11f1-9d47-ad81a36dfdfe","86.71155",,,"7.8178",,,,,,,"1fa80f13-d93e-49a6-97f0-7762eeb242e9","2/28/2026","56:52.9","2026-02-28T16:56:52.9444864-06:00","2026-02-28T22:56:52.9444864Z","","v3","4806","471388","ae4075840dfa411e9b4d026302d1ad63","Gustafson, Evan","1000308757","Right","NOR_BIS","db57ff10-16af-4d9c-a839-ccc5ab016181","54.81142","-128.73183","13.57553","5.92821","-1.44417","-10.64188","0.7639","-2.18446","3.13669",,,,,,,,,,,,,,,,,,,,,,,,,,,,,,,,,,,,,,,,,,,,,,,,,,,"High","High","High","","","","","",,,,,,,,,,,,,,,,,,,,,,,,,,,,,,,,,,,"2026","02","28"
"20","2/28/2026","57:09.4","1","5","Walker, Jonah","807939","Left","NOR_BIS","Macon, Tyler","823527","Right","MIZ_TIG","Undefined","1","Bottom","0","2","2","Curveball","Curveball","BallCalled","Undefined","Undefined","Undefined","0","0","","78.71271","2.884206","-0.566003","2573.903013","344.498313","5:30","5.6873","-0.94836","5.38348","-54.81767","-8.59339","2.79945","3.82513","-1.24564","71.77308","-7.099272","-0.068116","0.489335",,,,,,,,,,,,"-1.55484","-4.57902","0.997","50.0","5.9072","1.01261","-114.1339","3.80586","-2.04084","21.97187","-38.18436","MIZ_TIG","NOR_BIS","TaylorStadium","D1","SEC","20260228-TaylorStadium-2","d01380a0-14f8-11f1-9d47-ad81a36dfdfe","77.02787",,,"6.93963",,,,,,,"1fa80f13-d93e-49a6-97f0-7762eeb242e9","2/28/2026","57:09.4","2026-02-28T16:57:09.4421504-06:00","2026-02-28T22:57:09.4421504Z","","v3","4806","471388","ae4075840dfa411e9b4d026302d1ad63","Gustafson, Evan","1000308757","Right","NOR_BIS","d7cb3793-fd18-40c5-ab10-0aaa969b9466","55.11639","-115.11464","10.98594","5.69929","5.51027","-19.09218","0.94976","1.10371","-1.02042",,,,,,,,,,,,,,,,,,,,,,,,,,,,,,,,,,,,,,,,,,,,,,,,,,,"High","High","High","","","","","",,,,,,,,,,,,,,,,,,,,,,,,,,,,,,,,,,,"2026","02","28"
"21","2/28/2026","57:25.8","1","6","Walker, Jonah","807939","Left","NOR_BIS","Macon, Tyler","823527","Right","MIZ_TIG","Undefined","1","Bottom","0","3","2","Curveball","Curveball","StrikeSwinging","Strikeout","Undefined","Undefined","0","0","","77.96773","-0.422166","1.145697","2542.007574","327.525434","5:00","5.63889","-0.72743","5.31379","-52.29219","-5.39567","4.3424","0.88489","0.7099","72.0934","-9.873057","1.918956","0.49288",,,,,,,,,,,,"-1.87307","-2.21449","0.62028","50.0","5.5623","-2.43297","-113.2428","-2.63534","-2.43207","20.69732","-35.04941","MIZ_TIG","NOR_BIS","TaylorStadium","D1","SEC","20260228-TaylorStadium-2","d9f8eb50-14f8-11f1-9d47-ad81a36dfdfe","76.4738",,,"5.87434",,,,,,,"1fa80f13-d93e-49a6-97f0-7762eeb242e9","2/28/2026","57:25.8","2026-02-28T16:57:25.8070000-06:00","2026-02-28T22:57:25.8070000Z","","v3","4806","471388","ae4075840dfa411e9b4d026302d1ad63","Gustafson, Evan","1000308757","Right","NOR_BIS","64cce6f8-0555-494a-90dc-e9e43c803b51","55.18808","-114.18708","10.34866","5.64606","-1.03626","-17.52471","0.72875","-2.32201","-1.21603",,,,,,,,,,,,,,,,,,,,,,,,,,,,,"63.29869",,,"0.964917",,,,"3.83623","5.70678","6.34142","64.93892","4.51257","59.84562","3.87994","70.38745","-7.44423","5.72159","11.3516","-13.09214","6.35554","58.42705","-3.12633","High","High","High","","","High","High","High",,,,,,,,,,,,,,,,,,,,,,,,,,,,,,,,,,,"2026","02","28"
"22","2/28/2026","57:56.0","2","1","Walker, Jonah","807939","Left","NOR_BIS","Woita, Jase","831805","Left","MIZ_TIG","Undefined","1","Bottom","1","0","0","Curveball","Curveball","StrikeCalled","Undefined","Undefined","Undefined","0","0","","77.17678","1.118077","0.10077","2486.970816","325.195939","4:45","5.69233","-0.69131","5.40051","-57.21184","-9.16371","7.4628","1.97252","0.02502","70.68772","-9.274072","1.431421","0.498896",,,,,,,,,,,,"-3.71229","-4.44071","0.67697","50.0","5.75191","-0.4893","-112.03549","0.22247","-4.68119","21.7296","-37.77382","MIZ_TIG","NOR_BIS","TaylorStadium","D1","SEC","20260228-TaylorStadium-2","ebe73880-14f8-11f1-9d47-ad81a36dfdfe","75.55176",,,"6.48906",,,,,,,"1fa80f13-d93e-49a6-97f0-7762eeb242e9","2/28/2026","57:56.0","2026-02-28T16:57:56.0077312-06:00","2026-02-28T22:57:56.0077312Z","","v3","4806","471388","ae4075840dfa411e9b4d026302d1ad63","Gustafson, Evan","1000308757","Right","NOR_BIS","76e2739b-2a45-4833-b085-38767217c451","55.10066","-113.02045","10.8648","5.70302","1.93468","-18.88691","0.69434","-0.27712","-2.3406",,,,,,,,,,,,,,,,,,,,,,,,,,,,,,,,,,,,,,,,,,,,,,,,,,,"High","High","High","","","","","",,,,,,,,,,,,,,,,,,,,,,,,,,,,,,,,,,,"2026","02","28"
"23","2/28/2026","58:10.9","2","2","Walker, Jonah","807939","Left","NOR_BIS","Woita, Jase","831805","Left","MIZ_TIG","Undefined","1","Bottom","1","0","1","Fastball","Cutter","BallCalled","Undefined","Undefined","Undefined","0","0","","87.57965","-0.935029","2.944504","2334.717224","165.863993","11:30","5.81871","-0.63432","5.6208","-27.73053","9.14772","-2.00949","2.63401","1.94851","80.1652","-6.061502","2.586253","0.437076",,,,,,,,,,,,"1.83225","5.26209","0.38428","50.0","5.72117","-6.44496","-126.99522","-3.0394","2.99226","26.00447","-23.58043","MIZ_TIG","NOR_BIS","TaylorStadium","D1","SEC","20260228-TaylorStadium-2","f4aed720-14f8-11f1-9d47-ad81a36dfdfe","86.23778",,,"7.41445",,,,,,,"1fa80f13-d93e-49a6-97f0-7762eeb242e9","2/28/2026","58:10.9","2026-02-28T16:58:10.8961280-06:00","2026-02-28T22:58:10.8961280Z","","v3","4806","471388","ae4075840dfa411e9b4d026302d1ad63","Gustafson, Evan","1000308757","Right","NOR_BIS","30be572d-9b38-40ea-8e8c-883f3a58b3b6","54.87663","-127.9899","13.00223","5.82018","-2.13744","-11.79021","0.633","-6.55942","1.49613",,,,,,,,,,,,,,,,,,,,,,,,,,,,,,,,,,,,,,,,,,,,,,,,,,,"High","High","High","","","","","",,,,,,,,,,,,,,,,,,,,,,,,,,,,,,,,,,,"2026","02","28"
"24","2/28/2026","58:27.0","2","3","Walker, Jonah","807939","Left","NOR_BIS","Woita, Jase","831805","Left","MIZ_TIG","Undefined","1","Bottom","1","1","1","Fastball","Slider","BallCalled","Undefined","Undefined","Undefined","0","0","","86.44522","-1.872498","3.672558","2375.242754","178.99028","12:00","5.94205","-0.63419","5.60042","-28.68372","9.51989","-0.14512","1.79941","2.78703","78.81101","-7.166932","3.646728","0.44486",,,,,,,,,,,,"1.1611","5.77926","0.31934","50.0","5.76301","-8.02402","-125.10983","-5.08366","1.82888","26.70528","-23.07101","MIZ_TIG","NOR_BIS","TaylorStadium","D1","SEC","20260228-TaylorStadium-2","fe643120-14f8-11f1-9d47-ad81a36dfdfe","84.72875",,,"7.63421",,,,,,,"1fa80f13-d93e-49a6-97f0-7762eeb242e9","2/28/2026","58:27.0","2026-02-28T16:58:26.9682688-06:00","2026-02-28T22:58:26.9682688Z","","v3","4806","471388","ae4075840dfa411e9b4d026302d1ad63","Gustafson, Evan","1000308757","Right","NOR_BIS","50fdea6d-f6e5-4dc0-a391-d164a2df8208","54.8955","-126.15047","13.35264","5.94359","-4.18465","-11.53551","0.63341","-8.09529","0.91444",,,,,,,,,,,,,,,,,,,,,,,,,,,,,,,,,,,,,,,,,,,,,,,,,,,"High","High","High","","","","","",,,,,,,,,,,,,,,,,,,,,,,,,,,,,,,,,,,"2026","02","28"
"25","2/28/2026","58:45.6","2","4","Walker, Jonah","807939","Left","NOR_BIS","Woita, Jase","831805","Left","MIZ_TIG","Undefined","1","Bottom","1","2","1","Curveball","Curveball","BallCalled","Undefined","Undefined","Undefined","0","0","","77.71602","1.654216","-1.933925","2572.841677","341.847989","5:30","5.71597","-0.84036","5.35961","-56.43046","-8.99485","3.45185","2.56604","-2.36698","71.14097","-8.593628","-1.319941","0.495706",,,,,,,,,,,,"-2.33819","-4.7815","1.01151","50.0","5.82347","3.67743","-112.76688","1.34569","-2.99122","21.75013","-38.29103","MIZ_TIG","NOR_BIS","TaylorStadium","D1","SEC","20260228-TaylorStadium-2","095b8100-14f9-11f1-9d47-ad81a36dfdfe","76.03796",,,"6.57505",,,,,,,"1fa80f13-d93e-49a6-97f0-7762eeb242e9","2/28/2026","58:45.6","2026-02-28T16:58:45.6121344-06:00","2026-02-28T22:58:45.6121344Z","","v3","4806","471388","ae4075840dfa411e9b4d026302d1ad63","Gustafson, Evan","1000308757","Right","NOR_BIS","6f6eeaca-7be0-4d2f-9b0f-9348530dd993","55.1435","-113.75461","10.87507","5.72287","3.0846","-19.14552","0.84142","3.81327","-1.49561",,,,,,,,,,,,,,,,,,,,,,,,,,,,,,,,,,,,,,,,,,,,,,,,,,,"High","High","High","","","","","",,,,,,,,,,,,,,,,,,,,,,,,,,,,,,,,,,,"2026","02","28"
"26","2/28/2026","59:07.4","2","5","Walker, Jonah","807939","Left","NOR_BIS","Woita, Jase","831805","Left","MIZ_TIG","Undefined","1","Bottom","1","3","1","Fastball","Cutter","BallCalled","Walk","Undefined","Undefined","0","0","","86.77394","-1.622519","3.006908","2405.195903","170.569597","11:45","5.87806","-0.62782","5.75432","-27.12694","10.08816","-1.4887","2.10461","2.04979","79.8988","-6.636273","2.740817","0.439067",,,,,,,,,,,,"1.55075","5.9237","0.37907","50.0","5.72675","-6.55039","-125.8838","-4.4806","2.50077","24.36633","-22.62143","MIZ_TIG","NOR_BIS","TaylorStadium","D1","SEC","20260228-TaylorStadium-2","166c13f0-14f9-11f1-9d47-ad81a36dfdfe","85.84663",,,"6.87514",,,,,,,"1fa80f13-d93e-49a6-97f0-7762eeb242e9","2/28/2026","59:07.4","2026-02-28T16:59:07.3838592-06:00","2026-02-28T22:59:07.3838592Z","","v3","4806","471388","ae4075840dfa411e9b4d026302d1ad63","Gustafson, Evan","1000308757","Right","NOR_BIS","4f1022c7-34a2-434b-8442-00afcc9a6f62","54.74419","-126.79877","12.18316","5.87905","-3.63115","-11.31072","0.62681","-6.64429","1.25038",,,,,,,,,,,,,,,,,,,,,,,,,,,,,,,,,,,,,,,,,,,,,,,,,,,"High","High","High","","","","","",,,,,,,,,,,,,,,,,,,,,,,,,,,,,,,,,,,"2026","02","28"
"27","2/28/2026","59:43.9","3","1","Walker, Jonah","807939","Left","NOR_BIS","Serna, Mateo","806219","Right","MIZ_TIG","Undefined","1","Bottom","1","0","0","Slider","Curveball","StrikeSwinging","Undefined","Undefined","Undefined","0","0","","76.34936","-0.522505","1.205849","2446.782559","312.392776","4:30","5.54898","-1.11442","5.69576","-53.15822","-4.96969","7.03607","0.63208","0.59583","70.72666","-10.189439","2.467787","0.499624",,,,,,,,,,,,"-3.26732","-1.99705","1.00861","50.0","5.47158","-2.58982","-110.9605","-2.70555","-4.07276","19.88783","-34.66339","MIZ_TIG","NOR_BIS","TaylorStadium","D1","SEC","20260228-TaylorStadium-2","2c26f980-14f9-11f1-9d47-ad81a36dfdfe","75.44162",,,"5.6227",,,,,,,"1fa80f13-d93e-49a6-97f0-7762eeb242e9","2/28/2026","59:43.9","2026-02-28T16:59:43.8864896-06:00","2026-02-28T22:59:43.8864896Z","","v3","4806","471388","ae4075840dfa411e9b4d026302d1ad63","Gustafson, Evan","1000308757","Right","NOR_BIS","69ef6f04-f354-4d6a-b07c-a47c65f2e1a9","54.80637","-111.81865","9.94391","5.55605","-1.20985","-17.33169","1.11657","-2.41408","-2.03638",,,,,,,,,,,,,,,,,,,,,,,,,,,,,,,,,,,,,,,,,,,,,,,,,,,"High","High","High","","","","","",,,,,,,,,,,,,,,,,,,,,,,,,,,,,,,,,,,"2026","02","28"
"28","2/28/2026","00:07.0","3","2","Walker, Jonah","807939","Left","NOR_BIS","Serna, Mateo","806219","Right","MIZ_TIG","Undefined","1","Bottom","1","0","1","Curveball","Curveball","StrikeSwinging","Undefined","Undefined","Undefined","0","0","","78.60388","0.697852","1.077645","2544.395216","339.726679","5:15","5.55027","-1.12017","5.63243","-54.10629","-8.55252","3.66618","1.69267","0.19092","72.56838","-9.148217","1.73397","0.485773",,,,,,,,,,,,"-1.56016","-4.09614","1.0261","50.0","5.57496","-2.28946","-114.23525","-0.43518","-2.06239","20.97056","-37.58873","MIZ_TIG","NOR_BIS","TaylorStadium","D1","SEC","20260228-TaylorStadium-2","39ed47e0-14f9-11f1-9d47-ad81a36dfdfe","77.59267",,,"6.0355",,,,,,,"1fa80f13-d93e-49a6-97f0-7762eeb242e9","2/28/2026","00:07.0","2026-02-28T17:00:06.9939200-06:00","2026-02-28T23:00:06.9939200Z","","v3","4806","471388","ae4075840dfa411e9b4d026302d1ad63","Gustafson, Evan","1000308757","Right","NOR_BIS","7e0e0730-9b84-40db-b709-5eeeded81a2f","54.8696","-115.12571","10.48528","5.55955","1.16092","-18.79437","1.12146","-2.20189","-1.03119",,,,,,,,,,,,,,,,,,,,,,,,,,,,,,,,,,,,,,,,,,,,,,,,,,,"High","High","High","","","","","",,,,,,,,,,,,,,,,,,,,,,,,,,,,,,,,,,,"2026","02","28"
"29","2/28/2026","00:29.4","3","3","Walker, Jonah","807939","Left","NOR_BIS","Serna, Mateo","806219","Right","MIZ_TIG","Undefined","1","Bottom","1","0","2","Curveball","Curveball","StrikeCalled","Strikeout","Undefined","Undefined","0","0","","78.36021","0.981593","0.466367","2558.462761","338.261142","5:15","5.63525","-0.95139","5.34538","-57.53125","-11.16209","5.0126","1.76186","-0.09619","72.30107","-9.425971","1.359432","0.490102",,,,,,,,,,,,"-2.38402","-5.4341","0.90568","50.0","5.68226","-1.12523","-113.84794","-0.07638","-3.12725","21.00546","-39.3023","MIZ_TIG","NOR_BIS","TaylorStadium","D1","SEC","20260228-TaylorStadium-2","474b3780-14f9-11f1-9d47-ad81a36dfdfe","76.90741",,,"6.05915",,,,,,,"1fa80f13-d93e-49a6-97f0-7762eeb242e9","2/28/2026","00:29.4","2026-02-28T17:00:29.3979648-06:00","2026-02-28T23:00:29.3979648Z","","v3","4806","471388","ae4075840dfa411e9b4d026302d1ad63","Gustafson, Evan","1000308757","Right","NOR_BIS","77f0ef36-23d6-422f-b8de-eaa2ec357ead","55.15733","-114.79555","10.50273","5.64572","1.69664","-19.65115","0.95325","-0.98415","-1.56363",,,,,,,,,,,,,,,,,,,,,,,,,,,,,,,,,,,,,,,,,,,,,,,,,,,"High","High","High","","","","","",,,,,,,,,,,,,,,,,,,,,,,,,,,,,,,,,,,"2026","02","28"
"30","2/28/2026","01:03.9","4","1","Walker, Jonah","807939","Left","NOR_BIS","Ward, Blaize","1000263242","Left","MIZ_TIG","Undefined","1","Bottom","2","0","0","Fastball","Cutter","FoulBallNotFieldable","Undefined","Undefined","Undefined","0","0","","87.73024","-0.721227","1.90362","2345.543602","177.181409","12:00","5.75272","-0.96342","5.79111","-25.75112","10.73288","-0.47122","2.93547","0.7688","80.19879","-5.516967","1.819248","0.434733",,,,,,,,,,,,"0.77945","6.028","0.80697","50.0","5.67791","-4.21341","-127.36064","-2.45912","1.27815","26.55546","-22.2891","MIZ_TIG","NOR_BIS","TaylorStadium","D1","SEC","20260228-TaylorStadium-2","5bc7d0b0-14f9-11f1-9d47-ad81a36dfdfe","86.70249",,,"7.53145",,,,,,,"1fa80f13-d93e-49a6-97f0-7762eeb242e9","2/28/2026","01:03.9","2026-02-28T17:01:03.8932480-06:00","2026-02-28T23:01:03.8932480Z","","v3","4806","471388","ae4075840dfa411e9b4d026302d1ad63","Gustafson, Evan","1000308757","Right","NOR_BIS","b5a797ab-72e2-4cae-b10d-4eaeb93b1260","54.70767","-128.33846","13.27773","5.75335","-1.6384","-11.14455","0.96298","-4.26048","0.63908",,,,,,,,,,,,,,,,,,,,,,,,,,,,,,,,,,,,,,,,,,,,,,,,,,,"High","High","High","","","","","",,,,,,,,,,,,,,,,,,,,,,,,,,,,,,,,,,,"2026","02","28"
"31","2/28/2026","01:39.0","4","2","Walker, Jonah","807939","Left","NOR_BIS","Ward, Blaize","1000263242","Left","MIZ_TIG","Undefined","1","Bottom","2","0","1","Slider","Curveball","BallCalled","Undefined","Undefined","CaughtStealing","1","0","","76.84358","3.312704","-0.414888","2530.139884","311.891409","4:30","5.62719","-0.97396","5.3523","-57.42672","-8.79607","11.57453","3.95219","-0.39855","70.00599","-7.142502","1.641646","0.501911",,,,,,,,,,,,"-5.89426","-4.86181","1.0028","50.0","5.88457","0.34755","-111.39118","4.46873","-7.35933","21.18002","-38.24431","MIZ_TIG","NOR_BIS","TaylorStadium","D1","SEC","20260228-TaylorStadium-2","70c336d0-14f9-11f1-9d47-ad81a36dfdfe","75.09787",,,"6.83758",,,,,,,"1fa80f13-d93e-49a6-97f0-7762eeb242e9","2/28/2026","01:39.0","2026-02-28T17:01:38.9980000-06:00","2026-02-28T23:01:38.9980000Z","","v3","4806","471388","ae4075840dfa411e9b4d026302d1ad63","Gustafson, Evan","1000308757","Right","NOR_BIS","c0c1fcaf-a2d1-4cec-a685-8870e9d4028e","55.14893","-112.36594","10.59001","5.63841","6.22883","-19.12216","0.97901","0.68624","-3.67967",,,,,,,,,,,,,,,,,,,,,,,,,,,,,"77.41473","1.993957","0.68009","1.313867","-1.32411","3.59459","0.31747","-1.70011","6.17053","1.26895","127.28056","1.13938","-1.06656","-1.53269","111.0595","-10.02154","6.19391","11.54904","-11.73786","1.24157","-3.42371","1.28693","High","High","High","","","High","High","High",,,,,,,,,,,,,,,,,,,,,,,,,,,,,,,,,,,"2026","02","28"
"47","2/28/2026","11:22.8","1","1","Walker, Jonah","807939","Left","NOR_BIS","Ward, Blaize","1000263242","Left","MIZ_TIG","Undefined","2","Bottom","0","0","0","Curveball","Curveball","BallCalled","Undefined","Undefined","Undefined","0","0","","76.38882","1.834563","-0.344359","2517.53629","333.860269","5:15","5.6445","-0.79921","5.3388","-54.95692","-6.23819","3.7778","2.78646","-0.80745","70.40703","-8.14233","0.327642","0.502365",,,,,,,,,,,,"-1.97795","-3.11788","0.82751","50.0","5.77062","0.51895","-110.93731","1.67606","-2.47215","19.30549","-36.07094","MIZ_TIG","NOR_BIS","TaylorStadium","D1","SEC","20260228-TaylorStadium-2","ccb68810-14fa-11f1-9d47-ad81a36dfdfe","75.02999",,,"5.9818",,,,,,,"1fa80f13-d93e-49a6-97f0-7762eeb242e9","2/28/2026","11:22.8","2026-02-28T17:11:22.7933696-06:00","2026-02-28T23:11:22.7933696Z","","v3","4806","471388","ae4075840dfa411e9b4d026302d1ad63","Gustafson, Evan","1000308757","Right","NOR_BIS","502e653f-46db-4eb6-835f-721992ce12c7","55.16234","-111.83206","9.65275","5.6542","3.34784","-18.03547","0.8008","0.63353","-1.23607",,,,,,,,,,,,,,,,,,,,,,,,,,,,,,,,,,,,,,,,,,,,,,,,,,,"High","High","High","","","","","",,,,,,,,,,,,,,,,,,,,,,,,,,,,,,,,,,,"2026","02","28"
"48","2/28/2026","11:38.7","1","2","Walker, Jonah","807939","Left","NOR_BIS","Ward, Blaize","1000263242","Left","MIZ_TIG","Undefined","2","Bottom","0","1","0","Fastball","Cutter","BallCalled","Undefined","Undefined","Undefined","0","0","","86.29099","0.273091","1.578547","2367.12171","167.43471","11:30","5.91233","-0.63442","5.5644","-28.2032","9.50575","-1.87347","3.81728","0.68451","79.43624","-4.935805","1.244481","0.441971",,,,,,,,,,,,"1.3487","5.08622","0.49946","50.0","5.91738","-3.37454","-125.35229","-0.37876","2.16269","23.48808","-24.0181","MIZ_TIG","NOR_BIS","TaylorStadium","D1","SEC","20260228-TaylorStadium-2","d63c94b0-14fa-11f1-9d47-ad81a36dfdfe","85.28263",,,"6.85475",,,,,,,"1fa80f13-d93e-49a6-97f0-7762eeb242e9","2/28/2026","11:38.7","2026-02-28T17:11:38.7436544-06:00","2026-02-28T23:11:38.7436544Z","","v3","4806","471388","ae4075840dfa411e9b4d026302d1ad63","Gustafson, Evan","1000308757","Right","NOR_BIS","707a579a-343f-44a2-9fcd-bd479f4c8143","54.93422","-126.27347","11.74404","5.91377","0.5632","-12.00905","0.63347","-3.45936","1.08135",,,,,,,,,,,,,,,,,,,,,,,,,,,,,,,,,,,,,,,,,,,,,,,,,,,"High","High","High","","","","","",,,,,,,,,,,,,,,,,,,,,,,,,,,,,,,,,,,"2026","02","28"
"49","2/28/2026","11:56.9","1","3","Walker, Jonah","807939","Left","NOR_BIS","Ward, Blaize","1000263242","Left","MIZ_TIG","Undefined","2","Bottom","0","2","0","Fastball","Cutter","InPlay","Undefined","FlyBall","Out","1","0","","86.69228","-0.869555","1.172658","2290.537372","161.837905","11:30","5.84423","-0.80685","5.5485","-27.1699","10.32091","-3.01295","2.76725","0.03805","79.68491","-5.889275","0.635129","0.440691","84.56915","53.859324","-14.271458",,"103.9531","129.12844","-35.96871","200.11991","194.03372","-21.136009","5.793877","1.84488","5.79323","0.70743","50.0","5.75099","-2.45098","-125.92147","-2.84887","2.97403","24.61133","-22.83517","MIZ_TIG","NOR_BIS","TaylorStadium","D1","SEC","20260228-TaylorStadium-2","e1111a50-14fa-11f1-9d47-ad81a36dfdfe","85.53041","130.3767",,"7.00737",,,,"1.03201","2.71764","-0.00139","1fa80f13-d93e-49a6-97f0-7762eeb242e9","2/28/2026","11:56.9","2026-02-28T17:11:56.8602624-06:00","2026-02-28T23:11:56.8602624Z","FlyBall","v3","4806","471388","ae4075840dfa411e9b4d026302d1ad63","Gustafson, Evan","1000308757","Right","NOR_BIS","130b3b7a-4e3c-4077-bf1a-6a489c4d8e18","54.95119","-126.88549","12.30566","5.84507","-1.95443","-11.41759","0.80572","-2.56747","1.48701","171.435708","1.03942","70.75233","-21.31838","5.73471","-0.90142","0.03809","0.01321","-0.00223","1.0E-4","2.71561","100.18744","-23.16455","1.46525","0.15385","-0.166","0.04814","-0.00653","3.4E-4","-0.00314","-18.00405","1.87474","-0.1406","-0.07235","0.03025","-0.00477","3.0E-4","0.0",,,,,,,,,,,,,,,,,,,,,,,"High","High","High","Medium","Low","","","",,,,,,,,,,,,,,,,,,,,,,,,,,,,,,,,,,,"2026","02","28"
"50","2/28/2026","12:36.9","2","1","Walker, Jonah","807939","Left","NOR_BIS","George, Jamal","805322","Right","MIZ_TIG","Undefined","2","Bottom","1","0","0","Fastball","Cutter","InPlay","Undefined","Popup","Out","1","0","","86.84054","-1.052966","1.16741","2265.567105","168.010224","11:30","5.87444","-0.73113","5.57624","-26.80498","10.42981","-1.98126","2.65691","0.19427","80.0342","-6.001762","0.813756","0.439183","82.52815","73.657223","-15.288129",,,,,,"30.46496",,,"1.3126","5.88764","0.63201","50.0","5.76623","-2.48846","-126.17107","-3.24183","2.12977","24.09343","-22.621","MIZ_TIG","NOR_BIS","TaylorStadium","D1","SEC","20260228-TaylorStadium-2","f8e961a0-14fa-11f1-9d47-ad81a36dfdfe","85.82391","119.06769",,"6.80634",,,,"1.73231","2.69001","-0.18978","1fa80f13-d93e-49a6-97f0-7762eeb242e9","2/28/2026","12:36.9","2026-02-28T17:12:36.9165824-06:00","2026-02-28T23:12:36.9165824Z","","v3","4806","471388","ae4075840dfa411e9b4d026302d1ad63","Gustafson, Evan","1000308757","Right","NOR_BIS","be686f53-5b32-47da-ade0-0a7d0fc4bd66","54.92388","-127.10785","12.04672","5.87517","-2.3623","-11.3105","0.73037","-2.57127","1.06489",,"1.73233","32.8511","-13.75817","4.3521","-1.3496","1.14028","-0.9816","0.44086","-0.07783","2.69","116.1514","-28.75916","3.41473","-0.55275","-0.06567","0.17873","-0.09627","0.01826","-0.1898","-8.97855","8.03185","-2.78408","0.91696","-0.80816","0.70376","-0.31734","0.05614",,,,,,,,,,,,,,,,,,,,,,,"High","High","High","Medium","Undefined","","","",,,,,,,,,,,,,,,,,,,,,,,,,,,,,,,,"67.54823","22.72776","-16.05151","2026","02","28"
"51","2/28/2026","13:12.9","3","1","Walker, Jonah","807939","Left","NOR_BIS","Benson, Cameron","813272","Left","MIZ_TIG","Undefined","2","Bottom","2","0","0","Fastball","Cutter","BallCalled","Undefined","Undefined","Undefined","0","0","","86.77756","-0.1893","0.350604","2282.492798","154.876561","11:15","5.99924","-0.58336","5.55291","-24.72013","12.51095","-5.36284","3.76234","-0.70265","79.97758","-4.772275","-0.606084","0.439162",,,,,,,,,,,,"2.7924","6.71181","0.55662","50.0","5.96659","-0.5416","-126.11683","-1.25558","4.5386","23.44809","-21.26501","MIZ_TIG","NOR_BIS","TaylorStadium","D1","SEC","20260228-TaylorStadium-2","0e645800-14fb-11f1-9d47-ad81a36dfdfe","85.82817",,,"6.79998",,,,,,,"1fa80f13-d93e-49a6-97f0-7762eeb242e9","2/28/2026","13:12.9","2026-02-28T17:13:12.9147904-06:00","2026-02-28T23:13:12.9147904Z","","v3","4806","471388","ae4075840dfa411e9b4d026302d1ad63","Gustafson, Evan","1000308757","Right","NOR_BIS","a11b85f1-4c9f-4792-bc96-b3e62d2ceaa1","54.9457","-127.03303","11.72405","5.99942","-0.42469","-10.6325","0.58125","-0.71894","2.2693",,,,,,,,,,,,,,,,,,,,,,,,,,,,,,,,,,,,,,,,,,,,,,,,,,,"High","High","High","","","","","",,,,,,,,,,,,,,,,,,,,,,,,,,,,,,,,,,,"2026","02","28"
"52","2/28/2026","13:30.9","3","2","Walker, Jonah","807939","Left","NOR_BIS","Benson, Cameron","813272","Left","MIZ_TIG","Undefined","2","Bottom","2","1","0","Fastball","Slider","InPlay","Undefined","Popup","Out","1","0","","86.09792","-0.922347","1.407247","2327.846912","175.709624","11:45","5.92993","-0.65619","5.74929","-29.66608","7.70481","-0.50185","2.59875","0.61236","79.97129","-6.379872","1.31737","0.439985","86.36619","46.821397","-5.759735","5282.153055","109.27512","109.54156","-12.60668","234.84199","130.08264","-6.926767","5.700292","0.59508","4.44807","0.53964","50.0","5.83492","-3.05625","-125.2211","-3.0218","0.95781","22.04525","-25.01478","MIZ_TIG","NOR_BIS","TaylorStadium","D1","SEC","20260228-TaylorStadium-2","191a3210-14fb-11f1-9d47-ad81a36dfdfe","85.6675","119.81574",,"6.12663",,,,"1.98188","2.73461","-0.59761","1fa80f13-d93e-49a6-97f0-7762eeb242e9","2/28/2026","13:30.9","2026-02-28T17:13:30.9062144-06:00","2026-02-28T23:13:30.9062144Z","FlyBall","v3","4806","471388","ae4075840dfa411e9b4d026302d1ad63","Gustafson, Evan","1000308757","Right","NOR_BIS","80dbb8c5-9e0c-47e5-8b50-86bbbde3bd72","54.75233","-126.05497","11.02263","5.93133","-2.0756","-12.50739","0.65593","-3.09247","0.4789","178.330901","1.98831","86.1145","-24.06981","6.34323","-1.06781","0.08664","0.00306","-0.00107","5.0E-5","2.73243","92.40124","-20.59575","0.77669","0.26154","-0.15484","0.03945","-0.00496","2.4E-4","-0.59822","-8.68731","1.79696","-0.40308","0.0496","8.7E-4","-0.00122","1.4E-4","-1.0E-5",,,,,,,,,,,,,,,,,,,,,,,"High","High","High","High","Low","","","",,,,,,,,,,,,,,,,,,,,,,,,,,,,,,,,"71.54745","10.01835","7.48951","2026","02","28"
"77","2/28/2026","26:46.2","1","1","Walker, Jonah","807939","Left","NOR_BIS","Maisonet, Eric","835908","Right","MIZ_TIG","Undefined","3","Bottom","0","0","0","Fastball","Four-Seam","BallCalled","Undefined","Undefined","Undefined","0","0","","86.84549","0.663341","0.782464","2339.190787","153.674778","11:00","5.93193","-0.7834","5.58335","-21.66891","15.97249","-7.28981","4.74575","-0.66011","78.85007","-3.417715","-0.518061","0.441575",,,,,,,,,,,,"3.8687","8.23402","0.72079","50.0","5.97499","-1.39711","-125.99169","0.7734","6.19158","26.63557","-18.99618","MIZ_TIG","NOR_BIS","TaylorStadium","D1","SEC","20260228-TaylorStadium-2","f32f6640-14fc-11f1-9d47-ad81a36dfdfe","85.35914",,,"7.99542",,,,,,,"1fa80f13-d93e-49a6-97f0-7762eeb242e9","2/28/2026","26:46.2","2026-02-28T17:26:46.2115840-06:00","2026-02-28T23:26:46.2115840Z","","v3","4806","471388","ae4075840dfa411e9b4d026302d1ad63","Gustafson, Evan","1000308757","Right","NOR_BIS","b2c4b3d0-ea33-4985-85ac-d55715a065c5","54.9117","-127.02581","13.31779","5.93065","1.51092","-9.49809","0.7797","-1.6375","3.09579",,,,,,,,,,,,,,,,,,,,,,,,,,,,,,,,,,,,,,,,,,,,,,,,,,,"High","High","High","","","","","",,,,,,,,,,,,,,,,,,,,,,,,,,,,,,,,,,,"2026","02","28"
"78","2/28/2026","27:09.0","1","2","Walker, Jonah","807939","Left","NOR_BIS","Maisonet, Eric","835908","Right","MIZ_TIG","Undefined","3","Bottom","0","1","0","Curveball","Curveball","BallCalled","Undefined","Undefined","Undefined","0","0","","76.52776","3.322333","-0.768516","2339.444494","305.630695","4:15","5.6895","-0.95625","5.42059","-51.38971","-2.72551","5.91528","4.52287","-1.18323","69.94449","-6.066595","0.283116","0.502084",,,,,,,,,,,,"-3.16343","-1.77024","1.02031","50.0","5.94923","1.25578","-110.9505","4.71874","-3.94363","19.83271","-34.3809","MIZ_TIG","NOR_BIS","TaylorStadium","D1","SEC","20260228-TaylorStadium-2","00b24300-14fd-11f1-9d47-ad81a36dfdfe","75.072",,,"6.58327",,,,,,,"1fa80f13-d93e-49a6-97f0-7762eeb242e9","2/28/2026","27:09.0","2026-02-28T17:27:08.9762816-06:00","2026-02-28T23:27:08.9762816Z","","v3","4806","471388","ae4075840dfa411e9b4d026302d1ad63","Gustafson, Evan","1000308757","Right","NOR_BIS","3f6f899d-9e89-47cf-af52-72950b68f989","55.07886","-111.85467","9.91636","5.69837","6.28616","-17.19045","0.95897","1.43557","-1.97181",,,,,,,,,,,,,,,,,,,,,,,,,,,,,,,,,,,,,,,,,,,,,,,,,,,"High","High","High","","","","","",,,,,,,,,,,,,,,,,,,,,,,,,,,,,,,,,,,"2026","02","28"
"79","2/28/2026","27:28.2","1","3","Walker, Jonah","807939","Left","NOR_BIS","Maisonet, Eric","835908","Right","MIZ_TIG","Undefined","3","Bottom","0","2","0","Fastball","Cutter","FoulBallNotFieldable","Undefined","Undefined","Undefined","0","0","","84.85406","-0.999123","1.489753","2199.019579","173.22748","11:45","5.79647","-0.88426","5.63889","-28.50738","10.3967","-1.09862","2.48836","0.41429","78.27026","-6.261471","1.293453","0.44892",,,,,,,,,,,,"0.94677","5.88146","0.75839","50.0","5.69328","-3.16191","-123.28501","-3.10328","1.46706","22.94998","-23.06048","MIZ_TIG","NOR_BIS","TaylorStadium","D1","SEC","20260228-TaylorStadium-2","0c17e510-14fd-11f1-9d47-ad81a36dfdfe","83.96249",,,"6.5838",,,,,,,"1fa80f13-d93e-49a6-97f0-7762eeb242e9","2/28/2026","27:28.2","2026-02-28T17:27:28.2071552-06:00","2026-02-28T23:27:28.2071552Z","","v3","4806","471388","ae4075840dfa411e9b4d026302d1ad63","Gustafson, Evan","1000308757","Right","NOR_BIS","599fdcb2-6144-4810-9106-ebb741ab17b2","54.86127","-124.18666","11.47499","5.7974","-2.19729","-11.53024","0.88374","-3.21955","0.73353",,,,,,,,,,,,,,,,,,,,,,,,,,,,,,,,,,,,,,,,,,,,,,,,,,,"High","High","High","","","","","",,,,,,,,,,,,,,,,,,,,,,,,,,,,,,,,,,,"2026","02","28"
"80","2/28/2026","27:53.5","1","4","Walker, Jonah","807939","Left","NOR_BIS","Maisonet, Eric","835908","Right","MIZ_TIG","Undefined","3","Bottom","0","2","1","Fastball","Four-Seam","StrikeSwinging","Undefined","Undefined","Undefined","0","0","","87.75284","-0.430875","1.598435","2280.626672","143.869096","10:45","5.87509","-0.67386","5.66877","-25.67364","10.79819","-7.06634","3.33371","0.22802","80.46538","-5.199068","0.335503","0.43466",,,,,,,,,,,,"4.00465","5.94508","0.54332","50.0","5.82257","-3.25206","-127.43756","-1.83272","6.60699","25.39458","-22.3657","MIZ_TIG","NOR_BIS","TaylorStadium","D1","SEC","20260228-TaylorStadium-2","1b381e20-14fd-11f1-9d47-ad81a36dfdfe","86.71696",,,"7.28747",,,,,,,"1fa80f13-d93e-49a6-97f0-7762eeb242e9","2/28/2026","27:53.5","2026-02-28T17:27:53.5170048-06:00","2026-02-28T23:27:53.5170048Z","","v3","4806","471388","ae4075840dfa411e9b4d026302d1ad63","Gustafson, Evan","1000308757","Right","NOR_BIS","b8d0c1a0-70b5-4227-8a1f-6c9d890a8c7d","54.82943","-128.39632","12.69729","5.87582","-0.98831","-11.18285","0.6708","-3.5015","3.30349",,,,,,,,,,,,,,,,,,,,,,,,,,,,,,,,,,,,,,,,,,,,,,,,,,,"High","High","High","","","","","",,,,,,,,,,,,,,,,,,,,,,,,,,,,,,,,,,,"2026","02","28"
"81","2/28/2026","28:11.4","1","5","Walker, Jonah","807939","Left","NOR_BIS","Maisonet, Eric","835908","Right","MIZ_TIG","Undefined","3","Bottom","0","2","2","Fastball","Cutter","InPlay","Undefined","GroundBall","Out","1","0","","87.77081","-0.363365","1.105469","2311.617785","168.002798","11:30","5.90187","-0.63783","5.60439","-24.35163","12.24969","-2.36055","3.5333","0.19755","80.31826","-4.896265","0.684054","0.435431","83.22508","39.657991","9.37649",,"106.02101","80.55483","29.31697","279.3801","247.87405","27.281273","5.198898","1.50453","6.6517","0.54481","50.0","5.85512","-2.35894","-127.46299","-1.63182","2.47738","25.98632","-21.22139","MIZ_TIG","NOR_BIS","TaylorStadium","D1","SEC","20260228-TaylorStadium-2","25ec98a0-14fd-11f1-9d47-ad81a36dfdfe","86.56344","93.8599",,"7.45255",,,,"0.79434","3.56789","-0.204","1fa80f13-d93e-49a6-97f0-7762eeb242e9","2/28/2026","28:11.4","2026-02-28T17:28:11.4043904-06:00","2026-02-28T23:28:11.4043904Z","FlyBall","v3","4806","471388","ae4075840dfa411e9b4d026302d1ad63","Gustafson, Evan","1000308757","Right","NOR_BIS","bb2777e9-1609-4a81-92f4-5ed7065f188c","54.89449","-128.45697","12.99316","5.90201","-0.8201","-10.6107","0.63685","-2.4537","1.23869","209.241348","0.79601","92.6875","-20.06573","4.6245","-0.95517","0.19082","-0.03354","0.00386","-1.9E-4","3.5685","77.87919","-19.40908","1.35614","0.01658","-0.11618","0.03702","-0.00495","2.5E-4","-0.2045","15.31829","4.14406","-1.02932","0.25057","-0.05772","0.01056","-0.00118","6.0E-5",,,,,,,,,,,,,,,,,,,,,,,"High","High","High","High","Medium","","","",,,,,,,,,,,,,,,,,,,,,,,,,,,,,,,,"73.46065","15.68481","-9.92151","2026","02","28"
"1","2/28/2026","32:26.3","1","1","Walker, Jonah","807939","Left","NOR_BIS","Patterson, Christopher","1000080435","Right","MIZ_TIG","Undefined","3","Bottom","1","1","2","Fastball","Four-Seam","StrikeSwinging","Strikeout","Undefined","Undefined","0","0","","86.84528","-0.509266","0.844829","2214.123577","162.107537","11:30","5.80603","-1.10806","5.59865","-24.39525","12.86013","-3.78953","3.29758","-0.63506","79.7712","-5.044006","0.168245","0.439305",,,,,,,,,,,,"2.13736","6.99433","1.03817","50.0","5.74666","-1.69834","-126.15771","-1.93826","3.46238","24.4276","-20.84365","MIZ_TIG","NOR_BIS","TaylorStadium","D1","SEC","20260228-TaylorStadium-3","bdd48920-14fd-11f1-9d47-ad81a36dfdfe","85.80021",,,"7.07408",,,,,,,"bef09457-2091-4c2d-8883-3b9e5841a581","2/28/2026","32:26.3","2026-02-28T17:32:26.3050000-06:00","2026-02-28T23:32:26.3050000Z","","v3","4806","471388","509f340b254c4b3a96c253b40ff1333c","Gustafson, Evan","1000308757","Right","NOR_BIS","68113b96-bf7d-4834-a759-1781e710c6cb","54.89959","-127.10286","12.2138","5.80605","-1.13178","-10.42182","1.10647","-1.83231","1.73119",,,,,,,,,,,,,,,,,,,,,,,,,,,,,,,,,,,,,,,,,,,,,,,,,,,"High","High","High","","","","","",,,,,,,,,,,,,,,,,,,,,,,,,,,,,,,,,,,"2026","02","28"
"2","2/28/2026","32:59.7","2","1","Walker, Jonah","807939","Left","NOR_BIS","Macon, Tyler","823527","Right","MIZ_TIG","Undefined","3","Bottom","2","0","0","ChangeUp","Changeup","BallCalled","Undefined","Undefined","Undefined","0","0","","81.67595","0.359417","0.153892","1530.00195","113.085231","9:45","5.52457","-1.39363","6.00754","-34.59368","6.84744","-13.19375","2.97476","-2.35053","75.23284","-6.055256","-2.22059","0.463326",,,,,,,,,,,,"6.80378","3.82351","1.38854","50.0","5.53391","0.18577","-118.76551","-0.33512","9.76359","21.74352","-26.68722","MIZ_TIG","NOR_BIS","TaylorStadium","D1","SEC","20260228-TaylorStadium-3","d1c0c930-14fd-11f1-9d47-ad81a36dfdfe","81.35179",,,"6.44312",,,,,,,"bef09457-2091-4c2d-8883-3b9e5841a581","2/28/2026","32:59.7","2026-02-28T17:32:59.7150000-06:00","2026-02-28T23:32:59.7150000Z","","v3","4806","471388","509f340b254c4b3a96c253b40ff1333c","Gustafson, Evan","1000308757","Right","NOR_BIS","4bb69290-ba69-4211-88a9-1dc2b9bf36e2","54.49192","-119.58506","10.87176","5.52759","0.67076","-13.34361","1.38847","-0.18223","4.88179",,,,,,,,,,,,,,,,,,,,,,,,,,,,,,,,,,,,,,,,,,,,,,,,,,,"High","High","High","","","","","",,,,,,,,,,,,,,,,,,,,,,,,,,,,,,,,,,,"2026","02","28"
"3","2/28/2026","33:20.7","2","2","Walker, Jonah","807939","Left","NOR_BIS","Macon, Tyler","823527","Right","MIZ_TIG","Undefined","3","Bottom","2","1","0","Curveball","Curveball","StrikeCalled","Undefined","Undefined","Undefined","0","0","","76.5976","1.010792","1.089122","2489.481675","321.285863","4:45","5.62285","-0.93441","5.46074","-53.58814","-5.7274","5.6428","2.10355","0.55538","71.28006","-8.703892","2.095303","0.497922",,,,,,,,,,,,"-2.57815","-2.7326","0.8345","50.0","5.67483","-2.33033","-111.37976","0.17555","-3.27195","18.07706","-35.64199","MIZ_TIG","NOR_BIS","TaylorStadium","D1","SEC","20260228-TaylorStadium-3","de63f450-14fd-11f1-9d47-ad81a36dfdfe","75.69952",,,"5.31754",,,,,,,"bef09457-2091-4c2d-8883-3b9e5841a581","2/28/2026","33:20.7","2026-02-28T17:33:20.7420000-06:00","2026-02-28T23:33:20.7420000Z","","v3","4806","471388","509f340b254c4b3a96c253b40ff1333c","Gustafson, Evan","1000308757","Right","NOR_BIS","3c4ad7d8-eb0d-420e-92dc-2152251d2538","55.04196","-112.19509","9.03853","5.63066","1.78312","-17.821","0.93627","-2.18275","-1.63597",,,,,,,,,,,,,,,,,,,,,,,,,,,,,,,,,,,,,,,,,,,,,,,,,,,"High","High","High","","","","","",,,,,,,,,,,,,,,,,,,,,,,,,,,,,,,,,,,"2026","02","28"
"4","2/28/2026","33:42.8","2","3","Walker, Jonah","807939","Left","NOR_BIS","Macon, Tyler","823527","Right","MIZ_TIG","Undefined","3","Bottom","2","1","1","Fastball","Cutter","InPlay","Undefined","GroundBall","Out","1","0","","86.22908","-0.774497","1.234328","2248.118886","165.374008","11:30","5.8036","-1.08573","5.70213","-28.31057","9.25658","-2.12791","2.7225","-0.11273","79.50735","-6.005418","0.853612","0.441139","89.78487","-19.319275","-5.793033",,,,,"7.84243","7.84243","-4.791387","0.059873","1.4089","5.24067","0.98358","50.0","5.72092","-2.61344","-125.31861","-2.65129","2.25576","23.71527","-23.7834","MIZ_TIG","NOR_BIS","TaylorStadium","D1","SEC","20260228-TaylorStadium-3","eb85ec60-14fd-11f1-9d47-ad81a36dfdfe","85.44346","2.61415",,"6.72173",,,,"0.3963","2.61415","0.09759","bef09457-2091-4c2d-8883-3b9e5841a581","2/28/2026","33:42.8","2026-02-28T17:33:42.8490000-06:00","2026-02-28T23:33:42.8490000Z","GroundBall","v3","4806","471388","509f340b254c4b3a96c253b40ff1333c","Gustafson, Evan","1000308757","Right","NOR_BIS","c5103aca-e141-4889-bd88-f62afc069c4b","54.79813","-126.22334","11.85763","5.80475","-1.74396","-11.8917","1.08492","-2.69949","1.12788",,"0.39368","123.9069",,,,,,,,"2.61508","-43.66136",,,,,,,,"0.09786","-12.57078",,,,,,,,,,,,,,,,,,,,,,,,,,,,,,"High","High","High","Estimated","Estimated","","","",,,,,,,,,,,,,,,,,,,,,,,,,,,,,,,,"74.79041","7.57874","8.38527","2026","02","28"
"15","2/28/2026","42:11.5","1","1","Walker, Jonah","807939","Left","NOR_BIS","Woita, Jase","831805","Left","MIZ_TIG","Undefined","4","Bottom","0","0","0","Fastball","Four-Seam","InPlay","Undefined","GroundBall","Single","0","0","","87.34943","-1.337251","1.546131","2238.078488","148.334771","11:00","5.87356","-0.87769","5.68517","-25.04324","11.98599","-6.64414","2.5395","0.01013","79.7078","-6.001771","0.357922","0.437969","87.48827","-21.889974","48.604198",,,,,"9.58696","9.37181","32.948096","0.057819","3.86138","6.83784","0.75193","50.0","5.74537","-3.14717","-126.77866","-3.79258","6.25744","26.96315","-21.09318","MIZ_TIG","NOR_BIS","TaylorStadium","D1","SEC","20260228-TaylorStadium-3","1aa716d0-14ff-11f1-9d47-ad81a36dfdfe","86.06183","2.77291",,"7.64163",,,,"3.48148","2.77291","0.03705","bef09457-2091-4c2d-8883-3b9e5841a581","2/28/2026","42:11.5","2026-02-28T17:42:11.5050000-06:00","2026-02-28T23:42:11.5050000Z","GroundBall","v3","4806","471388","509f340b254c4b3a96c253b40ff1333c","Gustafson, Evan","1000308757","Right","NOR_BIS","7c687556-e8d6-4bc1-8fa4-eb88b8b522e9","54.81456","-127.79851","13.48158","5.87374","-2.99475","-10.54659","0.87544","-3.38386","3.12872","180.0","3.47965","78.9286",,,,,,,,"2.77403","-47.95874",,,,,,,,"0.03498","89.54014",,,,,,,,,,,,,,,,,,,,,,,,,,,,,,"High","High","High","High","High","","","",,,,,,,,,,,,,,,,,,,,,,,,,,,,,,,,"74.38284","16.77463","25.98899","2026","02","28"
"16","2/28/2026","42:52.2","2","1","Walker, Jonah","807939","Left","NOR_BIS","Serna, Mateo","806219","Right","MIZ_TIG","Undefined","4","Bottom","0","0","0","Curveball","Curveball","BallCalled","Undefined","Undefined","Undefined","0","0","","77.47651","-0.93718","0.920503","2431.351635","340.034158","5:15","5.57478","-1.14365","5.52129","-51.34656","-4.18036","2.04591","0.41949","-0.11245","71.65302","-10.249391","1.286454","0.494296",,,,,,,,,,,,"-0.78512","-1.50051","1.06211","50.0","5.45836","-1.88446","-112.5495","-3.53533","-1.00576","20.6763","-34.09622","MIZ_TIG","NOR_BIS","TaylorStadium","D1","SEC","20260228-TaylorStadium-3","32df3160-14ff-11f1-9d47-ad81a36dfdfe","76.25486",,,"5.8235",,,,,,,"bef09457-2091-4c2d-8883-3b9e5841a581","2/28/2026","42:52.2","2026-02-28T17:42:52.1550000-06:00","2026-02-28T23:42:52.1550000Z","","v3","4806","471388","509f340b254c4b3a96c253b40ff1333c","Gustafson, Evan","1000308757","Right","NOR_BIS","93673905-2dc4-4db0-8050-7fb208189fa8","54.98063","-113.4608","10.33815","5.58106","-2.03256","-17.04811","1.14419","-1.84013","-0.50288",,,,,,,,,,,,,,,,,,,,,,,,,,,,,,,,,,,,,,,,,,,,,,,,,,,"High","High","High","","","","","",,,,,,,,,,,,,,,,,,,,,,,,,,,,,,,,,,,"2026","02","28"
"17","2/28/2026","43:15.1","2","2","Walker, Jonah","807939","Left","NOR_BIS","Serna, Mateo","806219","Right","MIZ_TIG","Undefined","4","Bottom","0","1","0","Fastball","Cutter","BallCalled","Undefined","Undefined","Undefined","0","0","","86.70485","-0.293713","2.666734","2222.994462","154.030867","11:15","5.82245","-0.78262","5.73248","-26.6336","10.77894","-4.67654","3.32916","1.31291","79.30749","-5.246681","1.831039","0.44023",,,,,,,,,,,,"3.1002","5.93114","0.56307","50.0","5.78169","-5.6601","-125.79731","-1.53306","4.97176","25.3309","-22.66224","MIZ_TIG","NOR_BIS","TaylorStadium","D1","SEC","20260228-TaylorStadium-3","40a13a00-14ff-11f1-9d47-ad81a36dfdfe","85.61979",,,"7.39736",,,,,,,"bef09457-2091-4c2d-8883-3b9e5841a581","2/28/2026","43:15.1","2026-02-28T17:43:15.1480000-06:00","2026-02-28T23:43:15.1480000Z","","v3","4806","471388","509f340b254c4b3a96c253b40ff1333c","Gustafson, Evan","1000308757","Right","NOR_BIS","08f3db58-fbfb-41d4-8b57-41eb018bb17a","54.76478","-126.75313","12.66545","5.82341","-0.67794","-11.33112","0.78019","-5.8477","2.48588",,,,,,,,,,,,,,,,,,,,,,,,,,,,,,,,,,,,,,,,,,,,,,,,,,,"High","High","High","","","","","",,,,,,,,,,,,,,,,,,,,,,,,,,,,,,,,,,,"2026","02","28"
"18","2/28/2026","43:36.7","2","3","Walker, Jonah","807939","Left","NOR_BIS","Serna, Mateo","806219","Right","MIZ_TIG","Undefined","4","Bottom","0","2","0","ChangeUp","Sinker","StrikeCalled","Undefined","Undefined","Undefined","0","0","","85.18137","-0.356275","1.243073","2137.500493","152.724396","11:00","5.8293","-0.92037","5.59443","-25.72025","13.32702","-6.21378","3.35322","-0.27737","77.63994","-5.153742","0.133989","0.449746",,,,,,,,,,,,"3.4791","7.23032","0.81779","50.0","5.78225","-2.41652","-123.60867","-1.60928","5.36719","25.30427","-21.01989","MIZ_TIG","NOR_BIS","TaylorStadium","D1","SEC","20260228-TaylorStadium-3","4d7427b0-14ff-11f1-9d47-ad81a36dfdfe","83.80837",,,"7.54143",,,,,,,"bef09457-2091-4c2d-8883-3b9e5841a581","2/28/2026","43:36.7","2026-02-28T17:43:36.6660000-06:00","2026-02-28T23:43:36.6660000Z","","v3","4806","471388","509f340b254c4b3a96c253b40ff1333c","Gustafson, Evan","1000308757","Right","NOR_BIS","52139a17-a5cf-4d24-9e1f-812f4bf3eaea","54.902","-124.60813","12.65214","5.82941","-0.77905","-10.50994","0.91743","-2.62851","2.68359",,,,,,,,,,,,,,,,,,,,,,,,,,,,,,,,,,,,,,,,,,,,,,,,,,,"High","High","High","","","","","",,,,,,,,,,,,,,,,,,,,,,,,,,,,,,,,,,,"2026","02","28"
"19","2/28/2026","43:58.5","2","4","Walker, Jonah","807939","Left","NOR_BIS","Serna, Mateo","806219","Right","MIZ_TIG","Undefined","4","Bottom","0","2","1","ChangeUp","Slider","BallCalled","Undefined","Undefined","Undefined","0","0","","85.33383","0.363229","-0.10063","2168.198464","141.466238","10:45","5.75801","-1.11438","5.51855","-31.13565","7.88331","-5.26957","3.503","-1.6476","77.78936","-5.392789","-1.040207","0.449582",,,,,,,,,,,,"2.61449","4.27075","1.12668","50.0","5.76903","0.4448","-123.85082","-0.29985","4.0466","25.54877","-25.56391","MIZ_TIG","NOR_BIS","TaylorStadium","D1","SEC","20260228-TaylorStadium-3","5a56a5c0-14ff-11f1-9d47-ad81a36dfdfe","83.83881",,,"7.54447",,,,,,,"bef09457-2091-4c2d-8883-3b9e5841a581","2/28/2026","43:58.5","2026-02-28T17:43:58.4690000-06:00","2026-02-28T23:43:58.4690000Z","","v3","4806","471388","509f340b254c4b3a96c253b40ff1333c","Gustafson, Evan","1000308757","Right","NOR_BIS","a4182c96-47e9-4779-9960-16a5f35d07c0","54.9784","-124.87358","12.77439","5.76055","0.72351","-12.78196","1.11212","0.28281","2.0233",,,,,,,,,,,,,,,,,,,,,,,,,,,,,,,,,,,,,,,,,,,,,,,,,,,"High","High","High","","","","","",,,,,,,,,,,,,,,,,,,,,,,,,,,,,,,,,,,"2026","02","28"
"20","2/28/2026","44:21.4","2","5","Walker, Jonah","807939","Left","NOR_BIS","Serna, Mateo","806219","Right","MIZ_TIG","Undefined","4","Bottom","0","3","1","Fastball","Cutter","StrikeCalled","Undefined","Undefined","Undefined","0","0","","85.64931","0.102273","0.991285","2201.468828","149.905262","11:00","5.76587","-1.0024","5.5401","-31.29372","7.43843","-3.57603","3.25366","-0.37383","78.05136","-5.681543","0.353436","0.447927",,,,,,,,,,,,"2.0865","4.11949","0.91886","50.0","5.75417","-1.99695","-124.29427","-0.87092","3.25013","25.90764","-25.75717","MIZ_TIG","NOR_BIS","TaylorStadium","D1","SEC","20260228-TaylorStadium-3","681a3500-14ff-11f1-9d47-ad81a36dfdfe","84.14864",,,"7.59795",,,,,,,"bef09457-2091-4c2d-8883-3b9e5841a581","2/28/2026","44:21.4","2026-02-28T17:44:21.4320000-06:00","2026-02-28T23:44:21.4320000Z","","v3","4806","471388","509f340b254c4b3a96c253b40ff1333c","Gustafson, Evan","1000308757","Right","NOR_BIS","4fb90899-4e0c-432b-955b-3cdc4e6dee7f","54.95713","-125.32327","12.95382","5.76845","0.1521","-12.87859","1.00073","-2.12604","1.62507",,,,,,,,,,,,,,,,,,,,,,,,,,,,,,,,,,,,,,,,,,,,,,,,,,,"High","High","High","","","","","",,,,,,,,,,,,,,,,,,,,,,,,,,,,,,,,,,,"2026","02","28"
"21","2/28/2026","44:42.3","2","6","Walker, Jonah","807939","Left","NOR_BIS","Serna, Mateo","806219","Right","MIZ_TIG","Undefined","4","Bottom","0","3","2","Curveball","Curveball","BallCalled","Walk","Undefined","Undefined","0","0","","75.95441","2.584106","0.079214","2375.050485","351.130913","5:45","5.57636","-0.91154","5.42276","-54.01322","-5.11792","1.01453","3.49738","-0.75279","70.22489","-7.237738","0.259803","0.503275",,,,,,,,,,,,"-0.48961","-2.7824","0.90378","50.0","5.76801","-0.19115","-110.33095","3.17899","-0.60877","18.01951","-35.63377","MIZ_TIG","NOR_BIS","TaylorStadium","D1","SEC","20260228-TaylorStadium-3","748d0150-14ff-11f1-9d47-ad81a36dfdfe","74.89438",,,"5.72952",,,,,,,"bef09457-2091-4c2d-8883-3b9e5841a581","2/28/2026","44:42.3","2026-02-28T17:44:42.3420000-06:00","2026-02-28T23:44:42.3420000Z","","v3","4806","471388","509f340b254c4b3a96c253b40ff1333c","Gustafson, Evan","1000308757","Right","NOR_BIS","9649c45d-d21d-4c24-9ce4-5d537d2a5310","55.07913","-111.15738","9.00976","5.58473","4.81328","-17.81689","0.91191","-0.16323","-0.30438",,,,,,,,,,,,,,,,,,,,,,,,,,,,,,,,,,,,,,,,,,,,,,,,,,,"High","High","High","","","","","",,,,,,,,,,,,,,,,,,,,,,,,,,,,,,,,,,,"2026","02","28"
"22","2/28/2026","47:16.3","3","1","Walker, Jonah","807939","Left","NOR_BIS","Ward, Blaize","1000263242","Left","MIZ_TIG","Undefined","4","Bottom","0","0","0","Curveball","Curveball","BallCalled","Undefined","Undefined","Undefined","0","0","","76.87146","0.091423","0.018461","2357.18751","335.552492","5:15","5.63101","-1.18766","5.40386","-56.90767","-8.72725","4.64933","0.97437","-0.78292","70.93503","-10.210607","0.848384","0.499582",,,,,,,,,,,,"-2.34414","-4.01205","1.18262","50.0","5.59891","-0.2131","-111.67762","-1.748","-2.95096","20.71427","-37.22469","MIZ_TIG","NOR_BIS","TaylorStadium","D1","SEC","20260228-TaylorStadium-3","d051e500-14ff-11f1-9d47-ad81a36dfdfe","75.44795",,,"5.93643",,,,,,,"bef09457-2091-4c2d-8883-3b9e5841a581","2/28/2026","47:16.3","2026-02-28T17:47:16.3270000-06:00","2026-02-28T23:47:16.3270000Z","","v3","4806","471388","509f340b254c4b3a96c253b40ff1333c","Gustafson, Evan","1000308757","Right","NOR_BIS","fc7ef41b-c5a2-45bd-9614-fabad2656d54","55.09844","-112.61931","10.35713","5.63991","-0.05571","-18.61235","1.18926","-0.07895","-1.47548",,,,,,,,,,,,,,,,,,,,,,,,,,,,,,,,,,,,,,,,,,,,,,,,,,,"High","High","High","","","","","",,,,,,,,,,,,,,,,,,,,,,,,,,,,,,,,,,,"2026","02","28"
"23","2/28/2026","47:37.1","3","2","Walker, Jonah","807939","Left","NOR_BIS","Ward, Blaize","1000263242","Left","MIZ_TIG","Undefined","4","Bottom","0","2","0","Fastball","Slider","BallCalled","Undefined","Undefined","Undefined","0","0","","86.51351","0.366844","1.577639","2198.3684","163.033673","11:30","5.83631","-1.05137","5.88472","-30.82238","6.36721","-1.60071","3.60856","0.28062","79.42622","-5.345507","1.290439","0.438917",,,,,,,,,,,,"1.23898","3.51784","0.92498","50.0","5.84817","-3.39594","-125.69566","-0.23256","1.98938","24.6113","-26.5256","MIZ_TIG","NOR_BIS","TaylorStadium","D1","SEC","20260228-TaylorStadium-3","dcb520f0-14ff-11f1-9d47-ad81a36dfdfe","85.87606",,,"7.08729",,,,,,,"bef09457-2091-4c2d-8883-3b9e5841a581","2/28/2026","47:37.1","2026-02-28T17:47:37.1160000-06:00","2026-02-28T23:47:37.1160000Z","","v3","4806","471388","509f340b254c4b3a96c253b40ff1333c","Gustafson, Evan","1000308757","Right","NOR_BIS","7fcc176f-5deb-483a-9031-01b7d8148590","54.61393","-126.59585","12.30565","5.83893","0.73764","-13.2628","1.05052","-3.4687","0.99469",,,,,,,,,,,,,,,,,,,,,,,,,,,,,,,,,,,,,,,,,,,,,,,,,,,"High","High","High","","","","","",,,,,,,,,,,,,,,,,,,,,,,,,,,,,,,,,,,"2026","02","28"
"24","2/28/2026","48:06.6","3","3","Walker, Jonah","807939","Left","NOR_BIS","Ward, Blaize","1000263242","Left","MIZ_TIG","Undefined","4","Bottom","0","3","0","Fastball","Four-Seam","InPlay","Undefined","Bunt","Sacrifice","1","0","","88.47897","-1.486691","1.056843","2281.240301","157.510399","11:15","5.89929","-0.93425","5.78186","-23.40281","12.55453","-4.70922","2.56528","-0.34327","80.71373","-5.861467","0.212973","0.431584","27.13084","-43.869639","17.782836",,,,,"5.08417","4.93493","21.119546","0.081901","2.7311","7.18981","0.85004","50.0","5.76264","-2.17386","-128.44529","-4.10132","4.54185","27.73736","-20.21745","MIZ_TIG","NOR_BIS","TaylorStadium","D1","SEC","20260228-TaylorStadium-3","ee43e900-14ff-11f1-9d47-ad81a36dfdfe","87.33514","2.30968",,"7.76524",,,,"2.45479","2.30968","1.0981","bef09457-2091-4c2d-8883-3b9e5841a581","2/28/2026","48:06.6","2026-02-28T17:48:06.5970000-06:00","2026-02-28T23:48:06.5970000Z","GroundBall","v3","4806","471388","509f340b254c4b3a96c253b40ff1333c","Gustafson, Evan","1000308757","Right","NOR_BIS","b0f6902a-10eb-430f-ae9d-6ef5651fb36a","54.71756","-129.46002","13.86868","5.89915","-3.3617","-10.10872","0.93261","-2.34002","2.27092","180.0","2.44663","27.93462",,,,,,,,"2.31791","-28.20101",,,,,,,,"1.09549","8.9596",,,,,,,,,,,,,,,,,,,,,,,,,,,,,,"High","High","High","Medium","High","","","",,,,,,,,,,,,,,,,,,,,,,,,,,,,,,,,,,,"2026","02","28"
"25","2/28/2026","49:47.6","4","1","Walker, Jonah","807939","Left","NOR_BIS","George, Jamal","805322","Right","MIZ_TIG","Undefined","4","Bottom","1","0","0","Curveball","Curveball","StrikeCalled","Undefined","Undefined","Undefined","0","0","","75.41715","1.743663","0.127624","2393.756912","309.96009","4:15","5.58373","-1.11868","5.58048","-56.27401","-6.73489","9.80599","2.52319","-0.18233","69.58553","-8.510067","1.880193","0.506577",,,,,,,,,,,,"-4.92071","-3.40811","1.10119","50.0","5.69684","-0.60861","-109.58595","1.50828","-5.9948","19.03291","-36.32606","MIZ_TIG","NOR_BIS","TaylorStadium","D1","SEC","20260228-TaylorStadium-3","2a872800-1500-11f1-9d47-ad81a36dfdfe","74.4061",,,"5.83162",,,,,,,"bef09457-2091-4c2d-8883-3b9e5841a581","2/28/2026","49:47.6","2026-02-28T17:49:47.6200000-06:00","2026-02-28T23:49:47.6200000Z","","v3","4806","471388","509f340b254c4b3a96c253b40ff1333c","Gustafson, Evan","1000308757","Right","NOR_BIS","dda53b53-7fcc-401e-a0b0-e5f85ee59782","54.92165","-110.43743","9.51646","5.59302","3.13341","-18.16303","1.12242","-0.34042","-2.9974",,,,,,,,,,,,,,,,,,,,,,,,,,,,,,,,,,,,,,,,,,,,,,,,,,,"High","High","High","","","","","",,,,,,,,,,,,,,,,,,,,,,,,,,,,,,,,,,,"2026","02","28"
"26","2/28/2026","50:04.6","4","2","Walker, Jonah","807939","Left","NOR_BIS","George, Jamal","805322","Right","MIZ_TIG","Undefined","4","Bottom","1","0","1","Curveball","Curveball","StrikeSwinging","Undefined","Undefined","Undefined","0","0","","74.21705","1.461495","-0.690328","2341.952802","310.34421","4:15","5.56268","-1.13501","5.62386","-56.7383","-5.28185","8.18174","2.1987","-1.09742","68.02031","-8.909427","0.773472","0.516287",,,,,,,,,,,,"-4.33166","-2.55571","1.18856","50.0","5.65107","0.99651","-107.75328","0.94974","-5.06241","19.76531","-35.16093","MIZ_TIG","NOR_BIS","TaylorStadium","D1","SEC","20260228-TaylorStadium-3","34ac81e0-1500-11f1-9d47-ad81a36dfdfe","73.00674",,,"6.19674",,,,,,,"bef09457-2091-4c2d-8883-3b9e5841a581","2/28/2026","50:04.6","2026-02-28T17:50:04.6410000-06:00","2026-02-28T23:50:04.6410000Z","","v3","4806","471388","509f340b254c4b3a96c253b40ff1333c","Gustafson, Evan","1000308757","Right","NOR_BIS","c1948dbf-f0ac-4db1-a424-5121a015c1a6","54.87648","-108.64409","9.88265","5.57256","2.53443","-17.58046","1.13851","1.22467","-2.53121",,,,,,,,,,,,,,,,,,,,,,,,,,,,,,,,,,,,,,,,,,,,,,,,,,,"High","High","High","","","","","",,,,,,,,,,,,,,,,,,,,,,,,,,,,,,,,,,,"2026","02","28"
"27","2/28/2026","50:23.2","4","3","Walker, Jonah","807939","Left","NOR_BIS","George, Jamal","805322","Right","MIZ_TIG","Undefined","4","Bottom","1","0","2","Curveball","Curveball","InPlay","Undefined","GroundBall","Single","0","1","","75.86826","0.89711","0.593125","2294.693218","348.756531","5:45","5.64111","-0.91087","5.62474","-54.96038","-6.20729","1.51803","1.89833","-0.23088","70.24662","-9.109163","0.864828","0.502542","86.65546","-8.896263","-32.033878",,,,,"16.59296","16.48932","-26.134045","0.120862","-0.61756","-3.04055","0.85931","50.0","5.68164","-1.19672","-110.30368","-0.03303","-0.76353","18.97377","-35.93327","MIZ_TIG","NOR_BIS","TaylorStadium","D1","SEC","20260228-TaylorStadium-3","3fb1b470-1500-11f1-9d47-ad81a36dfdfe","75.00354","2.22062",,"5.62164",,,,"2.21861","2.22062","0.42716","bef09457-2091-4c2d-8883-3b9e5841a581","2/28/2026","50:23.2","2026-02-28T17:50:23.1870000-06:00","2026-02-28T23:50:23.1870000Z","GroundBall","v3","4806","471388","509f340b254c4b3a96c253b40ff1333c","Gustafson, Evan","1000308757","Right","NOR_BIS","73978a86-ac24-4731-8e82-a890bf09ba2c","54.87806","-111.13961","9.48688","5.64822","1.55008","-17.96664","0.91129","-1.16308","-0.38177","209.237082","2.21868","106.43828","-12.76953",,,,,,,"2.22004","-19.59123","10.15692",,,,,,,"0.42671","-66.5525","21.1315",,,,,,,,,,,,,,,,,,,,,,,,,,,,,"High","High","High","Medium","High","","","",,,,,,,,,,,,,,,,,,,,,,,,,,,,,,,,"68.80788","15.95151","-9.09681","2026","02","28"
"28","2/28/2026","51:08.0","5","1","Walker, Jonah","807939","Left","NOR_BIS","Benson, Cameron","813272","Left","MIZ_TIG","Undefined","4","Bottom","1","0","0","Curveball","Curveball","InPlay","Undefined","Bunt","Single","0","1","","74.9718","0.459234","-0.443266","2448.057439","317.585011","4:30","5.63773","-0.94129","5.14017","-58.78881","-7.54874","8.38248","1.17111","-0.66014","69.05953","-10.147142","1.045212","0.515201","31.35367","-20.519728","31.280908",,,,,"6.68669","4.01664","26.979573","0.082878","-4.3465","-3.52823","0.97591","50.0","5.63468","0.52448","-108.85466","-1.11866","-5.19096","19.93896","-36.38776","MIZ_TIG","NOR_BIS","TaylorStadium","D1","SEC","20260228-TaylorStadium-3","5a77cce0-1500-11f1-9d47-ad81a36dfdfe","73.16072","1.3491",,"5.91227",,,,"2.8784","1.3491","1.16196","bef09457-2091-4c2d-8883-3b9e5841a581","2/28/2026","51:08.0","2026-02-28T17:51:08.0000000-06:00","2026-02-28T23:51:08.0000000Z","GroundBall","v3","4806","471388","509f340b254c4b3a96c253b40ff1333c","Gustafson, Evan","1000308757","Right","NOR_BIS","f5f04be2-ea9c-4b8a-bb2e-b4069e0f1172","55.3624","-109.8325","9.96948","5.64578","0.66586","-18.19388","0.94395","0.77906","-2.59548","180.0","2.87356","37.17",,,,,,,,"1.35122","-16.27822",,,,,,,,"1.15902","22.58275",,,,,,,,,,,,,,,,,,,,,,,,,,,,,,"High","High","High","Low","Low","","","",,,,,,,,,,,,,,,,,,,,,,,,,,,,,,,,,,,"2026","02","28"
"29","2/28/2026","51:53.7","6","1","Walker, Jonah","807939","Left","NOR_BIS","Maisonet, Eric","835908","Right","MIZ_TIG","Undefined","4","Bottom","1","0","0","Curveball","Curveball","BallCalled","Undefined","Undefined","Undefined","0","0","","76.30063","-0.340345","0.752884","2533.411394","313.958339","4:30","5.57621","-0.85964","5.71858","-52.92078","-4.96036","6.57248","0.84908","0.38943","70.95862","-9.963858","1.932323","0.49844",,,,,,,,,,,,"-3.16799","-2.05819","0.79253","50.0","5.51466","-1.69449","-110.96523","-2.34103","-3.96978","18.92851","-34.75315","MIZ_TIG","NOR_BIS","TaylorStadium","D1","SEC","20260228-TaylorStadium-3","75ab4d20-1500-11f1-9d47-ad81a36dfdfe","75.62082",,,"5.34202",,,,,,,"bef09457-2091-4c2d-8883-3b9e5841a581","2/28/2026","51:53.7","2026-02-28T17:51:53.7480000-06:00","2026-02-28T23:51:53.7480000Z","","v3","4806","471388","509f340b254c4b3a96c253b40ff1333c","Gustafson, Evan","1000308757","Right","NOR_BIS","8bbabbcd-f9b2-4694-9e19-972f00723e15","54.784","-111.77831","9.46426","5.58316","-0.8482","-17.37658","0.86166","-1.52397","-1.98489",,,,,,,,,,,,,,,,,,,,,,,,,,,,,,,,,,,,,,,,,,,,,,,,,,,"High","High","High","","","","","",,,,,,,,,,,,,,,,,,,,,,,,,,,,,,,,,,,"2026","02","28"
"30","2/28/2026","52:14.2","6","2","Walker, Jonah","807939","Left","NOR_BIS","Maisonet, Eric","835908","Right","MIZ_TIG","Undefined","4","Bottom","1","1","0","Curveball","Curveball","BallCalled","Undefined","Undefined","Undefined","0","0","","75.42333","0.720447","-0.119857","2305.013226","347.293404","5:30","5.67487","-1.0058","5.53591","-57.24999","-7.63036","2.05732","1.57748","-0.94639","69.74764","-9.678857","0.248033","0.506988",,,,,,,,,,,,"-1.07378","-3.59996","1.0148","50.0","5.6991","0.15302","-109.6209","-0.49207","-1.30778","19.21158","-36.55857","MIZ_TIG","NOR_BIS","TaylorStadium","D1","SEC","20260228-TaylorStadium-3","81eef320-1500-11f1-9d47-ad81a36dfdfe","74.34576",,,"5.67569",,,,,,,"bef09457-2091-4c2d-8883-3b9e5841a581","2/28/2026","52:14.1","2026-02-28T17:52:14.1510000-06:00","2026-02-28T23:52:14.1510000Z","","v3","4806","471388","509f340b254c4b3a96c253b40ff1333c","Gustafson, Evan","1000308757","Right","NOR_BIS","00c78395-94b9-450a-a37d-9a17966a479c","54.96623","-110.48783","9.60579","5.68408","1.15764","-18.27929","1.00656","0.21203","-0.65389",,,,,,,,,,,,,,,,,,,,,,,,,,,,,,,,,,,,,,,,,,,,,,,,,,,"High","High","High","","","","","",,,,,,,,,,,,,,,,,,,,,,,,,,,,,,,,,,,"2026","02","28"
"31","2/28/2026","52:36.4","6","3","Walker, Jonah","807939","Left","NOR_BIS","Maisonet, Eric","835908","Right","MIZ_TIG","Undefined","4","Bottom","1","2","0","Fastball","Slider","StrikeCalled","Undefined","Undefined","Undefined","0","0","","85.293","-0.220777","0.880235","2203.423977","167.437155","11:30","5.84962","-0.84113","5.85585","-31.65514","6.8376","-1.25016","3.00654","-0.1274","77.99224","-6.091695","0.655862","0.44654",,,,,,,,,,,,"0.88535","3.94996","0.77038","50.0","5.81338","-1.8517","-123.8731","-1.53141","1.37296","25.19739","-26.04868","MIZ_TIG","NOR_BIS","TaylorStadium","D1","SEC","20260228-TaylorStadium-3","8f21db20-1500-11f1-9d47-ad81a36dfdfe","84.40991",,,"7.30076",,,,,,,"bef09457-2091-4c2d-8883-3b9e5841a581","2/28/2026","52:36.4","2026-02-28T17:52:36.4400000-06:00","2026-02-28T23:52:36.4400000Z","","v3","4806","471388","509f340b254c4b3a96c253b40ff1333c","Gustafson, Evan","1000308757","Right","NOR_BIS","4ada7785-fa4e-461d-9de4-bd1f0753f0d7","54.64163","-124.81369","12.59869","5.85239","-0.55903","-13.02434","0.84046","-1.90296","0.68648",,,,,,,,,,,,,,,,,,,,,,,,,,,,,,,,,,,,,,,,,,,,,,,,,,,"High","High","High","","","","","",,,,,,,,,,,,,,,,,,,,,,,,,,,,,,,,,,,"2026","02","28"
"32","2/28/2026","52:56.6","6","4","Walker, Jonah","807939","Left","NOR_BIS","Maisonet, Eric","835908","Right","MIZ_TIG","Undefined","4","Bottom","1","2","1","Fastball","Slider","FoulBallNotFieldable","Undefined","Undefined","Undefined","0","0","","86.09973","-0.417874","1.668185","2267.28011","170.064776","11:45","5.87814","-0.77638","5.71749","-30.38848","7.48004","-1.10535","2.95633","0.68592","78.98006","-6.034706","1.470431","0.442905",,,,,,,,,,,,"1.02421","4.26292","0.6376","50.0","5.82434","-3.59664","-125.04909","-1.94534","1.62355","24.95963","-25.41664","MIZ_TIG","NOR_BIS","TaylorStadium","D1","SEC","20260228-TaylorStadium-3","9b25e010-1500-11f1-9d47-ad81a36dfdfe","85.10275",,,"7.11967",,,,,,,"bef09457-2091-4c2d-8883-3b9e5841a581","2/28/2026","52:56.6","2026-02-28T17:52:56.6290000-06:00","2026-02-28T23:52:56.6290000Z","","v3","4806","471388","509f340b254c4b3a96c253b40ff1333c","Gustafson, Evan","1000308757","Right","NOR_BIS","1f2f98b5-71c0-42af-ae04-8c4bd82fa520","54.78217","-125.99999","12.47981","5.88001","-0.97703","-12.70832","0.7758","-3.65849","0.81177",,,,,,,,,,,,,,,,,,,,,,,,,,,,,,,,,,,,,,,,,,,,,,,,,,,"High","High","High","","","","","",,,,,,,,,,,,,,,,,,,,,,,,,,,,,,,,,,,"2026","02","28"
"33","2/28/2026","53:22.8","6","5","Walker, Jonah","807939","Left","NOR_BIS","Maisonet, Eric","835908","Right","MIZ_TIG","Undefined","4","Bottom","1","2","2","Curveball","Curveball","InPlay","Undefined","GroundBall","Single","0","0","","77.46351","1.479628","0.014345","2425.826426","331.720079","5:00","5.59836","-1.03848","5.5268","-53.64668","-6.58705","4.30618","2.51136","-0.66622","71.39232","-8.289431","0.783276","0.493737",,,,,,,,,,,,"-2.18291","-3.35886","1.03424","50.0","5.6907","-0.19079","-112.55833","1.11838","-2.80432","20.1691","-36.48903","MIZ_TIG","NOR_BIS","TaylorStadium","D1","SEC","20260228-TaylorStadium-3","aac66cb0-1500-11f1-9d47-ad81a36dfdfe","76.34112",,,"6.07119",,,,,,,"bef09457-2091-4c2d-8883-3b9e5841a581","2/28/2026","53:22.8","2026-02-28T17:53:22.7900000-06:00","2026-02-28T23:53:22.7900000Z","","v3","4806","471388","509f340b254c4b3a96c253b40ff1333c","Gustafson, Evan","1000308757","Right","NOR_BIS","85b34fd1-833f-41b3-96e9-b2f9c933e06f","54.97545","-113.44637","10.08455","5.60609","2.72497","-18.24452","1.03992","-0.06732","-1.40216",,,,,,,,,,,,,,,,,,,,,,,,,,,,,,,,,,,,,,,,,,,,,,,,,,,"High","High","High","","","","","",,,,,,,,,,,,,,,,,,,,,,,,,,,,,,,,,,,"2026","02","28"
"34","2/28/2026","54:03.9","7","1","Walker, Jonah","807939","Left","NOR_BIS","Parker, Sam","806179","Left","MIZ_TIG","Undefined","4","Bottom","1","0","0","Curveball","Curveball","StrikeCalled","Undefined","Undefined","Undefined","0","0","","75.92257","2.1747","0.270863","2351.231994","323.857993","4:45","5.7153","-0.886","5.37813","-56.63751","-7.43953","6.49174","3.03519","-0.0911","70.06153","-8.106973","1.426165","0.50483",,,,,,,,,,,,"-3.18874","-3.87319","0.857","50.0","5.86968","-0.76912","-110.27879","2.28275","-3.94204","18.90036","-36.96224","MIZ_TIG","NOR_BIS","TaylorStadium","D1","SEC","20260228-TaylorStadium-3","c33e7670-1500-11f1-9d47-ad81a36dfdfe","74.66362",,,"5.86103",,,,,,,"bef09457-2091-4c2d-8883-3b9e5841a581","2/28/2026","54:03.9","2026-02-28T17:54:03.8750000-06:00","2026-02-28T23:54:03.8750000Z","","v3","4806","471388","509f340b254c4b3a96c253b40ff1333c","Gustafson, Evan","1000308757","Right","NOR_BIS","edb57e80-54ef-4ffc-a231-d05e7a3cb7ca","55.12425","-111.15356","9.45018","5.72444","3.99347","-18.48112","0.88838","-0.58668","-1.97102",,,,,,,,,,,,,,,,,,,,,,,,,,,,,,,,,,,,,,,,,,,,,,,,,,,"High","High","High","","","","","",,,,,,,,,,,,,,,,,,,,,,,,,,,,,,,,,,,"2026","02","28"
"35","2/28/2026","54:22.5","7","2","Walker, Jonah","807939","Left","NOR_BIS","Parker, Sam","806179","Left","MIZ_TIG","Undefined","4","Bottom","1","0","1","Slider","Slider","BallCalled","Undefined","Undefined","Undefined","0","0","","76.94319","-0.541992","0.448461","2380.369565","270.150097","3:00","5.655","-0.86276","5.44514","-46.4429","1.45504","7.11115","1.27727","0.14972","71.01728","-8.995421","1.717034","0.498115",,,,,,,,,,,,"-3.47823","1.29886","0.81803","50.0","5.57492","-1.14349","-111.76349","-2.57991","-4.40144","20.05809","-30.53044","MIZ_TIG","NOR_BIS","TaylorStadium","D1","SEC","20260228-TaylorStadium-3","ce731d70-1500-11f1-9d47-ad81a36dfdfe","75.67012",,,"5.92591",,,,,,,"bef09457-2091-4c2d-8883-3b9e5841a581","2/28/2026","54:22.5","2026-02-28T17:54:22.4990000-06:00","2026-02-28T23:54:22.4990000Z","","v3","4806","471388","509f340b254c4b3a96c253b40ff1333c","Gustafson, Evan","1000308757","Right","NOR_BIS","ba5d09c5-4b83-492e-9cdd-ea34561a9caf","55.05534","-112.66712","10.02905","5.66016","-1.2045","-15.26522","0.86508","-0.9452","-2.20072",,,,,,,,,,,,,,,,,,,,,,,,,,,,,,,,,,,,,,,,,,,,,,,,,,,"High","High","High","","","","","",,,,,,,,,,,,,,,,,,,,,,,,,,,,,,,,,,,"2026","02","28"
"36","2/28/2026","54:40.7","7","3","Walker, Jonah","807939","Left","NOR_BIS","Parker, Sam","806179","Left","MIZ_TIG","Undefined","4","Bottom","1","1","1","Slider","Slider","BallCalled","Undefined","Undefined","Undefined","0","0","","77.97149","1.849525","-0.258196","2377.864209","251.514995","2:30","5.7287","-0.77128","5.33733","-43.04191","3.6602","6.80122","3.87765","-0.44674","71.69902","-6.018732","0.950095","0.491858",,,,,,,,,,,,"-3.47504","1.7787","0.78952","50.0","5.8647","0.24143","-113.20855","2.2081","-4.53294","19.67504","-29.85388","MIZ_TIG","NOR_BIS","TaylorStadium","D1","SEC","20260228-TaylorStadium-3","d928d070-1500-11f1-9d47-ad81a36dfdfe","76.63276",,,"6.27247",,,,,,,"bef09457-2091-4c2d-8883-3b9e5841a581","2/28/2026","54:40.6","2026-02-28T17:54:40.6530000-06:00","2026-02-28T23:54:40.6530000Z","","v3","4806","471388","509f340b254c4b3a96c253b40ff1333c","Gustafson, Evan","1000308757","Right","NOR_BIS","71ce86f3-bd3e-4d7b-99a0-f4fc71fe4759","55.16215","-114.10218","9.83752","5.73362","3.56405","-14.92694","0.77388","0.44731","-2.26647",,,,,,,,,,,,,,,,,,,,,,,,,,,,,,,,,,,,,,,,,,,,,,,,,,,"High","High","High","","","","","",,,,,,,,,,,,,,,,,,,,,,,,,,,,,,,,,,,"2026","02","28"
"37","2/28/2026","55:01.1","7","4","Walker, Jonah","807939","Left","NOR_BIS","Parker, Sam","806179","Left","MIZ_TIG","Undefined","4","Bottom","1","2","1","Curveball","Curveball","BallCalled","Undefined","Undefined","Undefined","0","0","","76.87762","0.356746","0.495101","2403.618081","322.819087","4:45","5.68846","-0.76984","5.65227","-56.51208","-9.09812","7.94351","1.31186","0.35389","71.36745","-9.90588","1.919049","0.495592",,,,,,,,,,,,"-3.92465","-4.35398","0.72267","50.0","5.68232","-1.25711","-111.80941","-1.14902","-4.98471","19.53373","-37.70404","MIZ_TIG","NOR_BIS","TaylorStadium","D1","SEC","20260228-TaylorStadium-3","e56aefd0-1500-11f1-9d47-ad81a36dfdfe","76.05534",,,"5.51017",,,,,,,"bef09457-2091-4c2d-8883-3b9e5841a581","2/28/2026","55:01.1","2026-02-28T17:55:01.1460000-06:00","2026-02-28T23:55:01.1460000Z","","v3","4806","471388","509f340b254c4b3a96c253b40ff1333c","Gustafson, Evan","1000308757","Right","NOR_BIS","2ffe8992-0b70-465e-bdc3-58730c7ef387","54.85125","-112.65376","9.76687","5.69676","0.48075","-18.85202","0.77236","-1.04165","-2.49236",,,,,,,,,,,,,,,,,,,,,,,,,,,,,,,,,,,,,,,,,,,,,,,,,,,"High","High","High","","","","","",,,,,,,,,,,,,,,,,,,,,,,,,,,,,,,,,,,"2026","02","28"
"38","2/28/2026","55:21.4","7","5","Walker, Jonah","807939","Left","NOR_BIS","Parker, Sam","806179","Left","MIZ_TIG","Undefined","4","Bottom","1","3","1","Fastball","Cutter","BallCalled","Walk","Undefined","Undefined","0","1","","85.85873","0.945135","0.352677","2276.996652","174.296202","11:45","5.89312","-0.68209","5.59638","-26.34738","11.83351","-1.06634","4.58003","-0.44167","78.62588","-3.954703","0.162374","0.444728",,,,,,,,,,,,"0.63283","6.09311","0.65256","50.0","5.95713","-0.72233","-124.69915","1.17588","0.99997","24.24922","-22.54614","MIZ_TIG","NOR_BIS","TaylorStadium","D1","SEC","20260228-TaylorStadium-3","f16f42e0-1500-11f1-9d47-ad81a36dfdfe","84.75392",,,"7.23285",,,,,,,"bef09457-2091-4c2d-8883-3b9e5841a581","2/28/2026","55:21.4","2026-02-28T17:55:21.3830000-06:00","2026-02-28T23:55:21.3830000Z","","v3","4806","471388","509f340b254c4b3a96c253b40ff1333c","Gustafson, Evan","1000308757","Right","NOR_BIS","3c7107da-decf-4dec-9985-fec5fc7418f4","54.90154","-125.6487","12.12461","5.8938","2.05874","-11.27307","0.68161","-0.76148","0.49999",,,,,,,,,,,,,,,,,,,,,,,,,,,,,,,,,,,,,,,,,,,,,,,,,,,"High","High","High","","","","","",,,,,,,,,,,,,,,,,,,,,,,,,,,,,,,,,,,"2026","02","28"
"39","2/28/2026","56:01.0","8","1","Walker, Jonah","807939","Left","NOR_BIS","Patterson, Christopher","1000080435","Right","MIZ_TIG","Undefined","4","Bottom","1","0","0","ChangeUp","Changeup","StrikeSwinging","Undefined","Undefined","Undefined","0","0","","82.28268","-0.872729","1.988416","1671.32556","105.438644","9:30","5.56413","-1.36087","5.83848","-36.26325","5.01236","-13.52276","1.73052","-0.63895","75.68269","-7.555549","-0.438756","0.4624",,,,,,,,,,,,"7.43374","3.21122","1.20665","50.0","5.47174","-3.61608","-119.50685","-3.00768","10.76741","22.69319","-27.52273","MIZ_TIG","NOR_BIS","TaylorStadium","D1","SEC","20260228-TaylorStadium-3","0907c210-1501-11f1-9d47-ad81a36dfdfe","81.51473",,,"6.59999",,,,,,,"bef09457-2091-4c2d-8883-3b9e5841a581","2/28/2026","56:01.0","2026-02-28T17:56:00.9720000-06:00","2026-02-28T23:56:00.9720000Z","","v3","4806","471388","509f340b254c4b3a96c253b40ff1333c","Gustafson, Evan","1000308757","Right","NOR_BIS","840e8d4e-2a5d-44ac-a50d-826582fd372d","54.66096","-120.38867","11.34659","5.56783","-1.9382","-13.76137","1.3553","-4.03449","5.3837",,,,,,,,,,,,,,,,,,,,,,,,,,,,,,,,,,,,,,,,,,,,,,,,,,,"High","High","High","","","","","",,,,,,,,,,,,,,,,,,,,,,,,,,,,,,,,,,,"2026","02","28"
"40","2/28/2026","56:19.1","8","2","Walker, Jonah","807939","Left","NOR_BIS","Patterson, Christopher","1000080435","Right","MIZ_TIG","Undefined","4","Bottom","1","0","1","ChangeUp","Changeup","StrikeSwinging","Undefined","Undefined","Undefined","0","0","","83.13953","-1.220028","1.547172","1886.653266","114.052486","9:45","5.50548","-1.2223","5.94613","-31.79596","9.20764","-17.25166","1.72361","-1.22452","75.06575","-7.159903","-1.555501","0.460874",,,,,,,,,,,,"9.463","5.53685","1.1092","50.0","5.39054","-2.59343","-120.58865","-3.55411","13.66846","27.61979","-24.17653","MIZ_TIG","NOR_BIS","TaylorStadium","D1","SEC","20260228-TaylorStadium-3","13ec2630-1501-11f1-9d47-ad81a36dfdfe","81.78464",,,"8.07379",,,,,,,"bef09457-2091-4c2d-8883-3b9e5841a581","2/28/2026","56:19.1","2026-02-28T17:56:19.1580000-06:00","2026-02-28T23:56:19.1580000Z","","v3","4806","471388","509f340b254c4b3a96c253b40ff1333c","Gustafson, Evan","1000308757","Right","NOR_BIS","9548808b-eb3b-4b66-b6ab-87fe08b9461f","54.55315","-121.62703","13.8099","5.50708","-2.64517","-12.08826","1.21636","-3.10731","6.83423",,,,,,,,,,,,,,,,,,,,,,,,,,,,,,,,,,,,,,,,,,,,,,,,,,,"High","High","High","","","","","",,,,,,,,,,,,,,,,,,,,,,,,,,,,,,,,,,,"2026","02","28"
"41","2/28/2026","56:43.2","8","3","Walker, Jonah","807939","Left","NOR_BIS","Patterson, Christopher","1000080435","Right","MIZ_TIG","Undefined","4","Bottom","1","0","2","ChangeUp","Changeup","StrikeSwinging","Strikeout","Undefined","Undefined","0","0","","82.74812","-0.965962","1.034043","1717.843819","95.781092","9:15","5.48389","-1.43138","5.9828","-38.04282","3.03658","-15.95863","1.41808","-1.80271","75.28749","-8.007753","-1.84054","0.4613",,,,,,,,,,,,"8.46784","2.32453","1.35816","50.0","5.38699","-1.53455","-120.10768","-3.26011","12.21802","25.92259","-28.82003","MIZ_TIG","NOR_BIS","TaylorStadium","D1","SEC","20260228-TaylorStadium-3","222f6cc0-1501-11f1-9d47-ad81a36dfdfe","81.70921",,,"7.46063",,,,,,,"bef09457-2091-4c2d-8883-3b9e5841a581","2/28/2026","56:43.2","2026-02-28T17:56:43.1660000-06:00","2026-02-28T23:56:43.1660000Z","","v3","4806","471388","509f340b254c4b3a96c253b40ff1333c","Gustafson, Evan","1000308757","Right","NOR_BIS","0988458b-6208-42c3-bedc-755f93cee5bb","54.51512","-121.07825","12.96129","5.48885","-2.18106","-14.41001","1.42418","-1.992","6.10901",,,,,,,,,,,,,,,,,,,,,,,,,,,,,,,,,,,,,,,,,,,,,,,,,,,"High","High","High","","","","","",,,,,,,,,,,,,,,,,,,,,,,,,,,,,,,,,,,"2026","02","28"
"42","2/28/2026","57:14.9","9","1","Walker, Jonah","807939","Left","NOR_BIS","Macon, Tyler","823527","Right","MIZ_TIG","Undefined","4","Bottom","2","0","0","ChangeUp","Changeup","FoulBallNotFieldable","Undefined","Undefined","Undefined","0","0","","83.10368","-0.879297","2.800657","1722.844888","106.457725","9:30","5.45255","-1.14874","6.00167","-34.71592","6.20146","-15.97316","1.74379","0.11724","75.14954","-7.345287","-0.072507","0.460389","67.49481","-20.004767","-64.948988",,,,,"6.34949","6.34949","-47.603314","0.054092","9.14378","3.8915","0.93716","50.0","5.36442","-5.27198","-120.47504","-2.94551","13.2208","26.94756","-26.54744","MIZ_TIG","NOR_BIS","TaylorStadium","D1","SEC","20260228-TaylorStadium-3","352b5960-1501-11f1-9d47-ad81a36dfdfe","81.87079","1.83699",,"7.95415",,,,"2.14469","1.83699","-0.11792","bef09457-2091-4c2d-8883-3b9e5841a581","2/28/2026","57:14.9","2026-02-28T17:57:14.9110000-06:00","2026-02-28T23:57:14.9110000Z","GroundBall","v3","4806","471388","509f340b254c4b3a96c253b40ff1333c","Gustafson, Evan","1000308757","Right","NOR_BIS","c4926ba5-97af-4145-8da2-52609d35f679","54.49688","-121.47673","13.47378","5.45556","-1.95869","-13.27372","1.14226","-5.76342","6.6104",,"2.14372","39.49751",,,,,,,,"1.83782","-33.9603",,,,,,,,"-0.11585","-84.50617",,,,,,,,,,,,,,,,,,,,,,,,,,,,,,"High","High","High","Estimated","Estimated","","","",,,,,,,,,,,,,,,,,,,,,,,,,,,,,,,,"79.19792","20.8634","-9.40464","2026","02","28"
"43","2/28/2026","57:39.7","9","2","Walker, Jonah","807939","Left","NOR_BIS","Macon, Tyler","823527","Right","MIZ_TIG","Undefined","4","Bottom","2","0","1","Fastball","Cutter","BallCalled","Undefined","Undefined","Undefined","0","0","","86.48821","0.516103","0.551623","2255.025485","205.230905","12:45","5.85378","-1.00041","5.63719","-29.3245","7.93327","3.25162","3.8916","-0.2148","79.95365","-4.890314","1.132541","0.439319",,,,,,,,,,,,"-1.51508","4.2274","0.95141","50.0","5.87883","-1.347","-125.75618","0.11463","-2.45499","22.67111","-25.3241","MIZ_TIG","NOR_BIS","TaylorStadium","D1","SEC","20260228-TaylorStadium-3","43dccb10-1501-11f1-9d47-ad81a36dfdfe","85.79742",,,"6.53456",,,,,,,"bef09457-2091-4c2d-8883-3b9e5841a581","2/28/2026","57:39.7","2026-02-28T17:57:39.7030000-06:00","2026-02-28T23:57:39.7030000Z","","v3","4806","471388","509f340b254c4b3a96c253b40ff1333c","Gustafson, Evan","1000308757","Right","NOR_BIS","9dd08125-34c3-438c-aaa4-fc7735309914","54.86256","-126.62976","11.33555","5.85561","1.09043","-12.66205","1.00149","-1.2524","-1.22749",,,,,,,,,,,,,,,,,,,,,,,,,,,,,,,,,,,,,,,,,,,,,,,,,,,"High","High","High","","","","","",,,,,,,,,,,,,,,,,,,,,,,,,,,,,,,,,,,"2026","02","28"
"44","2/28/2026","58:02.9","9","3","Walker, Jonah","807939","Left","NOR_BIS","Macon, Tyler","823527","Right","MIZ_TIG","Undefined","4","Bottom","2","1","1","Slider","Curveball","StrikeCalled","Undefined","Undefined","Undefined","0","0","","75.35799","1.452679","-0.550138","2432.625486","292.963915","3:45","5.68309","-0.97453","5.65169","-51.71444","-2.20685","8.75008","2.7288","-0.75848","69.4128","-8.008653","1.01532","0.506416",,,,,,,,,,,,"-4.57701","-1.02587","1.01556","50.0","5.77344","0.72755","-109.48378","1.1334","-5.56485","19.02421","-33.42135","MIZ_TIG","NOR_BIS","TaylorStadium","D1","SEC","20260228-TaylorStadium-3","51ce6f30-1501-11f1-9d47-ad81a36dfdfe","74.42981",,,"5.94519",,,,,,,"bef09457-2091-4c2d-8883-3b9e5841a581","2/28/2026","58:02.9","2026-02-28T17:58:02.9100000-06:00","2026-02-28T23:58:02.9100000Z","","v3","4806","471388","509f340b254c4b3a96c253b40ff1333c","Gustafson, Evan","1000308757","Right","NOR_BIS","b3aefb2f-3201-4acf-a23b-b401b0112149","54.84886","-110.32311","9.51211","5.6909","2.60792","-16.71067","0.97804","0.97306","-2.78243",,,,,,,,,,,,,,,,,,,,,,,,,,,,,,,,,,,,,,,,,,,,,,,,,,,"High","High","High","","","","","",,,,,,,,,,,,,,,,,,,,,,,,,,,,,,,,,,,"2026","02","28"
"45","2/28/2026","58:24.6","9","4","Walker, Jonah","807939","Left","NOR_BIS","Macon, Tyler","823527","Right","MIZ_TIG","Undefined","4","Bottom","2","1","2","Fastball","Slider","FoulBallNotFieldable","Undefined","Undefined","Undefined","0","0","","85.50149","-1.104775","1.775681","2299.529677","210.787895","1:00","5.7919","-0.82811","5.70159","-31.136","6.89977","3.48803","2.16718","1.11768","79.39676","-6.817398","2.399564","0.443882",,,,,,,,,,,,"-1.36126","4.08477","0.67686","50.0","5.67952","-3.99214","-124.30023","-3.45895","-2.15556","22.08421","-25.70583","MIZ_TIG","NOR_BIS","TaylorStadium","D1","SEC","20260228-TaylorStadium-3","5ea1f920-1501-11f1-9d47-ad81a36dfdfe","84.91545",,,"6.10472",,,,,,,"bef09457-2091-4c2d-8883-3b9e5841a581","2/28/2026","58:24.6","2026-02-28T17:58:24.6360000-06:00","2026-02-28T23:58:24.6360000Z","","v3","4806","471388","509f340b254c4b3a96c253b40ff1333c","Gustafson, Evan","1000308757","Right","NOR_BIS","84b184df-88bb-425c-8e37-47283cc0d254","54.79993","-125.15013","11.04211","5.7936","-2.46969","-12.85291","0.8289","-3.90919","-1.07778",,,,,,,,,,,,,,,,,,,,,,,,,,,,,,,,,,,,,,,,,,,,,,,,,,,"High","High","High","","","","","",,,,,,,,,,,,,,,,,,,,,,,,,,,,,,,,,,,"2026","02","28"
"46","2/28/2026","58:49.7","9","5","Walker, Jonah","807939","Left","NOR_BIS","Macon, Tyler","823527","Right","MIZ_TIG","Undefined","4","Bottom","2","1","2","ChangeUp","Changeup","InPlay","Undefined","GroundBall","Out","1","0","","82.80357","-0.937286","1.618613","1785.220594","116.91974","10:00","5.54679","-1.27621","5.91827","-31.14525","9.62619","-16.37154","2.08111","-1.13798","75.78614","-6.727115","-1.323408","0.459568","56.5233","-17.433989","-22.41003",,,,,"8.33399","7.67454","-11.233893","0.090263","8.89182","5.59036","1.15602","50.0","5.45396","-2.76637","-120.2657","-2.94214","12.98508","23.95972","-24.01021","MIZ_TIG","NOR_BIS","TaylorStadium","D1","SEC","20260228-TaylorStadium-3","6db2a1d0-1501-11f1-9d47-ad81a36dfdfe","82.01719","2.25294",,"7.01742",,,,"1.54188","2.25294","1.11147","bef09457-2091-4c2d-8883-3b9e5841a581","2/28/2026","58:49.7","2026-02-28T17:58:49.6960000-06:00","2026-02-28T23:58:49.6960000Z","GroundBall","v3","4806","471388","509f340b254c4b3a96c253b40ff1333c","Gustafson, Evan","1000308757","Right","NOR_BIS","046885c4-f88a-4a39-963a-dabfc0164da3","54.58168","-121.17504","11.97986","5.54833","-2.03088","-12.00511","1.27037","-3.25919","6.49254","180.0","1.53665","73.47921",,,,,,,,"2.25472","-24.95985",,,,,,,,"1.11362","-30.301",,,,,,,,,,,,,,,,,,,,,,,,,,,,,,"High","High","High","High","High","","","",,,,,,,,,,,,,,,,,,,,,,,,,,,,,,,,"66.61373","23.47286","-10.92889","2026","02","28"
"58","2/28/2026","07:38.1","1","1","Gluth, Braden","1000132157","Right","NOR_BIS","Woita, Jase","831805","Left","MIZ_TIG","Undefined","5","Bottom","0","0","0","Sinker","Changeup","StrikeCalled","Undefined","Undefined","Undefined","0","0","","84.64988","1.517515","-4.226267","2044.574282","267.840606","3:00","5.02351","2.05815","6.14415","-37.05852","1.96284","17.1517","3.34177","-0.42507","76.77609","-5.376066","-1.143743","0.449596",,,,,,,,,,,,"-10.03335","1.00079","-1.74396","50.0","5.12075","8.37336","-122.62852","2.05168","-15.17307","25.80608","-30.66062","MIZ_TIG","NOR_BIS","TaylorStadium","D1","SEC","20260228-TaylorStadium-3","a8971eb0-1502-11f1-9d47-ad81a36dfdfe","83.83618",,,"7.87379",,,,,,,"bef09457-2091-4c2d-8883-3b9e5841a581","3/1/2026","07:38.1","2026-02-28T18:07:38.1260000-06:00","2026-03-01T00:07:38.1260000Z","","v3","4806","471388","509f340b254c4b3a96c253b40ff1333c","Gustafson, Evan","1000308757","Right","NOR_BIS","2823ac4c-fe7b-4fdf-87ed-390d998302a2","54.35455","-123.54149","12.90304","5.02898","3.13641","-15.33031","-2.04969","8.91016","-7.58654",,,,,,,,,,,,,,,,,,,,,,,,,,,,,,,,,,,,,,,,,,,,,,,,,,,"High","High","High","","","","","",,,,,,,,,,,,,,,,,,,,,,,,,,,,,,,,,,,"2026","02","28"
"59","2/28/2026","07:51.8","1","2","Gluth, Braden","1000132157","Right","NOR_BIS","Woita, Jase","831805","Left","MIZ_TIG","Undefined","5","Bottom","0","0","1","Sinker","Changeup","BallCalled","Undefined","Undefined","Undefined","0","0","","83.49315","0.600986","-5.399945","2000.8348","257.606272","2:30","5.03904","2.04136","6.17141","-35.34837","4.17587","13.83032","2.65091","-1.80837","77.04387","-5.938895","-2.920328","0.452484","66.67462","-5.969997","169.266477",,,,,"17.29545","17.29545","164.094505","0.167669","-8.45426","2.39311","-1.63818","50.0","5.06679","10.90558","-120.97485","0.16027","-12.66479","21.19796","-28.58908","MIZ_TIG","NOR_BIS","TaylorStadium","D1","SEC","20260228-TaylorStadium-3","b0b4c1b0-1502-11f1-9d47-ad81a36dfdfe","83.30117","2.45099",,"6.44929",,,,"-0.78655","2.45099","1.41317","bef09457-2091-4c2d-8883-3b9e5841a581","3/1/2026","07:51.8","2026-02-28T18:07:51.7940000-06:00","2026-03-01T00:07:51.7940000Z","GroundBall","v3","4806","471388","509f340b254c4b3a96c253b40ff1333c","Gustafson, Evan","1000308757","Right","NOR_BIS","9c7f25d5-516b-4743-b451-356ba8b0370f","54.32916","-121.73107","10.59898","5.04288","1.18016","-14.29454","-2.03529","11.35739","-6.3324",,"-0.78599","-95.60106","6.45632",,,,,,,"2.45118","-10.18604","-26.44653",,,,,,,"1.41299","18.12752","10.23013",,,,,,,,,,,,,,,,,,,,,,,,,,,,,"High","High","High","Low","High","","","",,,,,,,,,,,,,,,,,,,,,,,,,,,,,,,,,,,"2026","02","28"
"60","2/28/2026","08:10.7","1","3","Gluth, Braden","1000132157","Right","NOR_BIS","Woita, Jase","831805","Left","MIZ_TIG","Undefined","5","Bottom","0","1","1","Sinker","Changeup","BallCalled","Undefined","Undefined","Undefined","0","0","","83.26692","1.177152","-2.101917","1991.672234","252.713751","2:30","5.00557","2.07702","6.20283","-34.45616","5.30181","13.11056","3.22169","1.2285","76.25678","-5.245867","0.263789","0.45382",,,,,,,,,,,,"-7.33878","2.81315","-1.92529","50.0","5.0769","3.93875","-120.97931","1.42081","-10.89084","23.30872","-27.99931","MIZ_TIG","NOR_BIS","TaylorStadium","D1","SEC","20260228-TaylorStadium-3","bc14e580-1502-11f1-9d47-ad81a36dfdfe","83.05594",,,"7.01013",,,,,,,"bef09457-2091-4c2d-8883-3b9e5841a581","3/1/2026","08:10.7","2026-02-28T18:08:10.7390000-06:00","2026-03-01T00:08:10.7390000Z","","v3","4806","471388","509f340b254c4b3a96c253b40ff1333c","Gustafson, Evan","1000308757","Right","NOR_BIS","61fad9c9-e600-457d-93e2-1c9ed825bc7f","54.29655","-121.80431","11.65436","5.00907","2.41182","-13.99966","-2.07152","4.32422","-5.44542",,,,,,,,,,,,,,,,,,,,,,,,,,,,,,,,,,,,,,,,,,,,,,,,,,,"High","High","High","","","","","",,,,,,,,,,,,,,,,,,,,,,,,,,,,,,,,,,,"2026","02","28"
"61","2/28/2026","08:27.1","1","4","Gluth, Braden","1000132157","Right","NOR_BIS","Woita, Jase","831805","Left","MIZ_TIG","Undefined","5","Bottom","0","2","1","Sinker","Changeup","StrikeSwinging","Undefined","Undefined","Undefined","0","0","","82.24582","0.316102","-2.691097","1899.039339","271.977061","3:00","5.06303","1.87094","6.09515","-40.67797","0.77953","19.26907","1.9659","0.98576","74.61168","-7.235201","0.781764","0.463418",,,,,,,,,,,,"-10.71103","0.77575","-1.67315","50.0","5.06647","4.85639","-119.32908","-0.64491","-15.25198","25.62902","-31.06944","MIZ_TIG","NOR_BIS","TaylorStadium","D1","SEC","20260228-TaylorStadium-3","c5da1e00-1502-11f1-9d47-ad81a36dfdfe","81.33569",,,"7.63414",,,,,,,"bef09457-2091-4c2d-8883-3b9e5841a581","3/1/2026","08:27.1","2026-02-28T18:08:27.1240000-06:00","2026-03-01T00:08:27.1240000Z","","v3","4806","471388","509f340b254c4b3a96c253b40ff1333c","Gustafson, Evan","1000308757","Right","NOR_BIS","41f9b4fb-0af5-43fc-9f2c-d0a9952f8dee","54.40378","-120.27119","12.81451","5.06919","0.49718","-15.53472","-1.86198","5.41705","-7.62599",,,,,,,,,,,,,,,,,,,,,,,,,,,,,,,,,,,,,,,,,,,,,,,,,,,"High","High","High","","","","","",,,,,,,,,,,,,,,,,,,,,,,,,,,,,,,,,,,"2026","02","28"
"62","2/28/2026","08:44.8","1","5","Gluth, Braden","1000132157","Right","NOR_BIS","Woita, Jase","831805","Left","MIZ_TIG","Undefined","5","Bottom","0","2","2","Sinker","Changeup","BallCalled","Undefined","Undefined","Undefined","0","0","","83.80032","2.77896","-2.333769","2046.147707","260.314334","2:45","5.15387","1.96112","6.03794","-36.18947","3.52965","13.29796","4.71539","0.90716","76.26445","-3.949674","0.055611","0.453598",,,,,,,,,,,,"-7.44343","1.44433","-1.7858","50.0","5.35171","4.42093","-121.54275","4.73053","-11.11475","24.21683","-30.01734","MIZ_TIG","NOR_BIS","TaylorStadium","D1","SEC","20260228-TaylorStadium-3","d0801990-1502-11f1-9d47-ad81a36dfdfe","83.09656",,,"7.53587",,,,,,,"bef09457-2091-4c2d-8883-3b9e5841a581","3/1/2026","08:44.8","2026-02-28T18:08:44.8210000-06:00","2026-03-01T00:08:44.8210000Z","","v3","4806","471388","509f340b254c4b3a96c253b40ff1333c","Gustafson, Evan","1000308757","Right","NOR_BIS","2593b17d-d7df-4b04-97e3-979efd69d9e3","54.46059","-122.42828","12.10842","5.15866","5.82816","-15.00867","-1.95489","4.82736","-5.55738",,,,,,,,,,,,,,,,,,,,,,,,,,,,,,,,,,,,,,,,,,,,,,,,,,,"High","High","High","","","","","",,,,,,,,,,,,,,,,,,,,,,,,,,,,,,,,,,,"2026","02","28"
"63","2/28/2026","09:00.5","1","6","Gluth, Braden","1000132157","Right","NOR_BIS","Woita, Jase","831805","Left","MIZ_TIG","Undefined","5","Bottom","0","3","2","Sinker","Changeup","BallCalled","Walk","Undefined","Undefined","0","0","","83.90335","-0.027528","-5.234639","1936.679838","257.874035","2:30","5.07887","1.92402","6.43801","-34.02844","4.72465","16.71812","2.21777","-1.50664","77.39167","-6.360465","-2.218566","0.448048",,,,,,,,,,,,"-10.04071","2.8402","-1.55821","50.0","5.06165","10.53221","-121.65769","-1.07896","-15.18625","21.81556","-27.8783","MIZ_TIG","NOR_BIS","TaylorStadium","D1","SEC","20260228-TaylorStadium-3","d9b5bc40-1502-11f1-9d47-ad81a36dfdfe","84.12591",,,"6.51168",,,,,,,"bef09457-2091-4c2d-8883-3b9e5841a581","3/1/2026","09:00.5","2026-02-28T18:09:00.5080000-06:00","2026-03-01T00:09:00.5080000Z","","v3","4806","471388","509f340b254c4b3a96c253b40ff1333c","Gustafson, Evan","1000308757","Right","NOR_BIS","1e259b54-9c4a-4e6b-84db-7a83456e65cc","54.0633","-122.38415","10.90778","5.08212","-0.15061","-13.93915","-1.91736","11.03792","-7.59313",,,,,,,,,,,,,,,,,,,,,,,,,,,,,,,,,,,,,,,,,,,,,,,,,,,"High","High","High","","","","","",,,,,,,,,,,,,,,,,,,,,,,,,,,,,,,,,,,"2026","02","28"
"64","2/28/2026","09:37.6","2","1","Gluth, Braden","1000132157","Right","NOR_BIS","Serna, Mateo","806219","Left","MIZ_TIG","Undefined","5","Bottom","0","0","0","Fastball","Changeup","StrikeCalled","Undefined","Undefined","Undefined","0","0","","83.23501","1.256935","-2.569581","1973.817872","255.264681","2:30","5.15948","2.04605","6.12801","-35.50675","4.3724","12.01493","3.36381","0.67046","76.30878","-5.342405","-0.405723","0.454511",,,,,,,,,,,,"-6.85587","2.32228","-1.85539","50.0","5.23742","4.95787","-120.88546","1.53156","-10.17513","22.90818","-28.7274","MIZ_TIG","NOR_BIS","TaylorStadium","D1","SEC","20260228-TaylorStadium-3","efc0bda0-1502-11f1-9d47-ad81a36dfdfe","82.92965",,,"6.92623",,,,,,,"bef09457-2091-4c2d-8883-3b9e5841a581","3/1/2026","09:37.6","2026-02-28T18:09:37.5820000-06:00","2026-03-01T00:09:37.5820000Z","","v3","4806","471388","509f340b254c4b3a96c253b40ff1333c","Gustafson, Evan","1000308757","Right","NOR_BIS","005d0007-5a33-4c9a-a618-f0f6e559c784","54.37111","-121.71098","11.45409","5.16358","2.56678","-14.3637","-2.04066","5.32454","-5.08757",,,,,,,,,,,,,,,,,,,,,,,,,,,,,,,,,,,,,,,,,,,,,,,,,,,"High","High","High","","","","","",,,,,,,,,,,,,,,,,,,,,,,,,,,,,,,,,,,"2026","02","28"
"65","2/28/2026","09:55.0","2","2","Gluth, Braden","1000132157","Right","NOR_BIS","Serna, Mateo","806219","Left","MIZ_TIG","Undefined","5","Bottom","0","0","1","Slider","Slider","BallCalled","Undefined","Undefined","Undefined","0","0","","74.06442","2.009909","0.510821","2129.287738","12.02139","6:30","5.47394","1.57746","5.78295","-49.66625","1.00449","-0.08996","3.20593","2.04524","68.55718","-7.104713","0.494701","0.51233",,,,,,,,,,,,"0.17382","0.48591","-1.61952","50.0","5.60983","-0.95656","-107.64868","2.27186","0.20589","17.01738","-31.59842","MIZ_TIG","NOR_BIS","TaylorStadium","D1","SEC","20260228-TaylorStadium-3","fa35e530-1502-11f1-9d47-ad81a36dfdfe","73.5706",,,"5.50724",,,,,,,"bef09457-2091-4c2d-8883-3b9e5841a581","3/1/2026","09:55.0","2026-02-28T18:09:55.0080000-06:00","2026-03-01T00:09:55.0080000Z","","v3","4806","471388","509f340b254c4b3a96c253b40ff1333c","Gustafson, Evan","1000308757","Right","NOR_BIS","84318e94-af29-44b7-b27d-7e81d5c7a16c","54.71729","-108.39184","8.50869","5.48049","3.65178","-15.79921","-1.57756","-0.96555","0.10294",,,,,,,,,,,,,,,,,,,,,,,,,,,,,,,,,,,,,,,,,,,,,,,,,,,"High","High","High","","","","","",,,,,,,,,,,,,,,,,,,,,,,,,,,,,,,,,,,"2026","02","28"
"66","2/28/2026","10:15.4","2","3","Gluth, Braden","1000132157","Right","NOR_BIS","Serna, Mateo","806219","Left","MIZ_TIG","Undefined","5","Bottom","0","1","1","Sinker","Changeup","FoulBallNotFieldable","Undefined","Undefined","Undefined","0","0","","80.59579","0.473545","-3.714749","1861.563482","271.495897","3:00","5.27682","1.81819","6.19747","-41.57585","1.02358","11.96064","2.25026","-0.61919","73.92384","-7.226486","-1.559396","0.469757","103.39129","19.042981","39.183479","2923.187289","79.62184","30.05558","75.89585","287.21115","196.16102","52.456284","2.931453","-7.28516","0.74909","-1.54449","50.0","5.29141","7.16705","-116.97516","-0.29338","-10.08579","22.23403","-31.13698","MIZ_TIG","NOR_BIS","TaylorStadium","D1","SEC","20260228-TaylorStadium-3","06691070-1503-11f1-9d47-ad81a36dfdfe","80.23815","34.04268",,"6.67195",,,,"2.45332","2.50133","0.58011","bef09457-2091-4c2d-8883-3b9e5841a581","3/1/2026","10:15.4","2026-02-28T18:10:15.3600000-06:00","2026-03-01T00:10:15.3600000Z","LineDrive","v3","4806","471388","509f340b254c4b3a96c253b40ff1333c","Gustafson, Evan","1000308757","Right","NOR_BIS","b3f084b5-3712-4601-8c8f-89cdd9a83b1c","54.30392","-117.79038","11.11701","5.28124","0.84828","-15.56849","-1.81406","7.53685","-5.04289",,"2.4534","111.10477","-29.55936","6.93552","-1.54327","0.25301","-0.02375","-7.3E-4","3.3E-4","2.5013","49.47792","-22.1207","2.56522","-0.48533","0.10486","-0.02281","0.00401","-3.5E-4","0.58013","90.56331","-1.65","-2.49777","1.10757","-0.35497","0.08361","-0.01306","9.3E-4",,,,,,,,,,,,,,,,,,,,,,,"High","High","High","High","Medium","","","",,,,,,,,,,,,,,,,,,,,,,,,,,,,,,,,,,,"2026","02","28"
"67","2/28/2026","10:45.4","2","4","Gluth, Braden","1000132157","Right","NOR_BIS","Serna, Mateo","806219","Left","MIZ_TIG","Undefined","5","Bottom","0","1","2","Slider","Changeup","InPlay","Undefined","LineDrive","Single","0","0","","74.72086","-0.001906","-1.052317","1504.104379","317.06749","4:30","5.83674","1.20653","6.19107","-53.3992","-4.03784","5.1537","1.38505","0.66433","69.10914","-9.826373","-0.119394","0.505667","84.06803","15.100548","14.93666","1135.116738","104.83167","16.50516","33.32097","194.6716","192.84179","21.007604","2.059149","-2.98421","-1.69933","-1.12987","50.0","5.80949","1.82586","-108.68203","-1.5363","-3.56676","19.17427","-34.2051","MIZ_TIG","NOR_BIS","TaylorStadium","D1","SEC","20260228-TaylorStadium-3","1847cd40-1503-11f1-9d47-ad81a36dfdfe","74.53998","16.56158",,"5.61172",,,,"1.97035","1.48798","-0.67563","bef09457-2091-4c2d-8883-3b9e5841a581","3/1/2026","10:45.4","2026-02-28T18:10:45.4100000-06:00","2026-03-01T00:10:45.4100000Z","LineDrive","v3","4806","471388","509f340b254c4b3a96c253b40ff1333c","Gustafson, Evan","1000308757","Right","NOR_BIS","8dcad472-2151-4093-ac88-118c5fade11a","54.31102","-109.43996","9.58714","5.8435","-0.18423","-17.10255","-1.20483","1.96685","-1.78338","250.846475","1.97032","115.02194","-17.53249","2.93709","-0.74665","0.22925","-0.06276","0.00929","-4.0E-4","1.48798","32.12117","-18.46903","1.68007","-0.32653","0.06409","-0.00663","-6.0E-5","7.0E-5","-0.67552","30.67565","2.66429","-0.88152","0.6654","-0.50156","0.20877","-0.04218","0.00312",,,,,,,,,,,,,,,,,,,,,,,"High","High","High","High","High","","","",,,,,,,,,,,,,,,,,,,,,,,,,,,,,,,,"58.90317","18.15198","6.94326","2026","02","28"
"68","2/28/2026","11:27.0","3","1","Gluth, Braden","1000132157","Right","NOR_BIS","Ward, Blaize","1000263242","Left","MIZ_TIG","Undefined","5","Bottom","0","0","0","Fastball","Changeup","InPlay","Undefined","GroundBall","Out","1","0","","84.51274","-0.446539","-3.0464","1969.413553","242.16784","2:00","5.18191","1.87992","6.41318","-30.18439","8.10863","13.12072","2.25541","0.16985","77.5572","-6.100818","-0.670636","0.445381","27.35744","-33.798885","33.392864",,,,,"6.23216","6.23213","16.773724","0.105836","-7.73922","4.70055","-1.66796","50.0","5.13608","6.05903","-122.78965","-1.844","-11.83232","23.99369","-24.98751","MIZ_TIG","NOR_BIS","TaylorStadium","D1","SEC","20260228-TaylorStadium-3","30ffed40-1503-11f1-9d47-ad81a36dfdfe","84.62975","2.4171",,"6.95554",,,,"2.95226","2.4171","-0.18875","bef09457-2091-4c2d-8883-3b9e5841a581","3/1/2026","11:27.0","2026-02-28T18:11:27.0390000-06:00","2026-03-01T00:11:27.0390000Z","GroundBall","v3","4806","471388","509f340b254c4b3a96c253b40ff1333c","Gustafson, Evan","1000308757","Right","NOR_BIS","b701e5b2-101b-4139-a810-d03328ff1780","54.08774","-123.58583","11.99684","5.18351","-1.01484","-12.49376","-1.87553","6.45166","-5.91616",,"2.94126","28.48488",,,,,,,,"2.42592","-22.83841",,,,,,,,"-0.19601","18.77723",,,,,,,,,,,,,,,,,,,,,,,,,,,,,,"High","High","High","Estimated","Estimated","","","",,,,,,,,,,,,,,,,,,,,,,,,,,,,,,,,,,,"2026","02","28"
"69","2/28/2026","12:14.8","4","1","Gluth, Braden","1000132157","Right","NOR_BIS","George, Jamal","805322","Right","MIZ_TIG","Undefined","5","Bottom","1","0","0","Sinker","Curveball","BallCalled","Undefined","Undefined","Undefined","0","0","","75.19373","-0.073661","-1.346676","2102.270853","72.738042","8:30","5.58521","1.53514","5.52955","-50.44542","-0.98512","-7.47059","1.31255","-0.34653","70.23239","-9.222519","-2.680649","0.506174",,,,,,,,,,,,"3.4724","-0.09819","-1.41295","50.0","5.5447","2.84066","-109.35719","-1.75054","4.25527","17.12433","-32.29436","MIZ_TIG","NOR_BIS","TaylorStadium","D1","SEC","20260228-TaylorStadium-3","4d825bb0-1503-11f1-9d47-ad81a36dfdfe","74.46539",,,"4.96134",,,,,,,"bef09457-2091-4c2d-8883-3b9e5841a581","3/1/2026","12:14.8","2026-02-28T18:12:14.7760000-06:00","2026-03-01T00:12:14.7760000Z","","v3","4806","471388","509f340b254c4b3a96c253b40ff1333c","Gustafson, Evan","1000308757","Right","NOR_BIS","af62b950-5a48-463d-a1dc-9bb57686a886","54.97281","-110.13313","8.56217","5.59086","-0.28721","-16.14718","-1.5373","2.64784","2.12763",,,,,,,,,,,,,,,,,,,,,,,,,,,,,,,,,,,,,,,,,,,,,,,,,,,"High","High","High","","","","","",,,,,,,,,,,,,,,,,,,,,,,,,,,,,,,,,,,"2026","02","28"
"70","2/28/2026","12:33.0","4","2","Gluth, Braden","1000132157","Right","NOR_BIS","George, Jamal","805322","Right","MIZ_TIG","Undefined","5","Bottom","1","1","0","Slider","Curveball","InPlay","Undefined","GroundBall","Error","0","1","","73.20251","1.15116","-0.615567","2029.331701","59.595298","8:00","5.66266","1.45745","5.52033","-55.90416","-3.89799","-8.93087","2.0805","0.13765","68.53939","-8.983444","-2.210153","0.519038","93.24893","-7.954382","-23.730818",,,,,"20.96752","20.50205","-21.970897","0.148316","4.41969","-1.91811","-1.39755","50.0","5.72454","1.45474","-106.52724","0.39925","5.15747","15.6405","-34.41235","MIZ_TIG","NOR_BIS","TaylorStadium","D1","SEC","20260228-TaylorStadium-3","585867f0-1503-11f1-9d47-ad81a36dfdfe","72.61985","2.42744",,"4.66312",,,,"1.62762","2.42744","-0.08156","bef09457-2091-4c2d-8883-3b9e5841a581","3/1/2026","12:33.0","2026-02-28T18:12:33.0260000-06:00","2026-03-01T00:12:33.0260000Z","GroundBall","v3","4806","471388","509f340b254c4b3a96c253b40ff1333c","Gustafson, Evan","1000308757","Right","NOR_BIS","778803b1-71eb-4b8d-9fed-a6ba48c60d4e","54.98367","-107.25646","7.82025","5.66853","2.00367","-17.20618","-1.45977","1.21428","2.57873","186.223176","1.62849","123.91891","-25.62871",,,,,,,"2.42565","-18.7658","16.33566",,,,,,,"-0.08216","-54.45626","14.31028",,,,,,,,,,,,,,,,,,,,,,,,,,,,,"High","High","High","Low","High","","","",,,,,,,,,,,,,,,,,,,,,,,,,,,,,,,,"61.227","14.99667","-7.13654","2026","02","28"
"71","2/28/2026","13:16.0","5","1","Gluth, Braden","1000132157","Right","NOR_BIS","Benson, Cameron","813272","Left","MIZ_TIG","Undefined","5","Bottom","1","0","0","Slider","Changeup","BallCalled","Undefined","Undefined","StolenBase","0","0","","73.44627","-0.284254","-2.891125","1203.438813","337.955387","5:15","5.7136","1.43363","5.9134","-55.16767","-3.42898","2.02614","0.85213","-1.08309","68.0419","-10.360138","-2.52692","0.517701",,,,,,,,,,,,"-1.84221","-1.19406","-1.20279","50.0","5.65938","5.31672","-106.65263","-2.16771","-2.12242","18.29969","-33.54972","MIZ_TIG","NOR_BIS","TaylorStadium","D1","SEC","20260228-TaylorStadium-3","720daca0-1503-11f1-9d47-ad81a36dfdfe","72.80734",,,"5.40438",,,,,,,"bef09457-2091-4c2d-8883-3b9e5841a581","3/1/2026","13:16.0","2026-02-28T18:13:15.9680000-06:00","2026-03-01T00:13:15.9680000Z","","v3","4806","471388","509f340b254c4b3a96c253b40ff1333c","Gustafson, Evan","1000308757","Right","NOR_BIS","3e59fae9-127c-40c9-a556-1b018d2cc9d5","54.58778","-107.43693","9.14984","5.72147","-0.72982","-16.77486","-1.43261","5.40768","-1.06121",,,,,,,,,,,,,,,,,,,,,,,,,,,,,,,,,,,,,,,,,,,,,,,,,,,"High","High","High","","","","","",,,,,,,,,,,,,,,,,,,,,,,,,,,,,,,,,,,"2026","02","28"
"72","2/28/2026","13:42.1","5","2","Gluth, Braden","1000132157","Right","NOR_BIS","Benson, Cameron","813272","Left","MIZ_TIG","Undefined","5","Bottom","1","1","0","Slider","Curveball","StrikeCalled","Undefined","Undefined","Undefined","0","0","","73.90072","1.407935","-1.531808","2044.867681","355.725223","5:45","5.60067","1.49107","5.91746","-58.22145","-6.94579","0.64118","2.05624","0.12258","67.89484","-9.271658","-1.416494","0.515379",,,,,,,,,,,,"-0.77654","-3.4589","-1.3687","50.0","5.68059","2.84803","-107.34261","0.87925","-0.90141","19.46391","-36.18924","MIZ_TIG","NOR_BIS","TaylorStadium","D1","SEC","20260228-TaylorStadium-3","819a6320-1503-11f1-9d47-ad81a36dfdfe","73.13535",,,"6.00588",,,,,,,"bef09457-2091-4c2d-8883-3b9e5841a581","3/1/2026","13:42.1","2026-02-28T18:13:42.0740000-06:00","2026-03-01T00:13:42.0740000Z","","v3","4806","471388","509f340b254c4b3a96c253b40ff1333c","Gustafson, Evan","1000308757","Right","NOR_BIS","fc9283ca-daed-4682-9420-115e9f31b268","54.58375","-108.17057","9.73196","5.61045","2.41866","-18.09462","-1.49067","2.88637","-0.45071",,,,,,,,,,,,,,,,,,,,,,,,,,,,,,,,,,,,,,,,,,,,,,,,,,,"High","High","High","","","","","",,,,,,,,,,,,,,,,,,,,,,,,,,,,,,,,,,,"2026","02","28"
"73","2/28/2026","14:01.5","5","3","Gluth, Braden","1000132157","Right","NOR_BIS","Benson, Cameron","813272","Left","MIZ_TIG","Undefined","5","Bottom","1","1","1","Slider","Splitter","BallCalled","Undefined","Undefined","Undefined","0","0","","73.46696","1.561206","0.430457","654.20614","121.103066","10:00","5.87434","1.29336","5.88439","-49.10762","3.15961","-2.27484","3.2322","1.50353","66.81914","-7.529754","0.021909","0.520339",,,,,,,,,,,,"1.2839","1.74252","-1.32684","50.0","5.97266","-0.71859","-106.58597","1.45888","1.46179","20.07611","-30.19008","MIZ_TIG","NOR_BIS","TaylorStadium","D1","SEC","20260228-TaylorStadium-3","8d3286e0-1503-11f1-9d47-ad81a36dfdfe","72.43827",,,"6.64782",,,,,,,"bef09457-2091-4c2d-8883-3b9e5841a581","3/1/2026","14:01.5","2026-02-28T18:14:01.4520000-06:00","2026-03-01T00:14:01.4520000Z","","v3","4806","471388","509f340b254c4b3a96c253b40ff1333c","Gustafson, Evan","1000308757","Right","NOR_BIS","e5205631-4066-44fa-9a80-7635c6e72602","54.61183","-107.45112","10.03805","5.88177","2.75989","-15.09504","-1.29452","-0.78158","0.73089",,,,,,,,,,,,,,,,,,,,,,,,,,,,,,,,,,,,,,,,,,,,,,,,,,,"High","High","High","","","","","",,,,,,,,,,,,,,,,,,,,,,,,,,,,,,,,,,,"2026","02","28"
"74","2/28/2026","14:23.1","5","4","Gluth, Braden","1000132157","Right","NOR_BIS","Benson, Cameron","813272","Left","MIZ_TIG","Undefined","5","Bottom","1","2","1","Fastball","Changeup","BallCalled","Undefined","Undefined","Undefined","0","0","","84.66991","-1.639281","-3.456876","2000.21721","242.722632","2:00","5.29714","1.83766","6.33734","-31.15234","7.44851","11.95292","1.18864","-0.35293","77.31683","-7.45968","-1.295774","0.447167",,,,,,,,,,,,"-7.24099","4.75055","-1.59113","50.0","5.16299","6.96643","-122.80373","-4.45829","-10.99416","25.62152","-24.96114","MIZ_TIG","NOR_BIS","TaylorStadium","D1","SEC","20260228-TaylorStadium-3","9a15c840-1503-11f1-9d47-ad81a36dfdfe","84.29161",,,"7.35308",,,,,,,"bef09457-2091-4c2d-8883-3b9e5841a581","3/1/2026","14:23.1","2026-02-28T18:14:23.1070000-06:00","2026-03-01T00:14:23.1070000Z","","v3","4806","471388","509f340b254c4b3a96c253b40ff1333c","Gustafson, Evan","1000308757","Right","NOR_BIS","30400e18-0333-4aa3-b6d6-67bd61d11186","54.16157","-123.66894","12.81076","5.29931","-3.61537","-12.48057","-1.83265","7.33769","-5.49708",,,,,,,,,,,,,,,,,,,,,,,,,,,,,,,,,,,,,,,,,,,,,,,,,,,"High","High","High","","","","","",,,,,,,,,,,,,,,,,,,,,,,,,,,,,,,,,,,"2026","02","28"
"75","2/28/2026","14:44.5","5","5","Reimers, Easton","1000462253","Right","NOR_BIS","Benson, Cameron","813272","Left","MIZ_TIG","Undefined","5","Bottom","1","3","1","Fastball","Changeup","BallCalled","Walk","Undefined","Undefined","0","0","","83.01572","-0.91574","-4.359226","1894.90469","244.147224","2:15","5.26607","1.81782","6.11971","-32.76411","8.1339","13.73489","1.68659","-1.07555","75.06474","-7.040606","-1.890936","0.46028",,,,,,,,,,,,"-8.44178","4.93673","-1.4902","50.0","5.17894","8.62224","-120.15256","-2.928","-12.16781","26.32353","-25.05835","MIZ_TIG","NOR_BIS","TaylorStadium","D1","SEC","20260228-TaylorStadium-3","a6c8aad0-1503-11f1-9d47-ad81a36dfdfe","81.89017",,,"7.95098",,,,,,,"bef09457-2091-4c2d-8883-3b9e5841a581","3/1/2026","14:44.5","2026-02-28T18:14:44.5190000-06:00","2026-03-01T00:14:44.5190000Z","","v3","4806","471388","509f340b254c4b3a96c253b40ff1333c","Gustafson, Evan","1000308757","Right","NOR_BIS","0d36ddc2-33fd-40c9-bf83-a5e75766f1e8","54.37727","-121.10775","13.16177","5.26869","-2.01871","-12.52917","-1.81108","9.06377","-6.0839",,,,,,,,,,,,,,,,,,,,,,,,,,,,,,,,,,,,,,,,,,,,,,,,,,,"High","High","High","","","","","",,,,,,,,,,,,,,,,,,,,,,,,,,,,,,,,,,,"2026","02","28"
"76","2/28/2026","17:55.6","6","1","Reimers, Easton","1000462253","Right","NOR_BIS","Maisonet, Eric","835908","Left","MIZ_TIG","Undefined","5","Bottom","1","0","0","Fastball","Four-Seam","BallCalled","Undefined","Undefined","Undefined","0","0","","86.78162","-0.699729","0.26812","2120.364363","216.342387","1:15","5.76211","1.49632","5.7769","-21.50548","15.71934","10.7039","3.31886","2.6378","79.37623","-4.740888","2.185176","0.439124",,,,,,,,,,,,"-5.34618","8.55516","-1.52477","50.0","5.69141","-1.04402","-126.04151","-2.20553","-8.60207","25.56661","-18.40868","MIZ_TIG","NOR_BIS","TaylorStadium","D1","SEC","20260228-TaylorStadium-3","18a699a0-1504-11f1-9d47-ad81a36dfdfe","85.83543",,,"7.40539",,,,,,,"bef09457-2091-4c2d-8883-3b9e5841a581","3/1/2026","17:55.6","2026-02-28T18:17:55.6020000-06:00","2026-03-01T00:17:55.6020000Z","","v3","4806","471388","509f340b254c4b3a96c253b40ff1333c","Gustafson, Evan","1000308757","Right","NOR_BIS","46b307f1-a738-4d07-9fd0-49ea36e6da1e","54.72039","-126.9954","12.7833","5.76088","-1.51871","-9.20434","-1.49181","-0.72307","-4.30103",,,,,,,,,,,,,,,,,,,,,,,,,,,,,,,,,,,,,,,,,,,,,,,,,,,"High","High","High","","","","","",,,,,,,,,,,,,,,,,,,,,,,,,,,,,,,,,,,"2026","02","28"
"77","2/28/2026","18:12.7","6","2","Reimers, Easton","1000462253","Right","NOR_BIS","Maisonet, Eric","835908","Left","MIZ_TIG","Undefined","5","Bottom","1","1","0","Fastball","Four-Seam","BallCalled","Undefined","Undefined","Undefined","0","0","","86.68188","-2.288068","-1.299502","2198.419194","225.496855","1:30","5.63125","1.39819","5.93707","-23.36029","13.66717","12.74068","1.56025","1.25416","79.692","-6.649248","0.990741","0.437959",,,,,,,,,,,,"-6.84819","7.97941","-1.30147","50.0","5.4354","2.32982","-125.86299","-5.75925","-11.0231","24.72194","-19.33007","MIZ_TIG","NOR_BIS","TaylorStadium","D1","SEC","20260228-TaylorStadium-3","22c75fa0-1504-11f1-9d47-ad81a36dfdfe","86.06385",,,"6.98988",,,,,,,"bef09457-2091-4c2d-8883-3b9e5841a581","3/1/2026","18:12.7","2026-02-28T18:18:12.7120000-06:00","2026-03-01T00:18:12.7120000Z","","v3","4806","471388","509f340b254c4b3a96c253b40ff1333c","Gustafson, Evan","1000308757","Right","NOR_BIS","f53a9d97-40ed-4470-8b08-d9fcd31bf53b","54.56129","-126.75575","12.36097","5.63077","-5.0612","-9.66503","-1.39279","2.72788","-5.51155",,,,,,,,,,,,,,,,,,,,,,,,,,,,,,,,,,,,,,,,,,,,,,,,,,,"High","High","High","","","","","",,,,,,,,,,,,,,,,,,,,,,,,,,,,,,,,,,,"2026","02","28"
"78","2/28/2026","18:37.0","6","3","Reimers, Easton","1000462253","Right","NOR_BIS","Maisonet, Eric","835908","Left","MIZ_TIG","Undefined","5","Bottom","1","2","0","Fastball","Four-Seam","InPlay","Undefined","FlyBall","Out","1","0","","86.65099","-2.139065","-0.988484","2199.477839","201.910174","12:45","5.69865","1.14589","5.94923","-18.29899","18.88257","7.1102","2.18856","0.82151","79.19867","-5.613555","0.289266","0.438869","80.78089","51.961953","2.801423",,"109.86556","116.77251","5.43485","200.06265","102.14714","3.238037","5.558113","-3.94319","10.67193","-1.07131","50.0","5.51817","1.88452","-125.80007","-5.2188","-6.3089","25.90195","-15.09955","MIZ_TIG","NOR_BIS","TaylorStadium","D1","SEC","20260228-TaylorStadium-3","313efca0-1504-11f1-9d47-ad81a36dfdfe","85.88536","117.75153",,"7.45233",,,,"1.2511","2.25126","-0.82733","bef09457-2091-4c2d-8883-3b9e5841a581","3/1/2026","18:37.0","2026-02-28T18:18:36.9610000-06:00","2026-03-01T00:18:36.9610000Z","FlyBall","v3","4806","471388","509f340b254c4b3a96c253b40ff1333c","Gustafson, Evan","1000308757","Right","NOR_BIS","8f6c31e4-568d-4597-b163-624cb62bbab5","54.54965","-126.73337","12.95098","5.69641","-4.67473","-7.54978","-1.14331","2.11184","-3.15445","180.987917","1.25616","72.81532","-20.28423","5.42298","-0.89167","0.06325","0.00456","-0.00102","4.0E-5","2.25203","93.2881","-21.60239","0.9605","0.35757","-0.23671","0.06368","-0.00836","4.3E-4","-0.8271","3.5638","-0.63733","0.13436","-0.01323","-0.00129","4.9E-4","-4.0E-5","0.0",,,,,,,,,,,,,,,,,,,,,,,"High","High","High","Medium","Low","","","",,,,,,,,,,,,,,,,,,,,,,,,,,,,,,,,"68.8218","20.19892","14.18071","2026","02","28"
"79","2/28/2026","19:22.4","7","1","Reimers, Easton","1000462253","Right","NOR_BIS","Parker, Sam","806179","Left","MIZ_TIG","Undefined","5","Bottom","2","0","0","ChangeUp","Changeup","StrikeCalled","Undefined","Undefined","Undefined","0","0","","81.56377","-0.653073","-2.518624","1718.517695","244.231968","2:15","5.14274","1.57382","6.57582","-32.75982","7.81016","13.75698","1.81358","0.4103","75.4391","-6.781983","-0.017485","0.458431",,,,,,,,,,,,"-7.87945","4.6417","-1.40623","50.0","5.08407","4.743","-118.63879","-2.26511","-11.32355","20.93138","-25.50347","MIZ_TIG","NOR_BIS","TaylorStadium","D1","SEC","20260228-TaylorStadium-3","4c533510-1504-11f1-9d47-ad81a36dfdfe","82.22059",,,"6.12468",,,,,,,"bef09457-2091-4c2d-8883-3b9e5841a581","3/1/2026","19:22.4","2026-02-28T18:19:22.3720000-06:00","2026-03-01T00:19:22.3720000Z","","v3","4806","471388","509f340b254c4b3a96c253b40ff1333c","Gustafson, Evan","1000308757","Right","NOR_BIS","a8ece408-4e0e-4132-a41d-eda326177a82","53.92498","-119.32926","10.46569","5.14491","-1.42382","-12.75174","-1.56886","5.11653","-5.66178",,,,,,,,,,,,,,,,,,,,,,,,,,,,,,,,,,,,,,,,,,,,,,,,,,,"High","High","High","","","","","",,,,,,,,,,,,,,,,,,,,,,,,,,,,,,,,,,,"2026","02","28"
"80","2/28/2026","19:39.1","7","2","Reimers, Easton","1000462253","Right","NOR_BIS","Parker, Sam","806179","Left","MIZ_TIG","Undefined","5","Bottom","2","0","1","Fastball","Four-Seam","BallCalled","Undefined","Undefined","Undefined","0","0","","87.70596","-2.379437","-0.068555","2209.325656","204.016128","12:45","5.72298","1.29895","5.75656","-18.14029","18.32068","7.65142","1.99511","1.87275","80.41246","-5.799843","1.301712","0.434596",,,,,,,,,,,,"-3.91945","10.33788","-1.29799","50.0","5.51464","-0.16932","-127.32031","-5.83518","-6.44525","25.70108","-15.17422","MIZ_TIG","NOR_BIS","TaylorStadium","D1","SEC","20260228-TaylorStadium-3","56592010-1504-11f1-9d47-ad81a36dfdfe","86.72988",,,"7.2935",,,,,,,"bef09457-2091-4c2d-8883-3b9e5841a581","3/1/2026","19:39.1","2026-02-28T18:19:39.1390000-06:00","2026-03-01T00:19:39.1390000Z","","v3","4806","471388","509f340b254c4b3a96c253b40ff1333c","Gustafson, Evan","1000308757","Right","NOR_BIS","c55a83e1-c205-4c36-9d9a-a24e5a893faa","54.74202","-128.27397","12.85054","5.72071","-5.27213","-7.58711","-1.29614","0.06983","-3.22262",,,,,,,,,,,,,,,,,,,,,,,,,,,,,,,,,,,,,,,,,,,,,,,,,,,"High","High","High","","","","","",,,,,,,,,,,,,,,,,,,,,,,,,,,,,,,,,,,"2026","02","28"
"81","2/28/2026","19:58.0","7","3","Reimers, Easton","1000462253","Right","NOR_BIS","Parker, Sam","806179","Left","MIZ_TIG","Undefined","5","Bottom","2","1","1","ChangeUp","Changeup","BallCalled","Undefined","Undefined","Undefined","0","0","","83.34225","-3.286229","-3.496661","1677.444623","240.720211","2:00","5.33756","1.33849","6.31454","-30.1638","9.76347","15.03469","-0.21205","-0.63344","76.35966","-8.904836","-0.777516","0.454785",,,,,,,,,,,,"-8.94146","6.42422","-1.0896","50.0","5.08188","6.83913","-120.76394","-7.82489","-13.13546","24.66658","-22.73656","MIZ_TIG","NOR_BIS","TaylorStadium","D1","SEC","20260228-TaylorStadium-3","618f74c0-1504-11f1-9d47-ad81a36dfdfe","82.87967",,,"6.98259",,,,,,,"bef09457-2091-4c2d-8883-3b9e5841a581","3/1/2026","19:58.0","2026-02-28T18:19:58.0420000-06:00","2026-03-01T00:19:58.0420000Z","","v3","4806","471388","509f340b254c4b3a96c253b40ff1333c","Gustafson, Evan","1000308757","Right","NOR_BIS","c2191b11-dd83-4ac0-ac81-ee573e072e37","54.18633","-121.61601","12.33329","5.33862","-7.03949","-11.36828","-1.33369","7.29287","-6.56773",,,,,,,,,,,,,,,,,,,,,,,,,,,,,,,,,,,,,,,,,,,,,,,,,,,"High","High","High","","","","","",,,,,,,,,,,,,,,,,,,,,,,,,,,,,,,,,,,"2026","02","28"
"82","2/28/2026","20:21.7","7","4","Reimers, Easton","1000462253","Right","NOR_BIS","Parker, Sam","806179","Left","MIZ_TIG","Undefined","5","Bottom","2","2","1","Fastball","Four-Seam","BallCalled","Undefined","Undefined","Undefined","0","0","","87.94437","-1.622273","-0.609291","2238.090589","220.036739","1:15","5.64934","1.03312","5.95753","-21.56698","14.39768","11.15323","2.3472","1.39751","80.62949","-5.671263","1.395972","0.431628",,,,,,,,,,,,"-5.87146","8.17741","-0.99082","50.0","5.50838","0.89478","-127.75382","-4.28516","-9.71794","25.95536","-18.63953","MIZ_TIG","NOR_BIS","TaylorStadium","D1","SEC","20260228-TaylorStadium-3","6fb03f30-1504-11f1-9d47-ad81a36dfdfe","87.32625",,,"7.31489",,,,,,,"bef09457-2091-4c2d-8883-3b9e5841a581","3/1/2026","20:21.7","2026-02-28T18:20:21.7330000-06:00","2026-03-01T00:20:21.7330000Z","","v3","4806","471388","509f340b254c4b3a96c253b40ff1333c","Gustafson, Evan","1000308757","Right","NOR_BIS","ca7c1cf8-4190-44a3-98b4-bc3b4df44ea7","54.54079","-128.67306","12.97768","5.64845","-3.62503","-9.31976","-1.0286","1.23895","-4.85897",,,,,,,,,,,,,,,,,,,,,,,,,,,,,,,,,,,,,,,,,,,,,,,,,,,"High","High","High","","","","","",,,,,,,,,,,,,,,,,,,,,,,,,,,,,,,,,,,"2026","02","28"
"83","2/28/2026","20:43.1","7","5","Reimers, Easton","1000462253","Right","NOR_BIS","Parker, Sam","806179","Left","MIZ_TIG","Undefined","5","Bottom","2","3","1","Fastball","Four-Seam","FoulBallNotFieldable","Undefined","Undefined","Undefined","0","0","","86.7996","-1.825209","-2.616838","2239.573112","204.507648","12:45","5.61278","1.15903","5.94403","-20.16037","16.70879","7.1067","2.23738","-0.67776","79.81755","-5.618037","-1.341628","0.437022","85.72628","19.431764","51.280942","3422.116864","63.23044","27.9315","90.01044","253.31601","151.68381","63.194567","2.823374","-4.38469","9.42906","-0.95469","50.0","5.4559","5.48181","-126.03168","-4.62609","-7.08679","24.44557","-16.93425","MIZ_TIG","NOR_BIS","TaylorStadium","D1","SEC","20260228-TaylorStadium-3","7c832ce0-1504-11f1-9d47-ad81a36dfdfe","86.24844","29.25833",,"6.98205",,,,"4.04876","2.61803","0.62917","bef09457-2091-4c2d-8883-3b9e5841a581","3/1/2026","20:43.2","2026-02-28T18:20:43.1590000-06:00","2026-03-01T00:20:43.1590000Z","LineDrive","v3","4806","471388","509f340b254c4b3a96c253b40ff1333c","Gustafson, Evan","1000308757","Right","NOR_BIS","f8f7cf1e-9c5e-41d6-88bb-49ef24bc1fdb","54.55689","-126.91247","12.22279","5.61159","-4.01593","-8.46713","-1.1568","5.73715","-3.5434",,"4.0488","74.16356","-19.18933","3.90577","-0.73581","0.04284","0.03138","-0.01098","0.00117","2.61801","41.82999","-17.89862","1.39483","-0.27967","0.09329","-0.03102","0.00702","-6.8E-4","0.62919","92.50991","-5.14556","0.15016","0.08673","-0.02467","-0.00115","0.00152","-1.9E-4",,,,,,,,,,,,,,,,,,,,,,,"High","High","High","High","Medium","","","",,,,,,,,,,,,,,,,,,,,,,,,,,,,,,,,,,,"2026","02","28"
"84","2/28/2026","21:12.4","7","6","Reimers, Easton","1000462253","Right","NOR_BIS","Parker, Sam","806179","Left","MIZ_TIG","Undefined","5","Bottom","2","3","2","Fastball","Four-Seam","StrikeCalled","Strikeout","Undefined","Undefined","0","0","","88.08124","-1.891992","-1.242149","2131.884822","212.108386","1:00","5.50453","1.38868","6.03904","-22.20812","13.29918","7.69764","1.90098","0.87984","81.34603","-6.042556","0.143913","0.428874",,,,,,,,,,,,"-4.2863","7.6576","-1.29594","50.0","5.34479","2.46608","-128.02819","-4.92316","-7.17737","24.23759","-19.35141","MIZ_TIG","NOR_BIS","TaylorStadium","D1","SEC","20260228-TaylorStadium-3","8de16f10-1504-11f1-9d47-ad81a36dfdfe","87.8869",,,"6.73521",,,,,,,"bef09457-2091-4c2d-8883-3b9e5841a581","3/1/2026","21:12.4","2026-02-28T18:21:12.4010000-06:00","2026-03-01T00:21:12.4010000Z","","v3","4806","471388","509f340b254c4b3a96c253b40ff1333c","Gustafson, Evan","1000308757","Right","NOR_BIS","e950312d-6aa7-48fe-a656-8cbc68fd581b","54.4608","-128.86991","12.11879","5.50409","-4.25113","-9.67571","-1.38591","2.71533","-3.58869",,,,,,,,,,,,,,,,,,,,,,,,,,,,,,,,,,,,,,,,,,,,,,,,,,,"High","High","High","","","","","",,,,,,,,,,,,,,,,,,,,,,,,,,,,,,,,,,,"2026","02","28"
"122","2/28/2026","51:58.9","1","1","Reimers, Easton","1000462253","Right","NOR_BIS","Patterson, Christopher","1000080435","Left","MIZ_TIG","Undefined","6","Bottom","0","0","0","Slider","Slider","InPlay","Undefined","FlyBall","Out","1","0","","78.75075","0.390623","-1.469704","2157.730767","132.161566","10:30","5.29753","1.48289","5.80779","-40.1951","4.78764","-3.80677","2.31133","-0.2014","72.59624","-7.010761","-2.152007","0.482719","105.07286","20.809312","-7.930812","1655.402883","109.05343","40.13026","-14.39432","355.38436","347.76709","-6.058689","4.345441","1.56528","2.71477","-1.35997","50.0","5.30538","3.07599","-114.44508","-0.4753","2.08335","20.41805","-28.5607","MIZ_TIG","NOR_BIS","TaylorStadium","D1","SEC","20260228-TaylorStadium-3","da824c50-1508-11f1-9d47-ad81a36dfdfe","78.08362","58.41152",,"6.15452",,,,"2.0015","2.40762","0.16739","bef09457-2091-4c2d-8883-3b9e5841a581","3/1/2026","51:58.9","2026-02-28T18:51:58.8620000-06:00","2026-03-01T00:51:58.8620000Z","LineDrive","v3","4806","471388","509f340b254c4b3a96c253b40ff1333c","Gustafson, Evan","1000308757","Right","NOR_BIS","cd078ad9-2d0e-4985-b4d6-e348b91980fd","54.69278","-115.27928","10.20903","5.30096","0.69157","-14.28035","-1.4839","2.99087","1.04168","181.55441","2.00211","142.65376","-29.7671","6.87933","-1.32269","0.1936","-0.01785","6.3E-4","2.0E-5","2.40698","54.77576","-14.21789","0.7801","-0.42584","0.19506","-0.05065","0.00704","-4.0E-4","0.16739","-19.87821","4.52719","-0.88706","0.21562","-0.05266","0.00941","-9.3E-4","4.0E-5",,,,,,,,,,,,,,,,,,,,,,,"High","High","High","High","High","","","",,,,,,,,,,,,,,,,,,,,,,,,,,,,,,,,"75.00737","15.46446","-6.3861","2026","02","28"
"123","2/28/2026","52:38.7","2","1","Reimers, Easton","1000462253","Right","NOR_BIS","Macon, Tyler","823527","Right","MIZ_TIG","Undefined","6","Bottom","1","0","0","FourSeamFastBall","Four-Seam","StrikeCalled","Undefined","Undefined","Undefined","0","0","","87.24266","-2.448747","-2.180105","2270.999442","201.996146","12:45","5.70679","1.10166","5.86041","-17.98934","19.08292","7.19307","1.92967","-0.32529","79.27123","-5.872313","-0.890745","0.438224",,,,,,,,,,,,"-4.30362","10.8443","-0.92887","50.0","5.4975","4.50873","-126.43853","-5.91901","-6.91967","27.40789","-14.73779","MIZ_TIG","NOR_BIS","TaylorStadium","D1","SEC","20260228-TaylorStadium-3","f24a18e0-1508-11f1-9d47-ad81a36dfdfe","86.01182",,,"7.97142",,,,,,,"bef09457-2091-4c2d-8883-3b9e5841a581","3/1/2026","52:38.7","2026-02-28T18:52:38.7010000-06:00","2026-03-01T00:52:38.7010000Z","","v3","4806","471388","509f340b254c4b3a96c253b40ff1333c","Gustafson, Evan","1000308757","Right","NOR_BIS","c9cbf945-a2ea-4ad3-8e97-f5b1492dc38f","54.63593","-127.43949","13.70394","5.70384","-5.38077","-7.36889","-1.09815","4.76144","-3.45984",,,,,,,,,,,,,,,,,,,,,,,,,,,,,,,,,,,,,,,,,,,,,,,,,,,"High","High","High","","","","","",,,,,,,,,,,,,,,,,,,,,,,,,,,,,,,,,,,"2026","02","28"
"124","2/28/2026","52:57.4","2","2","Reimers, Easton","1000462253","Right","NOR_BIS","Macon, Tyler","823527","Right","MIZ_TIG","Undefined","6","Bottom","1","0","1","Fastball","Four-Seam","FoulBallNotFieldable","Undefined","Undefined","Undefined","0","0","","87.21559","-0.934757","-1.526795","2261.41818","204.763654","12:45","5.76592","1.05259","5.9059","-19.92438","16.82111","7.21481","3.23749","0.23625","79.60562","-4.705042","-0.231853","0.436288","73.45756","65.169363","86.359039",,,,,,"42.76365",,,"-4.13603","9.24217","-0.93413","50.0","5.67949","3.07994","-126.64872","-2.66044","-6.70642","26.2767","-17.18825","MIZ_TIG","NOR_BIS","TaylorStadium","D1","SEC","20260228-TaylorStadium-3","fd50f920-1508-11f1-9d47-ad81a36dfdfe","86.39346","82.08883",,"7.60997",,,,"0.90631","3.19528","-0.23424","bef09457-2091-4c2d-8883-3b9e5841a581","3/1/2026","52:57.4","2026-02-28T18:52:57.3650000-06:00","2026-03-01T00:52:57.3650000Z","","v3","4806","471388","509f340b254c4b3a96c253b40ff1333c","Gustafson, Evan","1000308757","Right","NOR_BIS","bc30ec05-c460-4ee7-975c-163e21b4fd60","54.59265","-127.59804","13.13835","5.76438","-2.03947","-8.59412","-1.04977","3.32223","-3.35321",,"0.90633","2.87023","-8.81573","2.57962","0.07594","-0.36911","-0.25009","0.47309","-0.17052","3.19527","97.77788","-26.45376","3.04163","-0.69383","0.27076","-0.13546","0.04006","-0.00375","-0.23424","45.15107","-7.11266","1.51661","-0.14481","-0.0083","-0.12357","0.14656","-0.04831",,,,,,,,,,,,,,,,,,,,,,,"High","High","High","Low","Undefined","","","",,,,,,,,,,,,,,,,,,,,,,,,,,,,,,,,"70.67339","17.44344","-6.3363","2026","02","28"
"125","2/28/2026","53:19.8","2","3","Reimers, Easton","1000462253","Right","NOR_BIS","Macon, Tyler","823527","Right","MIZ_TIG","Undefined","6","Bottom","1","0","2","Fastball","Four-Seam","BallCalled","Undefined","Undefined","Undefined","0","0","","87.01255","0.624885","-3.257702","2218.627629","218.568024","1:15","5.67159","1.22801","6.25457","-21.72643","14.71993","10.82375","4.43826","-0.87737","79.37995","-3.496794","-1.306577","0.434509",,,,,,,,,,,,"-6.47496","7.8013","-0.99082","50.0","5.70722","6.75296","-126.27818","0.76044","-10.45984","25.60798","-19.57162","MIZ_TIG","NOR_BIS","TaylorStadium","D1","SEC","20260228-TaylorStadium-3","0ac249b0-1509-11f1-9d47-ad81a36dfdfe","86.74727",,,"7.63259",,,,,,,"bef09457-2091-4c2d-8883-3b9e5841a581","3/1/2026","53:19.8","2026-02-28T18:53:19.8310000-06:00","2026-03-01T00:53:19.8310000Z","","v3","4806","471388","509f340b254c4b3a96c253b40ff1333c","Gustafson, Evan","1000308757","Right","NOR_BIS","b96105e1-8509-4ba0-855c-582383dd5f7d","54.24301","-127.13571","12.80399","5.67078","1.41583","-9.78581","-1.22282","7.10323","-5.22992",,,,,,,,,,,,,,,,,,,,,,,,,,,,,,,,,,,,,,,,,,,,,,,,,,,"High","High","High","","","","","",,,,,,,,,,,,,,,,,,,,,,,,,,,,,,,,,,,"2026","02","28"
"126","2/28/2026","53:41.5","2","4","Reimers, Easton","1000462253","Right","NOR_BIS","Macon, Tyler","823527","Right","MIZ_TIG","Undefined","6","Bottom","1","1","2","Fastball","Four-Seam","StrikeSwinging","Strikeout","Undefined","Undefined","0","0","","87.51661","-0.75046","-1.29616","2228.12282","206.236706","12:45","5.64086","1.09998","5.85829","-19.40623","17.27221","7.91276","3.32623","0.55494","79.58099","-4.433721","0.122887","0.43589",,,,,,,,,,,,"-4.39032","9.39205","-0.99927","50.0","5.56866","2.53605","-127.02074","-2.23551","-7.1395","27.14408","-16.90078","MIZ_TIG","NOR_BIS","TaylorStadium","D1","SEC","20260228-TaylorStadium-3","17a5d930-1509-11f1-9d47-ad81a36dfdfe","86.47239",,,"7.93562",,,,,,,"bef09457-2091-4c2d-8883-3b9e5841a581","3/1/2026","53:41.5","2026-02-28T18:53:41.4730000-06:00","2026-03-01T00:53:41.4730000Z","","v3","4806","471388","509f340b254c4b3a96c253b40ff1333c","Gustafson, Evan","1000308757","Right","NOR_BIS","3ba30fd1-cbc3-4598-a246-4efa26eee2cf","54.63799","-128.00804","13.57204","5.63879","-1.62079","-8.45039","-1.09623","2.79573","-3.56975",,,,,,,,,,,,,,,,,,,,,,,,,,,,,"58.86807","3.005795","1.881088","1.124707","-2.5995","3.00326","-0.56731","-2.29608","5.46017","5.77276","69.55744","1.5569","55.22287","-2.236","70.78077","-6.23966","5.48539","11.19193","-13.08659","5.79327","46.68987","-2.45856","High","High","High","","","High","High","High",,,,,,,,,,,,,,,,,,,,,,,,,,,,,,,,,,,"2026","02","28"
"127","2/28/2026","54:15.4","3","1","Reimers, Easton","1000462253","Right","NOR_BIS","Woita, Jase","831805","Left","MIZ_TIG","Undefined","6","Bottom","2","0","0","Fastball","Four-Seam","StrikeCalled","Undefined","Undefined","Undefined","0","0","","87.19624","-1.120367","-1.870237","2210.422003","201.923735","12:45","5.51171","1.5738","5.92447","-21.22537","15.33532","5.7228","2.70263","0.31466","80.04015","-5.109607","-0.842953","0.43519",,,,,,,,,,,,"-3.42319","8.5015","-1.42736","50.0","5.40994","3.8995","-126.64854","-3.12676","-5.58379","24.82865","-18.30676","MIZ_TIG","NOR_BIS","TaylorStadium","D1","SEC","20260228-TaylorStadium-3","2be25c20-1509-11f1-9d47-ad81a36dfdfe","86.61152",,,"7.15609",,,,,,,"bef09457-2091-4c2d-8883-3b9e5841a581","3/1/2026","54:15.4","2026-02-28T18:54:15.4250000-06:00","2026-03-01T00:54:15.4250000Z","","v3","4806","471388","509f340b254c4b3a96c253b40ff1333c","Gustafson, Evan","1000308757","Right","NOR_BIS","5bfd49da-5a37-4ac1-85b1-ccf3aaab8a59","54.57381","-127.54206","12.41432","5.51061","-2.46795","-9.15338","-1.57131","4.10045","-2.79189",,,,,,,,,,,,,,,,,,,,,,,,,,,,,,,,,,,,,,,,,,,,,,,,,,,"High","High","High","","","","","",,,,,,,,,,,,,,,,,,,,,,,,,,,,,,,,,,,"2026","02","28"
"128","2/28/2026","54:31.1","3","2","Reimers, Easton","1000462253","Right","NOR_BIS","Woita, Jase","831805","Left","MIZ_TIG","Undefined","6","Bottom","2","0","1","Fastball","Four-Seam","BallCalled","Undefined","Undefined","Undefined","0","0","","87.73383","-1.050573","-0.462708","2316.921663","217.305028","1:15","5.63807","1.20328","5.96962","-20.45379","15.59965","11.04343","2.95943","1.69456","80.47282","-4.904816","1.522775","0.43216",,,,,,,,,,,,"-5.77118","8.62894","-1.17259","50.0","5.5434","0.57137","-127.49653","-2.95504","-9.52797","25.47793","-17.92803","MIZ_TIG","NOR_BIS","TaylorStadium","D1","SEC","20260228-TaylorStadium-3","3547c160-1509-11f1-9d47-ad81a36dfdfe","87.21868",,,"7.261",,,,,,,"bef09457-2091-4c2d-8883-3b9e5841a581","3/1/2026","54:31.1","2026-02-28T18:54:31.1360000-06:00","2026-03-01T00:54:31.1360000Z","","v3","4806","471388","509f340b254c4b3a96c253b40ff1333c","Gustafson, Evan","1000308757","Right","NOR_BIS","e0135016-5a5e-4f78-9416-ce6f4a6d91be","54.52866","-128.39832","12.73896","5.63676","-2.32048","-8.96402","-1.19878","0.90861","-4.76398",,,,,,,,,,,,,,,,,,,,,,,,,,,,,,,,,,,,,,,,,,,,,,,,,,,"High","High","High","","","","","",,,,,,,,,,,,,,,,,,,,,,,,,,,,,,,,,,,"2026","02","28"
"129","2/28/2026","54:50.0","3","3","Reimers, Easton","1000462253","Right","NOR_BIS","Woita, Jase","831805","Left","MIZ_TIG","Undefined","6","Bottom","2","1","1","Fastball","Four-Seam","InPlay","Undefined","FlyBall","Out","1","0","","86.96048","-2.530166","-2.777872","2183.334536","206.906801","1:00","5.52824","1.33877","5.80056","-18.5017","18.74962","8.89036","1.62887","-0.50604","79.38632","-6.031103","-1.187095","0.439281","92.21938","29.082139","-1.281998","4009.451935","109.74171","57.36168","-7.53209","319.14389","307.18964","-9.836169","5.311085","-5.37311","10.68709","-1.11598","50.0","5.30919","5.75539","-126.06204","-6.12368","-8.6234","26.26174","-15.02212","MIZ_TIG","NOR_BIS","TaylorStadium","D1","SEC","20260228-TaylorStadium-3","407c8f70-1509-11f1-9d47-ad81a36dfdfe","85.80487","79.89016",,"7.57416",,,,"2.42029","1.75986","0.49427","bef09457-2091-4c2d-8883-3b9e5841a581","3/1/2026","54:50.0","2026-02-28T18:54:49.9750000-06:00","2026-03-01T00:54:49.9750000Z","FlyBall","v3","4806","471388","509f340b254c4b3a96c253b40ff1333c","Gustafson, Evan","1000308757","Right","NOR_BIS","aabdf698-19a8-4940-b736-c5d0ae14cd53","54.69914","-127.03721","13.13087","5.52622","-5.56587","-7.51106","-1.33564","6.0756","-4.3117","157.380572","2.42517","118.07669","-24.49192","4.7584","-0.60622","0.00154","0.01303","-0.00155","5.0E-5","1.75947","65.74233","-14.81291","0.27665","0.18234","-0.11388","0.03607","-0.00527","2.9E-4","0.49551","-2.66999","-5.69576","1.86996","-0.3819","0.0564","-0.00762","9.4E-4","-6.0E-5",,,,,,,,,,,,,,,,,,,,,,,"High","High","High","High","Medium","","","",,,,,,,,,,,,,,,,,,,,,,,,,,,,,,,,"76.86722","7.27941","10.67187","2026","02","28"
"141","2/28/2026","04:21.2","1","1","Reimers, Easton","1000462253","Right","NOR_BIS","Serna, Mateo","806219","Left","MIZ_TIG","Undefined","7","Bottom","0","0","0","Fastball","Changeup","BallCalled","Undefined","Undefined","Undefined","0","0","","84.80467","-0.780254","-0.815761","2157.927504","213.130584","1:00","5.53299","1.46079","5.79465","-25.05781","13.67635","8.17233","2.71894","1.38296","78.05143","-5.450868","0.648882","0.447938",,,,,,,,,,,,"-4.36508","7.54099","-1.39853","50.0","5.45378","1.42064","-123.23813","-2.46968","-6.75584","23.03137","-20.50288","MIZ_TIG","NOR_BIS","TaylorStadium","D1","SEC","20260228-TaylorStadium-3","950735d0-150a-11f1-9d47-ad81a36dfdfe","84.14647",,,"6.75324",,,,,,,"bef09457-2091-4c2d-8883-3b9e5841a581","3/1/2026","04:21.2","2026-02-28T19:04:21.2020000-06:00","2026-03-01T01:04:21.2020000Z","","v3","4806","471388","509f340b254c4b3a96c253b40ff1333c","Gustafson, Evan","1000308757","Right","NOR_BIS","4df8722a-edee-431b-871b-525177fc7efb","54.70363","-124.11405","11.51568","5.53288","-1.68992","-10.25144","-1.45744","1.67758","-3.37792",,,,,,,,,,,,,,,,,,,,,,,,,,,,,,,,,,,,,,,,,,,,,,,,,,,"High","High","High","","","","","",,,,,,,,,,,,,,,,,,,,,,,,,,,,,,,,,,,"2026","02","28"
"142","2/28/2026","04:37.2","1","2","Reimers, Easton","1000462253","Right","NOR_BIS","Serna, Mateo","806219","Left","MIZ_TIG","Undefined","7","Bottom","0","1","0","Fastball","Four-Seam","BallCalled","Undefined","Undefined","Undefined","0","0","","86.97198","-2.27306","-0.743017","2202.661766","205.302264","12:45","5.6595","1.17582","5.95364","-20.15666","17.19119","7.49056","1.87043","1.11091","78.6286","-6.10324","0.603613","0.43985",,,,,,,,,,,,"-4.0413","9.91193","-1.12075","50.0","5.46752","1.31812","-126.07064","-5.58345","-6.41807","28.79413","-16.43269","MIZ_TIG","NOR_BIS","TaylorStadium","D1","SEC","20260228-TaylorStadium-3","9e7db210-150a-11f1-9d47-ad81a36dfdfe","85.69391",,,"8.34338",,,,,,,"bef09457-2091-4c2d-8883-3b9e5841a581","3/1/2026","04:37.2","2026-02-28T19:04:37.1670000-06:00","2026-03-01T01:04:37.1670000Z","","v3","4806","471388","509f340b254c4b3a96c253b40ff1333c","Gustafson, Evan","1000308757","Right","NOR_BIS","46431acc-2c09-4c76-8238-ae44ba58ddb3","54.54127","-127.10362","14.39706","5.65725","-4.99394","-8.21635","-1.17217","1.54837","-3.20903",,,,,,,,,,,,,,,,,,,,,,,,,,,,,,,,,,,,,,,,,,,,,,,,,,,"High","High","High","","","","","",,,,,,,,,,,,,,,,,,,,,,,,,,,,,,,,,,,"2026","02","28"
"143","2/28/2026","04:54.7","1","3","Reimers, Easton","1000462253","Right","NOR_BIS","Serna, Mateo","806219","Left","MIZ_TIG","Undefined","7","Bottom","0","2","0","Fastball","Cutter","InPlay","Undefined","GroundBall","Out","1","0","","85.28288","-2.18955","-0.731255","2212.012064","189.39862","12:15","5.80732","0.81737","5.92758","-22.97021","15.31217","2.33697","1.86037","0.33357","78.34271","-6.489125","-0.311265","0.445319","73.08804","-46.903133","68.882586",,,,,"2.62323","2.62323","29.980731","0.024025","-1.40929","8.82886","-0.76029","50.0","5.61921","1.48984","-123.86552","-5.43307","-2.19338","24.32996","-18.43314","MIZ_TIG","NOR_BIS","TaylorStadium","D1","SEC","20260228-TaylorStadium-3","a9032d50-150a-11f1-9d47-ad81a36dfdfe","84.64151","1.88536",,"6.94016",,,,"1.63666","1.88536","-0.33477","bef09457-2091-4c2d-8883-3b9e5841a581","3/1/2026","04:54.7","2026-02-28T19:04:54.7480000-06:00","2026-03-01T01:04:54.7480000Z","GroundBall","v3","4806","471388","509f340b254c4b3a96c253b40ff1333c","Gustafson, Evan","1000308757","Right","NOR_BIS","39ec3a0d-a684-4196-876b-1134b34920a3","54.57232","-124.76039","12.16498","5.80657","-4.75509","-9.21657","-0.81657","1.57051","-1.09669",,"1.6364","26.454",,,,,,,,"1.88613","-78.47349",,,,,,,,"-0.33545","68.49514",,,,,,,,,,,,,,,,,,,,,,,,,,,,,,"High","High","High","Estimated","Estimated","","","",,,,,,,,,,,,,,,,,,,,,,,,,,,,,,,,"82.8486","8.94619","-0.00463","2026","02","28"
"144","2/28/2026","05:33.9","2","1","Reimers, Easton","1000462253","Right","NOR_BIS","Ward, Blaize","1000263242","Left","MIZ_TIG","Undefined","7","Bottom","1","0","0","ChangeUp","Changeup","FoulBallNotFieldable","Undefined","Undefined","Undefined","0","0","","80.26548","-0.779945","-1.549789","1604.238366","245.511956","2:15","5.17849","1.53507","6.19235","-35.56561","7.17847","12.88048","1.4943","1.17726","73.89443","-7.388422","0.777644","0.470554",,,,,,,,,,,,"-7.06335","4.35792","-1.42444","50.0","5.10194","2.68225","-116.66546","-2.64644","-9.75546","21.51602","-26.15516","MIZ_TIG","NOR_BIS","TaylorStadium","D1","SEC","20260228-TaylorStadium-3","c04c2cf0-150a-11f1-9d47-ad81a36dfdfe","80.10226",,,"6.37105",,,,,,,"bef09457-2091-4c2d-8883-3b9e5841a581","3/1/2026","05:33.8","2026-02-28T19:05:33.8540000-06:00","2026-03-01T01:05:33.8540000Z","","v3","4806","471388","509f340b254c4b3a96c253b40ff1333c","Gustafson, Evan","1000308757","Right","NOR_BIS","fbc65d71-b7f0-4c20-92c1-682082941233","54.30668","-117.45703","10.75801","5.1816","-1.6842","-13.07758","-1.52972","3.04115","-4.87773",,,,,,,,,,,,,,,,,,,,,,,,,,,,,,,,,,,,,,,,,,,,,,,,,,,"High","High","High","","","","","",,,,,,,,,,,,,,,,,,,,,,,,,,,,,,,,,,,"2026","02","28"
"145","2/28/2026","05:56.4","2","2","Reimers, Easton","1000462253","Right","NOR_BIS","Ward, Blaize","1000263242","Left","MIZ_TIG","Undefined","7","Bottom","1","0","1","ChangeUp","Changeup","BallCalled","Undefined","Undefined","Undefined","0","0","","80.12442","1.407209","-1.923616","1605.452774","265.605259","2:45","5.24391","1.55718","6.33496","-40.55357","2.6741","15.4728","3.16114","1.07473","72.63903","-6.176913","0.876799","0.473208",,,,,,,,,,,,"-8.58237","1.44091","-1.42362","50.0","5.32791","3.33405","-116.3124","1.65517","-11.62205","24.15458","-30.2228","MIZ_TIG","NOR_BIS","TaylorStadium","D1","SEC","20260228-TaylorStadium-3","cdbe19c0-150a-11f1-9d47-ad81a36dfdfe","79.65297",,,"7.48539",,,,,,,"bef09457-2091-4c2d-8883-3b9e5841a581","3/1/2026","05:56.4","2026-02-28T19:05:56.3700000-06:00","2026-03-01T01:05:56.3700000Z","","v3","4806","471388","509f340b254c4b3a96c253b40ff1333c","Gustafson, Evan","1000308757","Right","NOR_BIS","676b652f-7309-477c-882b-6837ad312b1b","54.16305","-117.17375","12.07729","5.24967","2.73291","-15.1114","-1.5499","3.74849","-5.81102",,,,,,,,,,,,,,,,,,,,,,,,,,,,,,,,,,,,,,,,,,,,,,,,,,,"High","High","High","","","","","",,,,,,,,,,,,,,,,,,,,,,,,,,,,,,,,,,,"2026","02","28"
"146","2/28/2026","06:17.9","2","3","Reimers, Easton","1000462253","Right","NOR_BIS","Ward, Blaize","1000263242","Left","MIZ_TIG","Undefined","7","Bottom","1","1","1","ChangeUp","Four-Seam","BallCalled","Undefined","Undefined","Undefined","0","0","","86.59947","-2.412189","-3.374059","2175.467472","215.25765","1:15","5.62129","0.93734","5.98942","-24.77375","12.26768","7.87827","1.31603","-1.53678","79.81029","-7.020508","-1.959862","0.438042",,,,,,,,,,,,"-4.91339","7.28847","-0.67522","50.0","5.41693","7.08472","-125.58591","-6.0795","-7.89621","23.93998","-20.46092","MIZ_TIG","NOR_BIS","TaylorStadium","D1","SEC","20260228-TaylorStadium-3","daa18230-150a-11f1-9d47-ad81a36dfdfe","86.04763",,,"6.78918",,,,,,,"bef09457-2091-4c2d-8883-3b9e5841a581","3/1/2026","06:17.9","2026-02-28T19:06:17.9400000-06:00","2026-03-01T01:06:17.9400000Z","","v3","4806","471388","509f340b254c4b3a96c253b40ff1333c","Gustafson, Evan","1000308757","Right","NOR_BIS","2bf07b1a-cdc3-4f2a-b45b-78b6af2fb5c0","54.50924","-126.44257","11.96999","5.62138","-5.34734","-10.23046","-0.9338","7.36727","-3.9481",,,,,,,,,,,,,,,,,,,,,,,,,,,,,,,,,,,,,,,,,,,,,,,,,,,"High","High","High","","","","","",,,,,,,,,,,,,,,,,,,,,,,,,,,,,,,,,,,"2026","02","28"
"147","2/28/2026","06:38.4","2","4","Reimers, Easton","1000462253","Right","NOR_BIS","Ward, Blaize","1000263242","Left","MIZ_TIG","Undefined","7","Bottom","1","2","1","Fastball","Changeup","BallCalled","Undefined","Undefined","Undefined","0","0","","86.37626","-3.053726","-1.669143","2105.953198","227.8235","1:30","5.55973","1.21073","5.8132","-24.64521","12.99583","13.0091","0.66253","0.74231","79.26422","-7.631569","0.664333","0.441573",,,,,,,,,,,,"-7.11548","7.85815","-1.08177","50.0","5.29462","3.11697","-125.27532","-7.47658","-11.30576","25.34802","-19.68827","MIZ_TIG","NOR_BIS","TaylorStadium","D1","SEC","20260228-TaylorStadium-3","e6c5b950-150a-11f1-9d47-ad81a36dfdfe","85.35953",,,"7.11204",,,,,,,"bef09457-2091-4c2d-8883-3b9e5841a581","3/1/2026","06:38.4","2026-02-28T19:06:38.4180000-06:00","2026-03-01T01:06:38.4180000Z","","v3","4806","471388","509f340b254c4b3a96c253b40ff1333c","Gustafson, Evan","1000308757","Right","NOR_BIS","6214d92d-1e15-4059-9bcb-883a4ecc6c2b","54.68594","-126.21991","12.67401","5.55956","-6.7429","-9.84414","-1.20577","3.53827","-5.65288",,,,,,,,,,,,,,,,,,,,,,,,,,,,,,,,,,,,,,,,,,,,,,,,,,,"High","High","High","","","","","",,,,,,,,,,,,,,,,,,,,,,,,,,,,,,,,,,,"2026","02","28"
"148","2/28/2026","07:00.6","2","5","Reimers, Easton","1000462253","Right","NOR_BIS","Ward, Blaize","1000263242","Left","MIZ_TIG","Undefined","7","Bottom","1","3","1","Fastball","Four-Seam","StrikeCalled","Undefined","Undefined","Undefined","0","0","","86.26826","-1.503675","-2.956393","2216.583091","204.666188","12:45","5.55017","1.10932","6.28057","-19.43178","17.65036","7.55685","2.54275","-0.98828","78.81304","-5.206851","-1.592586","0.438282",,,,,,,,,,,,"-4.72335","9.93481","-0.89438","50.0","5.42939","6.16551","-125.18062","-3.80882","-7.49035","25.412","-16.41935","MIZ_TIG","NOR_BIS","TaylorStadium","D1","SEC","20260228-TaylorStadium-3","f3f87a40-150a-11f1-9d47-ad81a36dfdfe","86.00036",,,"7.45522",,,,,,,"bef09457-2091-4c2d-8883-3b9e5841a581","3/1/2026","07:00.6","2026-02-28T19:07:00.6030000-06:00","2026-03-01T01:07:00.6030000Z","","v3","4806","471388","509f340b254c4b3a96c253b40ff1333c","Gustafson, Evan","1000308757","Right","NOR_BIS","4731a7a9-6cb5-4d88-aa7c-04aa80d993fd","54.21649","-126.03367","12.706","5.548","-3.25764","-8.20968","-1.10557","6.41695","-3.74517",,,,,,,,,,,,,,,,,,,,,,,,,,,,,,,,,,,,,,,,,,,,,,,,,,,"High","High","High","","","","","",,,,,,,,,,,,,,,,,,,,,,,,,,,,,,,,,,,"2026","02","28"
"149","2/28/2026","07:21.6","2","6","Reimers, Easton","1000462253","Right","NOR_BIS","Ward, Blaize","1000263242","Left","MIZ_TIG","Undefined","7","Bottom","1","3","2","Fastball","Four-Seam","FoulBallNotFieldable","Undefined","Undefined","Undefined","0","0","","87.79974","-2.164684","-1.150168","2132.358309","204.692629","12:45","5.66142","0.88947","5.86204","-22.73537","13.36686","5.64559","1.75444","0.29128","80.87179","-6.401226","-0.136885","0.432452","86.33113","-16.214781","54.968625",,,,,"6.62586","6.26345","42.413211","0.048509","-3.21366","7.75185","-0.79962","50.0","5.47254","2.3317","-127.53962","-5.55199","-5.32118","24.9395","-19.33855","MIZ_TIG","NOR_BIS","TaylorStadium","D1","SEC","20260228-TaylorStadium-3","006fb360-150b-11f1-9d47-ad81a36dfdfe","87.15973","1.71778",,"6.92795",,,,"1.50114","1.71778","-0.36786","bef09457-2091-4c2d-8883-3b9e5841a581","3/1/2026","07:21.6","2026-02-28T19:07:21.5790000-06:00","2026-03-01T01:07:21.5790000Z","GroundBall","v3","4806","471388","509f340b254c4b3a96c253b40ff1333c","Gustafson, Evan","1000308757","Right","NOR_BIS","55525840-fcd3-49dd-9c81-cdbd784ed59e","54.6382","-128.44338","12.46975","5.66104","-4.85119","-9.66928","-0.88761","2.52453","-2.66059","180.0","1.5003","69.89906",,,,,,,,"1.7182","-35.41155",,,,,,,,"-0.36906","99.70995",,,,,,,,,,,,,,,,,,,,,,,,,,,,,,"High","High","High","Low","Low","","","",,,,,,,,,,,,,,,,,,,,,,,,,,,,,,,,,,,"2026","02","28"
"150","2/28/2026","07:57.3","2","7","Reimers, Easton","1000462253","Right","NOR_BIS","Ward, Blaize","1000263242","Left","MIZ_TIG","Undefined","7","Bottom","1","3","2","Fastball","Four-Seam","BallCalled","Walk","Undefined","Undefined","0","0","","86.48019","-2.722495","-1.669921","2238.380141","216.129051","1:15","5.44463","1.02775","6.13166","-24.25029","12.54068","8.36142","0.9044","0.18058","79.93656","-7.241106","-0.16142","0.436558",,,,,,,,,,,,"-4.77347","7.52591","-0.90454","50.0","5.22377","3.3396","-125.62005","-6.71721","-7.6858","23.63278","-20.05658","MIZ_TIG","NOR_BIS","TaylorStadium","D1","SEC","20260228-TaylorStadium-3","15c67ff0-150b-11f1-9d47-ad81a36dfdfe","86.34004",,,"6.54363",,,,,,,"bef09457-2091-4c2d-8883-3b9e5841a581","3/1/2026","07:57.3","2026-02-28T19:07:57.3250000-06:00","2026-03-01T01:07:57.3250000Z","","v3","4806","471388","509f340b254c4b3a96c253b40ff1333c","Gustafson, Evan","1000308757","Right","NOR_BIS","975e9e14-4238-4c33-94eb-23b18538e9ca","54.36871","-126.43926","11.81639","5.44456","-6.02196","-10.02829","-1.02492","3.60602","-3.8429",,,,,,,,,,,,,,,,,,,,,,,,,,,,,,,,,,,,,,,,,,,,,,,,,,,"High","High","High","","","","","",,,,,,,,,,,,,,,,,,,,,,,,,,,,,,,,,,,"2026","02","28"
"151","2/28/2026","08:32.2","3","1","Reimers, Easton","1000462253","Right","NOR_BIS","George, Jamal","805322","Right","MIZ_TIG","Undefined","7","Bottom","1","0","0","Slider","Slider","BallCalled","Undefined","Undefined","Undefined","0","0","","78.98528","-0.591521","-2.309128","2261.423931","71.725405","8:30","5.09864","1.73","5.82155","-45.54215","-0.53669","-5.89229","0.75305","-0.90902","72.72817","-8.928384","-3.365871","0.482841",,,,,,,,,,,,"2.35725","0.30992","-1.53753","50.0","5.02322","4.84374","-114.67372","-2.6438","3.12964","21.788","-31.76256","MIZ_TIG","NOR_BIS","TaylorStadium","D1","SEC","20260228-TaylorStadium-3","2ab1b970-150b-11f1-9d47-ad81a36dfdfe","78.06388",,,"6.25711",,,,,,,"bef09457-2091-4c2d-8883-3b9e5841a581","3/1/2026","08:32.2","2026-02-28T19:08:32.2190000-06:00","2026-03-01T01:08:32.2190000Z","","v3","4806","471388","509f340b254c4b3a96c253b40ff1333c","Gustafson, Evan","1000308757","Right","NOR_BIS","5ef16d1c-a3d9-49e2-b6de-e4a91a6118f1","54.67864","-115.55924","10.894","5.10444","-1.35289","-15.88128","-1.73181","4.71654","1.56482",,,,,,,,,,,,,,,,,,,,,,,,,,,,,,,,,,,,,,,,,,,,,,,,,,,"High","High","High","","","","","",,,,,,,,,,,,,,,,,,,,,,,,,,,,,,,,,,,"2026","02","28"
"152","2/28/2026","08:52.5","3","2","Reimers, Easton","1000462253","Right","NOR_BIS","George, Jamal","805322","Right","MIZ_TIG","Undefined","7","Bottom","1","1","0","Slider","Slider","BallCalled","Undefined","Undefined","Undefined","0","0","","80.17017","-0.272999","-2.257568","2209.770726","115.966574","9:45","5.03228","1.89154","5.93288","-40.83715","2.75614","-2.76713","1.37571","-0.43465","73.43287","-7.805263","-2.754615","0.475205",,,,,,,,,,,,"0.7574","1.93217","-1.70968","50.0","4.98756","4.69236","-116.3688","-1.84688","1.03347","22.83881","-29.53763","MIZ_TIG","NOR_BIS","TaylorStadium","D1","SEC","20260228-TaylorStadium-3","36c54ec0-150b-11f1-9d47-ad81a36dfdfe","79.31824",,,"6.7373",,,,,,,"bef09457-2091-4c2d-8883-3b9e5841a581","3/1/2026","08:52.5","2026-02-28T19:08:52.5000000-06:00","2026-03-01T01:08:52.5000000Z","","v3","4806","471388","509f340b254c4b3a96c253b40ff1333c","Gustafson, Evan","1000308757","Right","NOR_BIS","5260ac6c-ae68-4ce4-85be-a924a65f379d","54.56569","-117.26144","11.41941","5.03719","-0.69241","-14.76881","-1.89229","4.65197","0.51674",,,,,,,,,,,,,,,,,,,,,,,,,,,,,,,,,,,,,,,,,,,,,,,,,,,"High","High","High","","","","","",,,,,,,,,,,,,,,,,,,,,,,,,,,,,,,,,,,"2026","02","28"
"153","2/28/2026","09:14.9","3","3","Reimers, Easton","1000462253","Right","NOR_BIS","George, Jamal","805322","Right","MIZ_TIG","Undefined","7","Bottom","1","2","0","Fastball","Four-Seam","BallCalled","Undefined","Undefined","Undefined","0","0","","87.46128","-2.648965","-1.851693","2230.804289","214.09433","1:15","5.48557","1.23099","6.16142","-23.41344","12.73276","7.85044","1.08436","0.17404","80.33516","-7.03202","-0.435002","0.432716",,,,,,,,,,,,"-4.57953","7.66619","-1.09446","50.0","5.27236","3.7951","-126.96496","-6.58907","-7.48544","25.66344","-19.64329","MIZ_TIG","NOR_BIS","TaylorStadium","D1","SEC","20260228-TaylorStadium-3","44086360-150b-11f1-9d47-ad81a36dfdfe","87.10666",,,"7.12612",,,,,,,"bef09457-2091-4c2d-8883-3b9e5841a581","3/1/2026","09:14.9","2026-02-28T19:09:14.9220000-06:00","2026-03-01T01:09:14.9220000Z","","v3","4806","471388","509f340b254c4b3a96c253b40ff1333c","Gustafson, Evan","1000308757","Right","NOR_BIS","1c1effd1-e828-42ac-833c-2ea0836c63a1","54.33788","-127.83877","12.83172","5.48532","-5.92024","-9.82164","-1.22802","4.04997","-3.74272",,,,,,,,,,,,,,,,,,,,,,,,,,,,,,,,,,,,,,,,,,,,,,,,,,,"High","High","High","","","","","",,,,,,,,,,,,,,,,,,,,,,,,,,,,,,,,,,,"2026","02","28"
"154","2/28/2026","09:37.0","3","4","Reimers, Easton","1000462253","Right","NOR_BIS","George, Jamal","805322","Right","MIZ_TIG","Undefined","7","Bottom","1","3","0","Fastball","Four-Seam","BallCalled","Walk","Undefined","Undefined","0","0","","86.24412","-2.587345","-1.939439","2199.908807","217.031026","1:15","5.46201","1.12483","6.06329","-23.39123","14.04855","9.67812","1.11516","0.13571","78.93829","-6.973488","-0.196322","0.440391",,,,,,,,,,,,"-5.55807","8.35016","-0.97954","50.0","5.24858","3.8559","-125.14021","-6.36244","-8.79404","25.77934","-18.96238","MIZ_TIG","NOR_BIS","TaylorStadium","D1","SEC","20260228-TaylorStadium-3","512b6ce0-150b-11f1-9d47-ad81a36dfdfe","85.58866",,,"7.30583",,,,,,,"bef09457-2091-4c2d-8883-3b9e5841a581","3/1/2026","09:37.0","2026-02-28T19:09:37.0250000-06:00","2026-03-01T01:09:37.0250000Z","","v3","4806","471388","509f340b254c4b3a96c253b40ff1333c","Gustafson, Evan","1000308757","Right","NOR_BIS","a70ba813-3873-4b40-919c-cc1117f03407","54.4358","-126.05069","12.88967","5.46146","-5.69273","-9.48119","-1.12121","4.16649","-4.39702",,,,,,,,,,,,,,,,,,,,,,,,,,,,,,,,,,,,,,,,,,,,,,,,,,,"High","High","High","","","","","",,,,,,,,,,,,,,,,,,,,,,,,,,,,,,,,,,,"2026","02","28"
"155","2/28/2026","10:44.5","4","1","Reimers, Easton","1000462253","Right","NOR_BIS","Frost, Isaiah","801981","Left","MIZ_TIG","Undefined","7","Bottom","1","0","0","Fastball","Four-Seam","BallCalled","Undefined","Undefined","Undefined","0","0","","86.07636","-1.875149","-0.627601","2242.364946","210.197801","1:00","5.57662","1.05162","5.87512","-20.82635","16.82328","9.10607","2.09876","1.22754","78.96319","-5.791254","1.006981","0.441623",,,,,,,,,,,,"-4.81441","9.4743","-1.00608","50.0","5.41288","0.99516","-125.00601","-4.71577","-7.63589","24.64745","-17.14743","MIZ_TIG","NOR_BIS","TaylorStadium","D1","SEC","20260228-TaylorStadium-3","79922340-150b-11f1-9d47-ad81a36dfdfe","85.34978",,,"7.11316",,,,,,,"bef09457-2091-4c2d-8883-3b9e5841a581","3/1/2026","10:44.5","2026-02-28T19:10:44.5080000-06:00","2026-03-01T01:10:44.5080000Z","","v3","4806","471388","509f340b254c4b3a96c253b40ff1333c","Gustafson, Evan","1000308757","Right","NOR_BIS","14e09f59-0839-4210-a3a8-f3b89cfcc3eb","54.6229","-125.91421","12.32372","5.575","-4.08393","-8.57371","-1.04793","1.27653","-3.81795",,,,,,,,,,,,,,,,,,,,,,,,,,,,,,,,,,,,,,,,,,,,,,,,,,,"High","High","High","","","","","",,,,,,,,,,,,,,,,,,,,,,,,,,,,,,,,,,,"2026","02","28"
"156","2/28/2026","11:05.2","4","2","Reimers, Easton","1000462253","Right","NOR_BIS","Frost, Isaiah","801981","Left","MIZ_TIG","Undefined","7","Bottom","1","1","0","ChangeUp","Changeup","InPlay","Undefined","FlyBall","Out","1","0","","80.87058","-0.400447","-2.975073","1664.350217","254.804297","2:30","5.14124","1.36403","6.11412","-37.36313","5.34237","14.34922","1.65689","-0.19346","73.67939","-7.348974","-0.389611","0.470342","91.40153","37.521236","9.254852","3567.860801","108.97718","82.59317","14.96539","287.26304","207.47471","6.007498","5.593143","-8.33603","3.28965","-1.14322","50.0","5.09102","5.56817","-117.3427","-1.95519","-11.5245","23.95747","-27.62614","MIZ_TIG","NOR_BIS","TaylorStadium","D1","SEC","20260228-TaylorStadium-3","85b71db0-150b-11f1-9d47-ad81a36dfdfe","80.13843","105.70102",,"7.19118",,,,"1.95796","1.80513","0.20614","bef09457-2091-4c2d-8883-3b9e5841a581","3/1/2026","11:05.1","2026-02-28T19:11:05.1560000-06:00","2026-03-01T01:11:05.1560000Z","FlyBall","v3","4806","471388","509f340b254c4b3a96c253b40ff1333c","Gustafson, Evan","1000308757","Right","NOR_BIS","83cb5fe6-5370-4857-854e-6e3fc8a8ec4e","54.38547","-118.23468","11.97874","5.14467","-0.92662","-13.81307","-1.35852","5.99725","-5.76225","173.711708","1.96388","104.82665","-26.88832","6.77943","-1.17752","0.12076","-0.00409","-2.9E-4","2.0E-5","1.80214","81.6942","-16.79133","-0.25655","0.46706","-0.17138","0.03758","-0.00441","2.1E-4","0.20738","17.07467","-6.63255","1.93334","-0.39614","0.05419","-0.00421","1.4E-4","0.0",,,,,,,,,,,,,,,,,,,,,,,"High","High","High","High","Medium","","","",,,,,,,,,,,,,,,,,,,,,,,,,,,,,,,,"78.27649","13.30899","21.75389","2026","02","28"
"157","2/28/2026","11:49.7","5","1","Reimers, Easton","1000462253","Right","NOR_BIS","Maisonet, Eric","835908","Left","MIZ_TIG","Undefined","7","Bottom","2","0","0","ChangeUp","Changeup","StrikeCalled","Undefined","Undefined","Undefined","0","0","","81.19133","1.225776","-2.860015","1629.396233","259.236367","2:45","5.23279","1.42708","6.33485","-37.62356","4.69752","16.72009","3.22772","0.18485","73.22148","-5.834869","0.16299","0.46822",,,,,,,,,,,,"-9.51174","2.54831","-1.22553","50.0","5.30507","5.24424","-117.72791","1.40294","-13.14405","25.55653","-28.65263","MIZ_TIG","NOR_BIS","TaylorStadium","D1","SEC","20260228-TaylorStadium-3","a05ba460-150b-11f1-9d47-ad81a36dfdfe","80.50159",,,"7.96985",,,,,,,"bef09457-2091-4c2d-8883-3b9e5841a581","3/1/2026","11:49.7","2026-02-28T19:11:49.7370000-06:00","2026-03-01T01:11:49.7370000Z","","v3","4806","471388","509f340b254c4b3a96c253b40ff1333c","Gustafson, Evan","1000308757","Right","NOR_BIS","2bb0190f-9c7e-4b24-83b7-d83cffb9b1e8","54.16174","-118.6279","12.77826","5.2379","2.41197","-14.32632","-1.41836","5.70712","-6.57202",,,,,,,,,,,,,,,,,,,,,,,,,,,,,,,,,,,,,,,,,,,,,,,,,,,"High","High","High","","","","","",,,,,,,,,,,,,,,,,,,,,,,,,,,,,,,,,,,"2026","02","28"
"158","2/28/2026","12:08.4","5","2","Reimers, Easton","1000462253","Right","NOR_BIS","Maisonet, Eric","835908","Left","MIZ_TIG","Undefined","7","Bottom","2","0","1","Fastball","Four-Seam","BallCalled","Undefined","Undefined","Undefined","0","0","","86.3032","0.005206","-1.126489","2287.228535","209.482447","1:00","5.45998","1.3212","5.95925","-22.1193","15.15532","7.92485","3.62154","0.93686","79.05964","-4.161289","0.297501","0.439418",,,,,,,,,,,,"-4.35036","8.12122","-1.23606","50.0","5.44797","2.1411","-125.40543","-0.65523","-6.94967","24.61095","-19.20042","MIZ_TIG","NOR_BIS","TaylorStadium","D1","SEC","20260228-TaylorStadium-3","ab8093f0-150b-11f1-9d47-ad81a36dfdfe","85.77803",,,"7.24356",,,,,,,"bef09457-2091-4c2d-8883-3b9e5841a581","3/1/2026","12:08.4","2026-02-28T19:12:08.4420000-06:00","2026-03-01T01:12:08.4420000Z","","v3","4806","471388","509f340b254c4b3a96c253b40ff1333c","Gustafson, Evan","1000308757","Right","NOR_BIS","5fe394a3-ac18-4195-971e-4b0b0c064659","54.53857","-126.29299","12.30548","5.45911","0.0372","-9.60021","-1.3178","2.39173","-3.47484",,,,,,,,,,,,,,,,,,,,,,,,,,,,,,,,,,,,,,,,,,,,,,,,,,,"High","High","High","","","","","",,,,,,,,,,,,,,,,,,,,,,,,,,,,,,,,,,,"2026","02","28"
"159","2/28/2026","12:27.4","5","3","Reimers, Easton","1000462253","Right","NOR_BIS","Maisonet, Eric","835908","Left","MIZ_TIG","Undefined","7","Bottom","2","1","1","Fastball","Four-Seam","InPlay","Undefined","FlyBall","Out","1","0","","86.20943","-2.163091","-1.91707","2245.098395","207.531974","1:00","5.68826","1.08472","5.94458","-21.41521","16.46009","7.89524","1.89517","-0.03622","78.28606","-6.211299","-0.498817","0.442945","84.41964","41.737093","17.020209",,"104.46172","91.53875","34.46374","235.82593","125.66917","19.585327","5.374904","-4.65736","9.50111","-0.93655","50.0","5.50394","3.86744","-125.01718","-5.35681","-7.30141","27.42183","-17.27909","MIZ_TIG","NOR_BIS","TaylorStadium","D1","SEC","20260228-TaylorStadium-3","b6b64c60-150b-11f1-9d47-ad81a36dfdfe","85.09515","101.08216",,"7.92337",,,,"1.54837","1.94489","0.03892","bef09457-2091-4c2d-8883-3b9e5841a581","3/1/2026","12:27.3","2026-02-28T19:12:27.3510000-06:00","2026-03-01T01:12:27.3510000Z","FlyBall","v3","4806","471388","509f340b254c4b3a96c253b40ff1333c","Gustafson, Evan","1000308757","Right","NOR_BIS","3cf63698-5967-4d71-8e85-dd0b122a9c76","54.55373","-126.01206","13.71092","5.68691","-4.72991","-8.63954","-1.08167","4.13234","-3.65071","184.79885","1.55373","88.2362","-24.97847","6.5432","-1.10696","0.0852","0.0061","-0.00165","9.0E-5","1.94142","82.48398","-18.76856","0.413","0.27309","-0.12928","0.03282","-0.00432","2.2E-4","0.04047","27.01342","-5.87906","1.32757","-0.16798","-0.00362","0.00494","-6.6E-4","3.0E-5",,,,,,,,,,,,,,,,,,,,,,,"High","High","High","High","Low","","","",,,,,,,,,,,,,,,,,,,,,,,,,,,,,,,,"68.37716","23.60652","23.67496","2026","02","28"
"173","2/28/2026","26:32.5","1","1","Reimers, Easton","1000462253","Right","NOR_BIS","Parker, Sam","806179","Left","MIZ_TIG","Undefined","8","Bottom","0","0","0","ChangeUp","Changeup","BallCalled","Undefined","Undefined","Undefined","0","0","","79.14921","0.048625","-1.359928","1595.252478","256.238823","2:30","5.333","1.44481","6.43676","-38.9651","4.57425","13.25646","2.1306","1.29954","72.84296","-7.216281","1.046498","0.474911",,,,,,,,,,,,"-7.29642","2.7974","-1.35372","50.0","5.31909","2.27268","-115.12177","-1.00833","-9.80372","21.12811","-28.41535","MIZ_TIG","NOR_BIS","TaylorStadium","D1","SEC","20260228-TaylorStadium-3","ae8c3b60-150d-11f1-9d47-ad81a36dfdfe","79.36734",,,"6.30625",,,,,,,"bef09457-2091-4c2d-8883-3b9e5841a581","3/1/2026","26:32.5","2026-02-28T19:26:32.4710000-06:00","2026-03-01T01:26:32.4710000Z","","v3","4806","471388","509f340b254c4b3a96c253b40ff1333c","Gustafson, Evan","1000308757","Right","NOR_BIS","d66b58f5-9cf6-49d4-a16c-b36f46933c08","54.06331","-115.8651","10.56406","5.33698","-0.00862","-14.20767","-1.43974","2.6176","-4.90186",,,,,,,,,,,,,,,,,,,,,,,,,,,,,,,,,,,,,,,,,,,,,,,,,,,"High","High","High","","","","","",,,,,,,,,,,,,,,,,,,,,,,,,,,,,,,,,,,"2026","02","28"
"174","2/28/2026","26:48.5","1","2","Reimers, Easton","1000462253","Right","NOR_BIS","Parker, Sam","806179","Left","MIZ_TIG","Undefined","8","Bottom","0","1","0","ChangeUp","Changeup","FoulBallNotFieldable","Undefined","Undefined","Undefined","0","0","","78.80546","0.183437","-2.755232","1534.909536","254.472","2:30","5.20779","1.49393","6.05933","-39.46073","5.23414","13.80524","2.08938","0.09225","72.3375","-7.12976","-0.270295","0.481172","74.70167","-36.020084","87.5933",,,,,"5.36396","4.30273","35.847924","0.037899","-7.98103","3.00059","-1.28762","50.0","5.20059","5.0242","-114.46669","-0.80649","-10.5832","21.23746","-28.19515","MIZ_TIG","NOR_BIS","TaylorStadium","D1","SEC","20260228-TaylorStadium-3","b7f63480-150d-11f1-9d47-ad81a36dfdfe","78.3347","2.44952",,"6.46796",,,,"4.20641","2.44952","-0.22469","bef09457-2091-4c2d-8883-3b9e5841a581","3/1/2026","26:48.5","2026-02-28T19:26:48.5120000-06:00","2026-03-01T01:26:48.5120000Z","GroundBall","v3","4806","471388","509f340b254c4b3a96c253b40ff1333c","Gustafson, Evan","1000308757","Right","NOR_BIS","e14514c7-edaf-41af-8635-67e7a8c185df","54.44232","-115.28795","10.61873","5.2107","0.28382","-14.09758","-1.48982","5.43345","-5.2916",,"4.20634","3.73284",,,,,,,,"2.45075","-64.63218",,,,,,,,"-0.22638","88.8146",,,,,,,,,,,,,,,,,,,,,,,,,,,,,,"High","High","High","Low","Low","","","",,,,,,,,,,,,,,,,,,,,,,,,,,,,,,,,"66.77124","10.37738","19.90192","2026","02","28"
"175","2/28/2026","27:09.4","1","3","Reimers, Easton","1000462253","Right","NOR_BIS","Parker, Sam","806179","Left","MIZ_TIG","Undefined","8","Bottom","0","1","1","ChangeUp","Changeup","StrikeSwinging","Undefined","Undefined","Undefined","0","0","","78.76631","-0.406792","-2.266195","1628.065609","250.029654","2:15","5.1942","1.49105","6.15659","-37.45045","6.90784","15.34847","1.6972","0.67533","72.66429","-7.354014","0.503817","0.479357",,,,,,,,,,,,"-8.55796","4.08823","-1.32665","50.0","5.14401","3.98553","-114.4919","-1.91145","-11.4105","20.25011","-26.72311","MIZ_TIG","NOR_BIS","TaylorStadium","D1","SEC","20260228-TaylorStadium-3","c486e910-150d-11f1-9d47-ad81a36dfdfe","78.6313",,,"6.10201",,,,,,,"bef09457-2091-4c2d-8883-3b9e5841a581","3/1/2026","27:09.4","2026-02-28T19:27:09.4510000-06:00","2026-03-01T01:27:09.4510000Z","","v3","4806","471388","509f340b254c4b3a96c253b40ff1333c","Gustafson, Evan","1000308757","Right","NOR_BIS","6e1da20b-d14e-41fd-8c4f-6994bb056f2a","54.34406","-115.25767","10.12506","5.19719","-0.9009","-13.36156","-1.48552","4.41703","-5.70525",,,,,,,,,,,,,,,,,,,,,,,,,,,,,,,,,,,,,,,,,,,,,,,,,,,"High","High","High","","","","","",,,,,,,,,,,,,,,,,,,,,,,,,,,,,,,,,,,"2026","02","28"
"176","2/28/2026","27:27.9","1","4","Reimers, Easton","1000462253","Right","NOR_BIS","Parker, Sam","806179","Left","MIZ_TIG","Undefined","8","Bottom","0","1","2","Fastball","Four-Seam","BallCalled","Undefined","Undefined","Undefined","0","0","","85.90639","0.578309","-0.614124","2121.845296","204.309058","12:45","5.62579","1.12563","5.81873","-19.71572","18.57658","7.79855","4.52056","1.20449","77.65922","-3.184806","0.783273","0.445376",,,,,,,,,,,,"-4.13575","9.66371","-1.07988","50.0","5.66153","1.00601","-124.63596","0.6978","-6.44278","27.30463","-17.11969","MIZ_TIG","NOR_BIS","TaylorStadium","D1","SEC","20260228-TaylorStadium-3","cf6b4d30-150d-11f1-9d47-ad81a36dfdfe","84.63056",,,"8.24717",,,,,,,"bef09457-2091-4c2d-8883-3b9e5841a581","3/1/2026","27:27.8","2026-02-28T19:27:27.8570000-06:00","2026-03-01T01:27:27.8570000Z","","v3","4806","471388","509f340b254c4b3a96c253b40ff1333c","Gustafson, Evan","1000308757","Right","NOR_BIS","86c8f768-2306-483c-974f-5d6ec0cb3a53","54.67672","-125.65633","13.65232","5.6235","1.33756","-8.55985","-1.12197","1.24677","-3.22139",,,,,,,,,,,,,,,,,,,,,,,,,,,,,,,,,,,,,,,,,,,,,,,,,,,"High","High","High","","","","","",,,,,,,,,,,,,,,,,,,,,,,,,,,,,,,,,,,"2026","02","28"
"177","2/28/2026","27:54.5","1","5","Reimers, Easton","1000462253","Right","NOR_BIS","Parker, Sam","806179","Left","MIZ_TIG","Undefined","8","Bottom","0","2","2","ChangeUp","Changeup","BallCalled","Undefined","Undefined","Undefined","0","0","","80.83525","-0.963877","-2.403242","1719.15642","250.58728","2:15","5.22742","1.27123","6.37682","-35.75128","6.49587","14.41918","1.3605","0.26048","73.79856","-7.644633","0.210136","0.467811",,,,,,,,,,,,"-8.24937","4.09744","-1.10424","50.0","5.14145","4.41034","-117.38571","-3.00688","-11.42256","23.8061","-26.5005","MIZ_TIG","NOR_BIS","TaylorStadium","D1","SEC","20260228-TaylorStadium-3","df6b10d0-150d-11f1-9d47-ad81a36dfdfe","80.57202",,,"7.0367",,,,,,,"bef09457-2091-4c2d-8883-3b9e5841a581","3/1/2026","27:54.5","2026-02-28T19:27:54.5400000-06:00","2026-03-01T01:27:54.5400000Z","","v3","4806","471388","509f340b254c4b3a96c253b40ff1333c","Gustafson, Evan","1000308757","Right","NOR_BIS","622785b1-ea60-4767-b784-bf72ac9b806a","54.12247","-118.2188","11.90305","5.23045","-2.0795","-13.25025","-1.26557","4.81007","-5.71128",,,,,,,,,,,,,,,,,,,,,,,,,,,,,,,,,,,,,,,,,,,,,,,,,,,"High","High","High","","","","","",,,,,,,,,,,,,,,,,,,,,,,,,,,,,,,,,,,"2026","02","28"
"178","2/28/2026","28:14.0","1","6","Reimers, Easton","1000462253","Right","NOR_BIS","Parker, Sam","806179","Left","MIZ_TIG","Undefined","8","Bottom","0","3","2","Fastball","Four-Seam","FoulBallNotFieldable","Undefined","Undefined","Undefined","0","0","","88.33978","-2.793624","-1.998641","2185.404882","209.051094","1:00","5.74426","0.8611","5.8961","-19.01336","16.79308","8.6976","1.56253","-0.27043","81.00904","-6.372856","-0.437793","0.430677",,,,,,,,,,,,"-5.06485","9.74768","-0.70546","50.0","5.50831","4.12383","-128.18642","-6.83835","-8.43514","26.26687","-15.93994","MIZ_TIG","NOR_BIS","TaylorStadium","D1","SEC","20260228-TaylorStadium-3","eae79640-150d-11f1-9d47-ad81a36dfdfe","87.51898",,,"7.33074",,,,,,,"bef09457-2091-4c2d-8883-3b9e5841a581","3/1/2026","28:14.0","2026-02-28T19:28:13.9940000-06:00","2026-03-01T01:28:13.9940000Z","","v3","4806","471388","509f340b254c4b3a96c253b40ff1333c","Gustafson, Evan","1000308757","Right","NOR_BIS","2cd608e1-de0d-4207-969d-f7634c4b435c","54.60467","-129.12653","13.13344","5.74285","-6.26785","-7.96997","-0.85845","4.42573","-4.21757",,,,,,,,,,,,,,,,,,,,,,,,,,,,,,,,,,,,,,,,,,,,,,,,,,,"High","High","High","","","","","",,,,,,,,,,,,,,,,,,,,,,,,,,,,,,,,,,,"2026","02","28"
"179","2/28/2026","28:37.1","1","7","Reimers, Easton","1000462253","Right","NOR_BIS","Parker, Sam","806179","Left","MIZ_TIG","Undefined","8","Bottom","0","3","2","Fastball","Four-Seam","BallCalled","Walk","Undefined","Undefined","0","0","","87.19643","-2.073627","-0.55494","2063.676613","211.212214","1:00","5.54363","1.09773","5.83069","-21.06041","15.69524","8.81489","1.86011","1.31644","80.01778","-6.021211","1.026252","0.436349",,,,,,,,,,,,"-4.65925","8.93831","-1.05769","50.0","5.3619","0.8621","-126.62511","-5.23822","-7.58081","25.34157","-17.63099","MIZ_TIG","NOR_BIS","TaylorStadium","D1","SEC","20260228-TaylorStadium-3","f8d060c0-150d-11f1-9d47-ad81a36dfdfe","86.38149",,,"7.17865",,,,,,,"bef09457-2091-4c2d-8883-3b9e5841a581","3/1/2026","28:37.1","2026-02-28T19:28:37.1340000-06:00","2026-03-01T01:28:37.1340000Z","","v3","4806","471388","509f340b254c4b3a96c253b40ff1333c","Gustafson, Evan","1000308757","Right","NOR_BIS","29d9b5c0-f68e-48a4-9875-36eb80711120","54.66815","-127.55593","12.67079","5.54241","-4.59061","-8.8155","-1.09447","1.14054","-3.79041",,,,,,,,,,,,,,,,,,,,,,,,,,,,,,,,,,,,,,,,,,,,,,,,,,,"High","High","High","","","","","",,,,,,,,,,,,,,,,,,,,,,,,,,,,,,,,,,,"2026","02","28"
"180","2/28/2026","29:28.8","2","1","Reimers, Easton","1000462253","Right","NOR_BIS","Patterson, Christopher","1000080435","Left","MIZ_TIG","Undefined","8","Bottom","0","0","0","Slider","Slider","HitByPitch","Undefined","Undefined","Undefined","0","0","","79.38991","1.948777","0.237331","2128.606222","137.78216","10:30","5.23924","1.75288","5.51913","-41.28668","3.47788","-1.94484","3.6215","1.81272","72.91848","-5.628432","-0.109297","0.481547",,,,,,,,,,,,"1.05756","1.56878","-1.77216","50.0","5.38093","-0.40354","-115.30958","2.56272","1.4291","20.70658","-30.05412","MIZ_TIG","NOR_BIS","TaylorStadium","D1","SEC","20260228-TaylorStadium-3","1784ca60-150e-11f1-9d47-ad81a36dfdfe","78.27367",,,"6.47142",,,,,,,"bef09457-2091-4c2d-8883-3b9e5841a581","3/1/2026","29:28.8","2026-02-28T19:29:28.7890000-06:00","2026-03-01T01:29:28.7890000Z","","v3","4806","471388","509f340b254c4b3a96c253b40ff1333c","Gustafson, Evan","1000308757","Right","NOR_BIS","4b6f9ace-b644-48f7-89fb-0fdd1ae55db6","54.98209","-116.20079","10.35329","5.24279","3.85625","-15.02706","-1.75346","-0.46505","0.71455",,,,,,,,,,,,,,,,,,,,,,,,,,,,,,,,,,,,,,,,,,,,,,,,,,,"High","High","High","","","","","",,,,,,,,,,,,,,,,,,,,,,,,,,,,,,,,,,,"2026","02","28"
"181","2/28/2026","33:28.4","3","1","Reimers, Easton","1000462253","Right","NOR_BIS","Macon, Tyler","823527","Right","MIZ_TIG","Undefined","8","Bottom","0","0","0","Fastball","Changeup","StrikeCalled","Undefined","Undefined","Undefined","0","0","","80.05579","0.356806","-1.743115","1924.450228","204.330811","12:45","5.09613","1.71736","5.83082","-26.97836","16.53946","6.8813","3.17976","0.66999","73.44446","-4.69707","-0.510287","0.474794",,,,,,,,,,,,"-3.96425","8.75646","-1.57907","50.0","5.10934","3.27364","-116.2736","-0.06047","-5.45102","20.90029","-20.13359","MIZ_TIG","NOR_BIS","TaylorStadium","D1","SEC","20260228-TaylorStadium-3","a671d740-150e-11f1-9d47-ad81a36dfdfe","79.38699",,,"6.61133",,,,,,,"bef09457-2091-4c2d-8883-3b9e5841a581","3/1/2026","33:28.4","2026-02-28T19:33:28.3740000-06:00","2026-03-01T01:33:28.3740000Z","","v3","4806","471388","509f340b254c4b3a96c253b40ff1333c","Gustafson, Evan","1000308757","Right","NOR_BIS","4b5420c1-c32e-4de3-b1ea-02e382bebf5e","54.66677","-117.10945","10.45014","5.09566","0.74472","-10.06679","-1.71435","3.49164","-2.72551",,,,,,,,,,,,,,,,,,,,,,,,,,,,,,,,,,,,,,,,,,,,,,,,,,,"High","High","High","","","","","",,,,,,,,,,,,,,,,,,,,,,,,,,,,,,,,,,,"2026","02","28"
"182","2/28/2026","34:20.8","3","2","Reimers, Easton","1000462253","Right","NOR_BIS","Macon, Tyler","823527","Right","MIZ_TIG","Undefined","8","Bottom","0","0","2","Fastball","Changeup","BallCalled","Undefined","Undefined","Undefined","0","0","","85.20118","0.386227","-2.810766","2114.452348","211.264638","1:00","5.48752","1.39257","5.99389","-23.93391","13.85891","7.80217","3.85138","-0.5641","78.96488","-4.082974","-1.410294","0.442462",,,,,,,,,,,,"-4.65973","7.36248","-1.17523","50.0","5.50459","5.77382","-123.85093","0.10377","-7.35677","20.9213","-20.55023","MIZ_TIG","NOR_BIS","TaylorStadium","D1","SEC","20260228-TaylorStadium-3","c5a534e0-150e-11f1-9d47-ad81a36dfdfe","85.18795",,,"6.23631",,,,,,,"bef09457-2091-4c2d-8883-3b9e5841a581","3/1/2026","34:20.8","2026-02-28T19:34:20.8460000-06:00","2026-03-01T01:34:20.8460000Z","","v3","4806","471388","509f340b254c4b3a96c253b40ff1333c","Gustafson, Evan","1000308757","Right","NOR_BIS","720e9e41-950d-4644-9ce7-f9619e0661bb","54.50609","-124.60979","10.46065","5.48731","0.84917","-10.27512","-1.3895","6.04066","-3.67839",,,,,,,,,,,,,,,,,,,,,,,,,,,,,,,,,,,,,,,,,,,,,,,,,,,"High","High","High","","","","","",,,,,,,,,,,,,,,,,,,,,,,,,,,,,,,,,,,"2026","02","28"
"183","2/28/2026","34:39.0","3","3","Reimers, Easton","1000462253","Right","NOR_BIS","Macon, Tyler","823527","Right","MIZ_TIG","Undefined","8","Bottom","0","1","2","Fastball","Changeup","InPlay","Undefined","LineDrive","Single","0","1","","85.1962","0.047316","-2.138541","2093.971407","215.705943","1:15","5.39268","1.36865","5.95164","-25.15332","12.73776","8.41146","3.34048","0.08531","78.88545","-4.639984","-0.628283","0.443037","77.86641","18.587312","25.693371","3879.212345","93.03773","24.81456","58.6852","207.28175","172.18127","39.621627","2.645492","-4.84571","6.85981","-1.20334","50.0","5.38216","4.29782","-123.89267","-0.6825","-7.63726","21.49844","-21.36235","MIZ_TIG","NOR_BIS","TaylorStadium","D1","SEC","20260228-TaylorStadium-3","d06a9f50-150e-11f1-9d47-ad81a36dfdfe","85.0774","24.83072",,"6.31076",,,,"0.21486","3.24501","-0.10617","bef09457-2091-4c2d-8883-3b9e5841a581","3/1/2026","34:39.0","2026-02-28T19:34:38.9590000-06:00","2026-03-01T01:34:38.9590000Z","LineDrive","v3","4806","471388","509f340b254c4b3a96c253b40ff1333c","Gustafson, Evan","1000308757","Right","NOR_BIS","012d8998-a92e-435c-9398-9fb8eb546296","54.54898","-124.67954","10.74922","5.39283","0.09938","-10.68118","-1.36575","4.57735","-3.81863","241.095577","0.21484","97.54489","-19.90801","3.37083","-0.56786","0.0308","0.0161","-0.00502","4.9E-4","3.24503","36.40166","-16.61128","1.28762","-0.28308","0.09612","-0.02718","0.00511","-4.3E-4","-0.10609","46.92843","2.97413","-1.04403","0.0328","0.14601","-0.07406","0.01663","-0.00148",,,,,,,,,,,,,,,,,,,,,,,"High","High","High","High","High","","","",,,,,,,,,,,,,,,,,,,,,,,,,,,,,,,,"60.5593","10.12751","2.44549","2026","02","28"
"184","2/28/2026","38:32.4","4","1","Hart, Hudson","10149401","Right","NOR_BIS","Woita, Jase","831805","Left","MIZ_TIG","Undefined","8","Bottom","0","0","0","Fastball","Four-Seam","BallCalled","Undefined","Undefined","StolenBase","0","0","","90.66067","0.673047","-1.911737","2362.47192","204.167735","12:45","5.73374","1.78972","6.25355","-16.82839","17.25091","7.18548","4.95241","0.6249","81.33863","-2.588956","-0.614479","0.420162",,,,,,,,,,,,"-4.30831","9.04473","-1.65088","50.0","5.77528","4.07912","-131.46691","1.10488","-7.411","32.32514","-16.61567","MIZ_TIG","NOR_BIS","TaylorStadium","D1","SEC","20260228-TaylorStadium-3","5b7ae730-150f-11f1-9d47-ad81a36dfdfe","89.70931",,,"9.32204",,,,,,,"bef09457-2091-4c2d-8883-3b9e5841a581","3/1/2026","38:32.4","2026-02-28T19:38:32.3620000-06:00","2026-03-01T01:38:32.3620000Z","","v3","4806","471388","509f340b254c4b3a96c253b40ff1333c","Gustafson, Evan","1000308757","Right","NOR_BIS","de5a8769-4be3-464f-b43a-c42a038d4171","54.24067","-132.5055","16.16257","5.7312","1.63873","-8.30783","-1.78576","4.31723","-3.7055",,,,,,,,,,,,,,,,,,,,,,,,,,,,,,,,,,,,,,,,,,,,,,,,,,,"High","High","High","","","","","",,,,,,,,,,,,,,,,,,,,,,,,,,,,,,,,,,,"2026","02","28"
"185","2/28/2026","38:53.9","4","2","Hart, Hudson","10149401","Right","NOR_BIS","Woita, Jase","831805","Left","MIZ_TIG","Undefined","8","Bottom","0","1","0","Fastball","Four-Seam","BallCalled","Undefined","Undefined","Undefined","0","0","","92.02728","-0.614704","-0.93168","2503.836598","216.224025","1:15","5.82162","1.68244","6.27198","-16.90828","15.77922","10.75914","3.84583","1.72009","83.53145","-3.858182","1.013301","0.411493",,,,,,,,,,,,"-5.80898","8.67815","-1.61826","50.0","5.76772","1.71257","-133.66701","-1.90617","-10.43811","30.64339","-16.58039","MIZ_TIG","NOR_BIS","TaylorStadium","D1","SEC","20260228-TaylorStadium-3","68822b50-150f-11f1-9d47-ad81a36dfdfe","91.59929",,,"8.49583",,,,,,,"bef09457-2091-4c2d-8883-3b9e5841a581","3/1/2026","38:53.9","2026-02-28T19:38:53.8940000-06:00","2026-03-01T01:38:53.8940000Z","","v3","4806","471388","509f340b254c4b3a96c253b40ff1333c","Gustafson, Evan","1000308757","Right","NOR_BIS","d9602764-30e4-4f19-ab35-78442f822672","54.22452","-134.632","15.3217","5.81952","-1.38403","-8.29019","-1.67737","2.04127","-5.21906",,,,,,,,,,,,,,,,,,,,,,,,,,,,,,,,,,,,,,,,,,,,,,,,,,,"High","High","High","","","","","",,,,,,,,,,,,,,,,,,,,,,,,,,,,,,,,,,,"2026","02","28"
"186","2/28/2026","39:14.6","4","3","Hart, Hudson","10149401","Right","NOR_BIS","Woita, Jase","831805","Left","MIZ_TIG","Undefined","8","Bottom","0","2","0","Fastball","Four-Seam","FoulBallNotFieldable","Undefined","Undefined","Undefined","0","0","","91.83942","-2.079435","-2.351607","2447.815741","196.368675","12:30","5.81257","1.54041","6.33751","-11.3369","21.95584","6.07256","2.95081","-0.11991","82.17224","-4.348259","-1.254022","0.415285","71.57912","23.038969","-169.718144","1882.534169","-108.56829","19.17699","-17.68752","163.94315","52.65143","-171.482736","2.021073","-3.98024","12.52131","-1.37196","50.0","5.65564","5.2138","-133.07968","-5.06142","-6.97568","34.61099","-10.22951","MIZ_TIG","NOR_BIS","TaylorStadium","D1","SEC","20260228-TaylorStadium-3","74e58e50-150f-11f1-9d47-ad81a36dfdfe","90.76283","21.48846",,"9.66718",,,,"1.98597","3.04555","0.10447","bef09457-2091-4c2d-8883-3b9e5841a581","3/1/2026","39:14.6","2026-02-28T19:39:14.5700000-06:00","2026-03-01T01:39:14.5700000Z","LineDrive","v3","4806","471388","509f340b254c4b3a96c253b40ff1333c","Gustafson, Evan","1000308757","Right","NOR_BIS","621281a6-5350-4a7d-a44b-600b3ae857d3","54.15924","-134.15704","17.3055","5.80824","-4.743","-5.11476","-1.53763","5.43094","-3.48784","15.897962","1.98598","-95.05872","7.13414","-0.32627","0.13274","-0.01783","-0.01608","0.01358","-0.00301","3.04556","41.08631","-24.8556","2.59684","-0.74468","0.45019","-0.23628","0.07113","-0.00878","0.10447","-17.24411","2.85556","-0.25135","0.05011","0.02501","-0.02726","0.01143","-0.00187",,,,,,,,,,,,,,,,,,,,,,,"High","High","High","High","Low","","","",,,,,,,,,,,,,,,,,,,,,,,,,,,,,,,,"85.85691","8.54812","5.48187","2026","02","28"
"187","2/28/2026","39:39.4","4","4","Hart, Hudson","10149401","Right","NOR_BIS","Woita, Jase","831805","Left","MIZ_TIG","Undefined","8","Bottom","0","2","1","Fastball","Four-Seam","InPlay","Undefined","GroundBall","Single","0","2","","93.25836","-1.615163","-2.164301","2502.63838","213.587265","1:00","5.79709","1.43182","6.35239","-17.37316","14.4004","8.85355","2.86119","0.17654","84.73411","-4.935536","-0.562345","0.405699","104.11573","-10.974984","-8.184231",,,,,"15.54137","15.49266","-7.843925","0.092892","-5.2791","8.31079","-1.27885","50.0","5.67163","4.75248","-135.39456","-4.32403","-9.72728","31.59344","-16.86051","MIZ_TIG","NOR_BIS","TaylorStadium","D1","SEC","20260228-TaylorStadium-3","837a2930-150f-11f1-9d47-ad81a36dfdfe","92.90729","2.8198",,"8.52425",,,,"1.68294","2.8198","-0.13055","bef09457-2091-4c2d-8883-3b9e5841a581","3/1/2026","39:39.4","2026-02-28T19:39:39.4290000-06:00","2026-03-01T01:39:39.4290000Z","GroundBall","v3","4806","471388","509f340b254c4b3a96c253b40ff1333c","Gustafson, Evan","1000308757","Right","NOR_BIS","32afb6eb-3711-46dd-8c36-90c0aecad6ac","54.14656","-136.3587","15.79672","5.79574","-3.8095","-8.43025","-1.42842","5.04933","-4.86364","105.077097","1.68296","148.38062","-8.16268",,,,,,,"2.81981","-29.07382","-13.82852",,,,,,,"-0.13054","-21.34116","-0.93184",,,,,,,,,,,,,,,,,,,,,,,,,,,,,"High","High","High","High","High","","","",,,,,,,,,,,,,,,,,,,,,,,,,,,,,,,,"75.16214","2.08962","-10.04595","2026","02","28"
"188","2/28/2026","40:30.9","5","1","Hart, Hudson","10149401","Right","NOR_BIS","Serna, Mateo","806219","Left","MIZ_TIG","Undefined","8","Bottom","0","0","0","Fastball","Four-Seam","BallCalled","Undefined","Undefined","Undefined","0","0","","92.36158","-2.088293","-1.33017","2419.768627","215.647212","1:15","5.74131","1.52245","6.25674","-15.12379","17.13028","11.55993","2.55396","1.25898","84.5669","-4.983539","0.758933","0.408756",,,,,,,,,,,,"-6.33461","9.75969","-1.42903","50.0","5.57859","2.62829","-134.17518","-5.30775","-11.56534","28.6208","-14.35538","MIZ_TIG","NOR_BIS","TaylorStadium","D1","SEC","20260228-TaylorStadium-3","a237e1a0-150f-11f1-9d47-ad81a36dfdfe","92.21265",,,"7.79468",,,,,,,"bef09457-2091-4c2d-8883-3b9e5841a581","3/1/2026","40:30.9","2026-02-28T19:40:30.8970000-06:00","2026-03-01T01:40:30.8970000Z","","v3","4806","471388","509f340b254c4b3a96c253b40ff1333c","Gustafson, Evan","1000308757","Right","NOR_BIS","eaf2a854-4e57-46fb-81b7-186a040a1012","54.24175","-135.07695","14.3104","5.7387","-4.85544","-7.17769","-1.51758","2.99268","-5.78267",,,,,,,,,,,,,,,,,,,,,,,,,,,,,,,,,,,,,,,,,,,,,,,,,,,"High","High","High","","","","","",,,,,,,,,,,,,,,,,,,,,,,,,,,,,,,,,,,"2026","02","28"
"189","2/28/2026","40:48.5","5","2","Hart, Hudson","10149401","Right","NOR_BIS","Serna, Mateo","806219","Left","MIZ_TIG","Undefined","8","Bottom","0","1","0","Fastball","Four-Seam","BallCalled","Undefined","Undefined","Undefined","0","0","","92.22976","-1.530884","-1.694559","2467.670782","222.720205","1:30","5.81455","1.66121","6.07556","-17.47048","15.67918","13.35123","2.94122","1.20541","82.95952","-4.880017","0.709776","0.414392",,,,,,,,,,,,"-7.33831","8.89965","-1.53656","50.0","5.68675","3.35622","-133.69918","-4.08089","-13.06272","33.28319","-16.33199","MIZ_TIG","NOR_BIS","TaylorStadium","D1","SEC","20260228-TaylorStadium-3","acada570-150f-11f1-9d47-ad81a36dfdfe","90.95846",,,"9.27024",,,,,,,"bef09457-2091-4c2d-8883-3b9e5841a581","3/1/2026","40:48.5","2026-02-28T19:40:48.5380000-06:00","2026-03-01T01:40:48.5380000Z","","v3","4806","471388","509f340b254c4b3a96c253b40ff1333c","Gustafson, Evan","1000308757","Right","NOR_BIS","ae2ab11c-1a3d-4bc5-bf7d-fd3d406cac03","54.41908","-134.79478","16.6416","5.81223","-3.54328","-8.166","-1.65412","3.78621","-6.53136",,,,,,,,,,,,,,,,,,,,,,,,,,,,,,,,,,,,,,,,,,,,,,,,,,,"High","High","High","","","","","",,,,,,,,,,,,,,,,,,,,,,,,,,,,,,,,,,,"2026","02","28"
"190","2/28/2026","41:09.8","5","3","Hart, Hudson","10149401","Right","NOR_BIS","Serna, Mateo","806219","Left","MIZ_TIG","Undefined","8","Bottom","0","2","0","Fastball","Four-Seam","StrikeCalled","Undefined","Undefined","Undefined","0","0","","92.17805","-2.086797","-3.364416","2435.700256","216.540954","1:15","5.76385","1.57177","6.41028","-18.35662","13.72835","9.47024","2.31128","-0.73598","84.91435","-5.559448","-1.651586","0.407683",,,,,,,,,,,,"-5.78591","7.99717","-1.33489","50.0","5.60568","7.48166","-133.82449","-5.42148","-10.57693","26.7064","-17.55489","MIZ_TIG","NOR_BIS","TaylorStadium","D1","SEC","20260228-TaylorStadium-3","b97177f0-150f-11f1-9d47-ad81a36dfdfe","92.45533",,,"7.26371",,,,,,,"bef09457-2091-4c2d-8883-3b9e5841a581","3/1/2026","41:09.8","2026-02-28T19:41:09.8260000-06:00","2026-03-01T01:41:09.8260000Z","","v3","4806","471388","509f340b254c4b3a96c253b40ff1333c","Gustafson, Evan","1000308757","Right","NOR_BIS","81d4087c-cce4-465a-bbb3-89c9e540a2d6","54.08907","-134.63804","13.3532","5.76269","-4.88671","-8.77745","-1.56771","7.80387","-5.28846",,,,,,,,,,,,,,,,,,,,,,,,,,,,,,,,,,,,,,,,,,,,,,,,,,,"High","High","High","","","","","",,,,,,,,,,,,,,,,,,,,,,,,,,,,,,,,,,,"2026","02","28"
"191","2/28/2026","41:28.9","5","4","Hart, Hudson","10149401","Right","NOR_BIS","Serna, Mateo","806219","Left","MIZ_TIG","Undefined","8","Bottom","0","2","1","Fastball","Sinker","BallCalled","Undefined","Undefined","Undefined","0","0","","91.862","-2.829071","-1.70923","2415.124608","228.55372","1:30","5.75867","1.39296","6.22655","-19.85576","12.54489","13.15568","1.4905","0.91178","85.01224","-6.546364","0.668012","0.409683",,,,,,,,,,,,"-7.24772","7.50737","-1.27152","50.0","5.537","3.4434","-133.48229","-7.21982","-13.21678","25.84398","-18.48383","MIZ_TIG","NOR_BIS","TaylorStadium","D1","SEC","20260228-TaylorStadium-3","c4b5d660-150f-11f1-9d47-ad81a36dfdfe","92.00384",,,"6.84976",,,,,,,"bef09457-2091-4c2d-8883-3b9e5841a581","3/1/2026","41:28.9","2026-02-28T19:41:28.8810000-06:00","2026-03-01T01:41:28.8810000Z","","v3","4806","471388","509f340b254c4b3a96c253b40ff1333c","Gustafson, Evan","1000308757","Right","NOR_BIS","efc5989b-357f-456e-a747-3c42a8365dbb","54.27399","-134.30725","12.92199","5.75804","-6.6298","-9.24192","-1.38817","3.86529","-6.60839",,,,,,,,,,,,,,,,,,,,,,,,,,,,,,,,,,,,,,,,,,,,,,,,,,,"High","High","High","","","","","",,,,,,,,,,,,,,,,,,,,,,,,,,,,,,,,,,,"2026","02","28"
"192","2/28/2026","41:50.0","5","5","Hart, Hudson","10149401","Right","NOR_BIS","Serna, Mateo","806219","Left","MIZ_TIG","Undefined","8","Bottom","0","3","1","Fastball","Four-Seam","BallCalled","Walk","Undefined","Undefined","0","0","","90.47745","-3.49103","-3.433751","2419.748258","212.362223","1:00","5.69067","1.56826","6.40137","-18.44706","15.03717","8.87579","0.93332","-0.85354","83.26816","-6.977006","-1.82853","0.416477",,,,,,,,,,,,"-5.54138","9.09646","-1.32575","50.0","5.43107","7.5194","-131.16333","-8.53995","-9.70219","26.43149","-16.24746","MIZ_TIG","NOR_BIS","TaylorStadium","D1","SEC","20260228-TaylorStadium-3","d159ebe0-150f-11f1-9d47-ad81a36dfdfe","90.50295",,,"7.2093",,,,,,,"bef09457-2091-4c2d-8883-3b9e5841a581","3/1/2026","41:50.0","2026-02-28T19:41:49.9680000-06:00","2026-03-01T01:41:49.9680000Z","","v3","4806","471388","509f340b254c4b3a96c253b40ff1333c","Gustafson, Evan","1000308757","Right","NOR_BIS","4365ebf2-bd35-4d25-812e-c1c880f8f9e5","54.09822","-131.9866","13.21575","5.68919","-8.03389","-8.12373","-1.56467","7.82159","-4.85109",,,,,,,,,,,,,,,,,,,,,,,,,,,,,,,,,,,,,,,,,,,,,,,,,,,"High","High","High","","","","","",,,,,,,,,,,,,,,,,,,,,,,,,,,,,,,,,,,"2026","02","28"
"193","2/28/2026","42:33.1","6","1","Hart, Hudson","10149401","Right","NOR_BIS","Ward, Blaize","1000263242","Left","MIZ_TIG","Undefined","8","Bottom","0","0","0","Fastball","Four-Seam","StrikeCalled","Undefined","Undefined","Undefined","0","0","","91.31353","-1.814503","-3.331474","2454.131081","214.942397","1:15","5.643","1.63107","6.54449","-19.32351","13.43957","8.66142","2.36526","-0.70588","83.50731","-5.489463","-1.760911","0.411968",,,,,,,,,,,,"-5.44319","7.87099","-1.40361","50.0","5.50877","7.3656","-132.51652","-4.74907","-9.67795","28.34743","-18.17951","MIZ_TIG","NOR_BIS","TaylorStadium","D1","SEC","20260228-TaylorStadium-3","eb104200-150f-11f1-9d47-ad81a36dfdfe","91.49358",,,"7.80622",,,,,,,"bef09457-2091-4c2d-8883-3b9e5841a581","3/1/2026","42:33.1","2026-02-28T19:42:33.1070000-06:00","2026-03-01T01:42:33.1070000Z","","v3","4806","471388","509f340b254c4b3a96c253b40ff1333c","Gustafson, Evan","1000308757","Right","NOR_BIS","44ab7b75-c75c-4d99-bb66-54b516b636dc","53.95347","-133.35955","14.17372","5.64196","-4.20843","-9.08975","-1.62694","7.65341","-4.83897",,,,,,,,,,,,,,,,,,,,,,,,,,,,,,,,,,,,,,,,,,,,,,,,,,,"High","High","High","","","","","",,,,,,,,,,,,,,,,,,,,,,,,,,,,,,,,,,,"2026","02","28"
"194","2/28/2026","42:53.7","6","2","Hart, Hudson","10149401","Right","NOR_BIS","Ward, Blaize","1000263242","Left","MIZ_TIG","Undefined","8","Bottom","0","0","1","Fastball","Four-Seam","StrikeCalled","Undefined","Undefined","Undefined","0","0","","92.60248","-2.501932","-2.914571","2516.853685","220.229171","1:15","5.80338","1.44845","6.30086","-16.34816","15.75694","12.47001","2.13143","-0.20004","84.78968","-5.617427","-0.662045","0.40781",,,,,,,,,,,,"-7.25658","9.17973","-1.23989","50.0","5.61127","6.31991","-134.36959","-6.34287","-13.28922","28.65897","-15.36291","MIZ_TIG","NOR_BIS","TaylorStadium","D1","SEC","20260228-TaylorStadium-3","f782c030-150f-11f1-9d47-ad81a36dfdfe","92.42638",,,"7.81281",,,,,,,"bef09457-2091-4c2d-8883-3b9e5841a581","3/1/2026","42:53.7","2026-02-28T19:42:53.6900000-06:00","2026-03-01T01:42:53.6900000Z","","v3","4806","471388","509f340b254c4b3a96c253b40ff1333c","Gustafson, Evan","1000308757","Right","NOR_BIS","4c186d37-9936-400d-ab4c-751e97b3c02a","54.19808","-135.26201","14.32949","5.80134","-5.86448","-7.68146","-1.44313","6.73373","-6.64461",,,,,,,,,,,,,,,,,,,,,,,,,,,,,,,,,,,,,,,,,,,,,,,,,,,"High","High","High","","","","","",,,,,,,,,,,,,,,,,,,,,,,,,,,,,,,,,,,"2026","02","28"
"195","2/28/2026","43:16.5","6","3","Hart, Hudson","10149401","Right","NOR_BIS","Ward, Blaize","1000263242","Left","MIZ_TIG","Undefined","8","Bottom","0","0","2","Fastball","Four-Seam","StrikeSwinging","Strikeout","Undefined","Undefined","0","0","","92.00266","-0.613805","-2.473057","2435.828805","212.656382","1:00","5.68985","1.57749","6.31879","-17.48918","14.91761","8.92067","3.66653","0.04169","84.19411","-3.94651","-0.86094","0.409722",,,,,,,,,,,,"-5.28646","8.22386","-1.40051","50.0","5.63636","5.40097","-133.66092","-1.93534","-9.58669","28.15275","-17.26057","MIZ_TIG","NOR_BIS","TaylorStadium","D1","SEC","20260228-TaylorStadium-3","04d5b350-1510-11f1-9d47-ad81a36dfdfe","91.99513",,,"7.80855",,,,,,,"bef09457-2091-4c2d-8883-3b9e5841a581","3/1/2026","43:16.4","2026-02-28T19:43:16.4590000-06:00","2026-03-01T01:43:16.4590000Z","","v3","4806","471388","509f340b254c4b3a96c253b40ff1333c","Gustafson, Evan","1000308757","Right","NOR_BIS","f7c3d894-a460-4a32-923d-5683a9b59705","54.17951","-134.53836","14.07638","5.68829","-1.39738","-8.63028","-1.57349","5.69976","-4.79334",,,,,,,,,,,,,,,,,,,,,,,,,,,,,,,,,,,,,,,,,,,,,,,,,,,"High","High","High","","","","","",,,,,,,,,,,,,,,,,,,,,,,,,,,,,,,,,,,"2026","02","28"
"196","2/28/2026","43:51.1","7","1","Hart, Hudson","10149401","Right","NOR_BIS","George, Jamal","805322","Right","MIZ_TIG","Undefined","8","Bottom","1","0","0","Fastball","Four-Seam","BallCalled","Undefined","Undefined","Undefined","0","0","","91.74779","-1.616083","-3.712322","2355.346718","206.967374","1:00","5.82999","1.23492","6.45172","-14.52957","18.01277","8.64276","3.13096","-1.46021","83.88269","-4.419778","-2.149728","0.410578",,,,,,,,,,,,"-5.50634","10.15213","-0.97523","50.0","5.70839","8.28264","-133.10414","-4.12663","-9.8939","28.14879","-13.93247","MIZ_TIG","NOR_BIS","TaylorStadium","D1","SEC","20260228-TaylorStadium-3","1980fda0-1510-11f1-9d47-ad81a36dfdfe","91.80338",,,"7.8651",,,,,,,"bef09457-2091-4c2d-8883-3b9e5841a581","3/1/2026","43:51.1","2026-02-28T19:43:51.0620000-06:00","2026-03-01T01:43:51.0620000Z","","v3","4806","471388","509f340b254c4b3a96c253b40ff1333c","Gustafson, Evan","1000308757","Right","NOR_BIS","04ee8a0c-4652-4ea4-b2d3-7c82355ff177","54.04636","-133.95713","14.07439","5.82705","-3.70444","-6.96624","-1.23076","8.58245","-4.94695",,,,,,,,,,,,,,,,,,,,,,,,,,,,,,,,,,,,,,,,,,,,,,,,,,,"High","High","High","","","","","",,,,,,,,,,,,,,,,,,,,,,,,,,,,,,,,,,,"2026","02","28"
"197","2/28/2026","44:10.9","7","2","Hart, Hudson","10149401","Right","NOR_BIS","George, Jamal","805322","Right","MIZ_TIG","Undefined","8","Bottom","1","1","0","Fastball","Four-Seam","StrikeSwinging","Undefined","Undefined","Undefined","0","0","","91.29683","-1.44409","-2.657753","2404.278538","212.60826","1:00","5.80197","1.44207","6.49706","-15.14576","17.79418","10.68111","3.21255","-0.10921","82.99072","-4.377635","-0.721241","0.413079",,,,,,,,,,,,"-6.33807","10.04965","-1.26005","50.0","5.69374","5.71745","-132.53158","-3.71918","-11.21364","29.71455","-14.39369","MIZ_TIG","NOR_BIS","TaylorStadium","D1","SEC","20260228-TaylorStadium-3","2554cad0-1510-11f1-9d47-ad81a36dfdfe","91.24761",,,"8.3061",,,,,,,"bef09457-2091-4c2d-8883-3b9e5841a581","3/1/2026","44:10.9","2026-02-28T19:44:10.9030000-06:00","2026-03-01T01:44:10.9030000Z","","v3","4806","471388","509f340b254c4b3a96c253b40ff1333c","Gustafson, Evan","1000308757","Right","NOR_BIS","2ff97d59-4f93-4146-aca9-7cedc72793f1","54.00046","-133.4255","14.85727","5.79911","-3.28617","-7.19685","-1.43712","6.0548","-5.60682",,,,,,,,,,,,,,,,,,,,,,,,,,,,,,,,,,,,,,,,,,,,,,,,,,,"High","High","High","","","","","",,,,,,,,,,,,,,,,,,,,,,,,,,,,,,,,,,,"2026","02","28"
"198","2/28/2026","44:31.2","7","3","Hart, Hudson","10149401","Right","NOR_BIS","George, Jamal","805322","Right","MIZ_TIG","Undefined","8","Bottom","1","1","1","Fastball","Four-Seam","StrikeCalled","Undefined","Undefined","Undefined","0","0","","92.10755","-2.593724","-3.53245","2471.055125","220.278357","1:15","5.97429","1.21712","6.39728","-15.83961","16.58005","13.16351","2.26279","-0.93873","84.18084","-5.628232","-1.152604","0.409804",,,,,,,,,,,,"-7.82414","9.68064","-0.96896","50.0","5.78021","7.7041","-133.56377","-6.4889","-14.13438","28.75142","-14.68586","MIZ_TIG","NOR_BIS","TaylorStadium","D1","SEC","20260228-TaylorStadium-3","3168ae40-1510-11f1-9d47-ad81a36dfdfe","91.97685",,,"7.9267",,,,,,,"bef09457-2091-4c2d-8883-3b9e5841a581","3/1/2026","44:31.2","2026-02-28T19:44:31.1870000-06:00","2026-03-01T01:44:31.1870000Z","","v3","4806","471388","509f340b254c4b3a96c253b40ff1333c","Gustafson, Evan","1000308757","Right","NOR_BIS","7a423ea2-f332-444a-a669-b61750b9aee9","54.10157","-134.44379","14.37571","5.97194","-6.0394","-7.34293","-1.21139","8.13673","-7.06719",,,,,,,,,,,,,,,,,,,,,,,,,,,,,,,,,,,,,,,,,,,,,,,,,,,"High","High","High","","","","","",,,,,,,,,,,,,,,,,,,,,,,,,,,,,,,,,,,"2026","02","28"
"199","2/28/2026","44:51.0","7","4","Hart, Hudson","10149401","Right","NOR_BIS","George, Jamal","805322","Right","MIZ_TIG","Undefined","8","Bottom","1","1","2","Fastball","Sinker","FoulBallNotFieldable","Undefined","Undefined","Undefined","0","0","","92.19282","-0.049223","-2.792172","2439.36687","228.733484","1:30","5.7448","1.59489","6.07081","-18.67875","13.95363","14.73855","4.14263","0.23727","84.18162","-3.587399","-0.141579","0.411146","69.95083","-11.924162","65.347805",,,,,"16.826","16.826","65.027026","0.17233","-8.36831","7.51382","-1.38629","50.0","5.73097","5.90176","-133.87613","-0.69503","-15.19961","28.6841","-18.5265","MIZ_TIG","NOR_BIS","TaylorStadium","D1","SEC","20260228-TaylorStadium-3","3d2d3930-1510-11f1-9d47-ad81a36dfdfe","91.67662","4.0359",,"8.01121",,,,"0.10602","4.0359","-0.246","bef09457-2091-4c2d-8883-3b9e5841a581","3/1/2026","44:51.0","2026-02-28T19:44:51.0030000-06:00","2026-03-01T01:44:51.0030000Z","GroundBall","v3","4806","471388","509f340b254c4b3a96c253b40ff1333c","Gustafson, Evan","1000308757","Right","NOR_BIS","43eb027a-3dbb-4ad9-961a-ed157a57f7ba","54.42881","-134.8217","14.34205","5.74381","-0.0843","-9.26325","-1.5891","6.40281","-7.5998","274.818098","0.10624","41.85284","-7.24532",,,,,,,"4.03606","-21.20977","-12.834",,,,,,,"-0.24582","91.21818","-7.44443",,,,,,,,,,,,,,,,,,,,,,,,,,,,,"High","High","High","High","High","","","",,,,,,,,,,,,,,,,,,,,,,,,,,,,,,,,"52.15828","-0.74143","24.06004","2026","02","28"
"200","2/28/2026","45:17.1","7","5","Hart, Hudson","10149401","Right","NOR_BIS","George, Jamal","805322","Right","MIZ_TIG","Undefined","8","Bottom","1","1","2","Slider","Slider","BallCalled","Undefined","Undefined","Undefined","0","0","","79.3335","0.899685","-3.57384","2169.193595","85.390819","8:45","5.44333","1.78543","5.88072","-43.69006","1.01941","-5.0702","2.63971","-1.96036","72.60777","-7.142451","-4.480671","0.48125",,,,,,,,,,,,"1.54311","0.72047","-1.49362","50.0","5.49113","7.37523","-115.00371","0.41884","2.05709","22.24429","-31.2136","MIZ_TIG","NOR_BIS","TaylorStadium","D1","SEC","20260228-TaylorStadium-3","4cddcb60-1510-11f1-9d47-ad81a36dfdfe","78.32188",,,"6.72573",,,,,,,"bef09457-2091-4c2d-8883-3b9e5841a581","3/1/2026","45:17.2","2026-02-28T19:45:17.1560000-06:00","2026-03-01T01:45:17.1560000Z","","v3","4806","471388","509f340b254c4b3a96c253b40ff1333c","Gustafson, Evan","1000308757","Right","NOR_BIS","7af82d1c-bbc8-4aa6-9cfe-ae40d581492a","54.6179","-115.89347","11.12215","5.4494","1.66737","-15.6068","-1.78698","7.29295","1.02854",,,,,,,,,,,,,,,,,,,,,,,,,,,,,,,,,,,,,,,,,,,,,,,,,,,"High","High","High","","","","","",,,,,,,,,,,,,,,,,,,,,,,,,,,,,,,,,,,"2026","02","28"
"201","2/28/2026","45:37.5","7","6","Hart, Hudson","10149401","Right","NOR_BIS","George, Jamal","805322","Right","MIZ_TIG","Undefined","8","Bottom","1","2","2","Slider","Slider","StrikeSwinging","Strikeout","Undefined","Undefined","0","0","","79.14991","-0.259118","-2.065378","2119.275232","70.683128","8:15","5.3822","1.78682","5.55135","-45.53416","-0.31626","-4.92016","1.3454","-0.55398","72.8567","-8.562605","-2.943519","0.483979",,,,,,,,,,,,"1.91469","0.31567","-1.60474","50.0","5.32952","4.33328","-114.89908","-2.04048","2.55546","21.61017","-31.75272","MIZ_TIG","NOR_BIS","TaylorStadium","D1","SEC","20260228-TaylorStadium-3","58e94a60-1510-11f1-9d47-ad81a36dfdfe","77.88032",,,"6.29321",,,,,,,"bef09457-2091-4c2d-8883-3b9e5841a581","3/1/2026","45:37.5","2026-02-28T19:45:37.4940000-06:00","2026-03-01T01:45:37.4940000Z","","v3","4806","471388","509f340b254c4b3a96c253b40ff1333c","Gustafson, Evan","1000308757","Right","NOR_BIS","41348917-8de0-4b7a-bb8b-cec655e79921","54.94893","-115.82613","10.80509","5.38783","-0.67832","-15.87636","-1.78828","4.22365","1.27773",,,,,,,,,,,,,,,,,,,,,,,,,,,,,,,,,,,,,,,,,,,,,,,,,,,"High","High","High","","","","","",,,,,,,,,,,,,,,,,,,,,,,,,,,,,,,,,,,"2026","02","28"
"202","2/28/2026","46:09.2","8","1","Hart, Hudson","10149401","Right","NOR_BIS","Frost, Isaiah","801981","Left","MIZ_TIG","Undefined","8","Bottom","2","0","0","Fastball","Four-Seam","BallCalled","Undefined","Undefined","Undefined","0","0","","92.72761","-2.304237","-4.102808","2465.529569","207.597066","1:00","5.74276","1.42463","6.45222","-15.33438","16.9117","8.25099","2.34139","-1.66353","83.97659","-5.266087","-2.612041","0.408705",,,,,,,,,,,,"-5.64485","9.9289","-1.1375","50.0","5.57232","9.31059","-134.33014","-5.82629","-10.20073","32.08895","-14.23167","MIZ_TIG","NOR_BIS","TaylorStadium","D1","SEC","20260228-TaylorStadium-3","6bdef570-1510-11f1-9d47-ad81a36dfdfe","92.22409",,,"8.75103",,,,,,,"bef09457-2091-4c2d-8883-3b9e5841a581","3/1/2026","46:09.2","2026-02-28T19:46:09.2000000-06:00","2026-03-01T01:46:09.2000000Z","","v3","4806","471388","509f340b254c4b3a96c253b40ff1333c","Gustafson, Evan","1000308757","Right","NOR_BIS","3179baf4-0de5-477f-89ed-9bdda4c02ee7","54.04775","-135.29361","16.04448","5.74084","-5.39898","-7.11584","-1.42165","9.61687","-5.10036",,,,,,,,,,,,,,,,,,,,,,,,,,,,,,,,,,,,,,,,,,,,,,,,,,,"High","High","High","","","","","",,,,,,,,,,,,,,,,,,,,,,,,,,,,,,,,,,,"2026","02","28"
"203","2/28/2026","46:29.6","8","2","Hart, Hudson","10149401","Right","NOR_BIS","Frost, Isaiah","801981","Left","MIZ_TIG","Undefined","8","Bottom","2","1","0","Fastball","Four-Seam","FoulBallNotFieldable","Undefined","Undefined","Undefined","0","0","","90.68172","-1.93282","-2.284705","2425.086276","212.003657","1:00","5.90941","1.36435","6.38191","-16.98339","16.62694","9.6756","2.71397","0.06775","82.34434","-5.194768","-0.533239","0.417261","70.1703","41.414497","-149.436958","3008.921389","-98.73605","47.33837","-48.48902","217.57308","63.76742","-160.985738","3.170465","-5.74918","9.6013","-1.20408","50.0","5.76212","4.86363","-131.6118","-4.90314","-10.00213","30.05218","-15.47025","MIZ_TIG","NOR_BIS","TaylorStadium","D1","SEC","20260228-TaylorStadium-3","7811d290-1510-11f1-9d47-ad81a36dfdfe","90.33302","47.51489",,"8.33738",,,,"1.18777","2.5492","0.08281","bef09457-2091-4c2d-8883-3b9e5841a581","3/1/2026","46:29.6","2026-02-28T19:46:29.6400000-06:00","2026-03-01T01:46:29.6400000Z","FlyBall","v3","4806","471388","509f340b254c4b3a96c253b40ff1333c","Gustafson, Evan","1000308757","Right","NOR_BIS","db88ced0-405a-4380-8c2f-e695b47b83e1","54.1167","-132.54848","15.02609","5.90743","-4.42096","-7.73512","-1.36053","5.17538","-5.00106","18.798064","1.18775","-66.45691","2.87224","-1.31204","0.15406","0.04506","-0.02493","0.00497","-3.9E-4","2.54952","68.06631","-30.922","4.62294","-0.60892","-0.09702","0.07463","-0.01535","0.00112","0.08257","-39.23971","3.92262","1.48668","-0.60867","0.03453","0.06242","-0.02104","0.0021",,,,,,,,,,,,,,,,,,,,,,,"High","High","High","High","Low","","","",,,,,,,,,,,,,,,,,,,,,,,,,,,,,,,,,,,"2026","02","28"
"204","2/28/2026","46:52.8","8","3","Hart, Hudson","10149401","Right","NOR_BIS","Frost, Isaiah","801981","Left","MIZ_TIG","Undefined","8","Bottom","2","1","1","Fastball","Four-Seam","FoulBallNotFieldable","Undefined","Undefined","Undefined","0","0","","92.313","-2.053328","-2.167113","2375.384809","205.134822","12:45","5.8021","1.45734","6.3591","-16.26985","16.33087","7.12134","2.55437","0.05536","83.48027","-5.186586","-0.878594","0.410946","55.51529","35.944288","-166.477076","2447.38575","-107.25319","19.32446","-24.42825","137.90389","73.78048","-167.642049","2.442045","-4.41433","9.50823","-1.30363","50.0","5.64563","4.77778","-133.92426","-5.24938","-7.91431","32.387","-15.12707","MIZ_TIG","NOR_BIS","TaylorStadium","D1","SEC","20260228-TaylorStadium-3","85d42950-1510-11f1-9d47-ad81a36dfdfe","91.72106","28.95825",,"8.83273",,,,"2.60563","2.78288","-0.07432","bef09457-2091-4c2d-8883-3b9e5841a581","3/1/2026","46:52.8","2026-02-28T19:46:52.7780000-06:00","2026-03-01T01:46:52.7780000Z","Popup","v3","4806","471388","509f340b254c4b3a96c253b40ff1333c","Gustafson, Evan","1000308757","Right","NOR_BIS","dc76157b-dea8-4c1c-b189-595ec0827b52","54.13933","-134.92156","16.1935","5.80011","-4.78357","-7.56353","-1.45451","5.02149","-3.95716","5.017696","2.60553","-64.08628","2.17287","0.74663","-0.29792","0.0701","0.03549","-0.02329","0.00347","2.78298","47.78922","-23.93825","2.21288","-0.17159","-0.19345","0.12039","-0.02816","0.00237","-0.07437","-15.41205","1.03766","0.23691","-0.10085","0.02438","0.01481","-0.00945","0.00141",,,,,,,,,,,,,,,,,,,,,,,"High","High","High","High","Medium","","","",,,,,,,,,,,,,,,,,,,,,,,,,,,,,,,,,,,"2026","02","28"
"205","2/28/2026","47:17.0","8","4","Hart, Hudson","10149401","Right","NOR_BIS","Frost, Isaiah","801981","Left","MIZ_TIG","Undefined","8","Bottom","2","1","2","Fastball","Four-Seam","FoulBallNotFieldable","Undefined","Undefined","Undefined","0","0","","92.1297","-1.598","-3.58252","2489.63136","212.602921","1:00","5.70518","1.59509","6.2488","-15.11351","17.6778","10.58831","2.96868","-0.83087","83.52224","-4.514933","-1.674681","0.412146","71.8875","12.217202","-166.103628","1339.080633","-106.17517","8.74314","-28.7547","148.45389","51.79704","-164.172629","1.6949","-6.5765","9.9856","-1.33356","50.0","5.57863","7.92006","-133.55138","-4.1379","-11.78492","30.85919","-14.28013","MIZ_TIG","NOR_BIS","TaylorStadium","D1","SEC","20260228-TaylorStadium-3","94361b70-1510-11f1-9d47-ad81a36dfdfe","91.45416","11.34007",,"8.60746",,,,"0.44521","2.89571","0.87968","bef09457-2091-4c2d-8883-3b9e5841a581","3/1/2026","47:17.0","2026-02-28T19:47:16.9670000-06:00","2026-03-01T01:47:16.9670000Z","GroundBall","v3","4806","471388","509f340b254c4b3a96c253b40ff1333c","Gustafson, Evan","1000308757","Right","NOR_BIS","ba0258d7-0d28-42f7-8f64-fa8e136642a6","54.2496","-134.52973","15.4296","5.70263","-3.68516","-7.14007","-1.59058","8.29369","-5.89246","219.236545","0.44521","-100.03097","11.85715","-2.12707","0.40236","-0.06928","0.01181","-0.0019","1.7E-4","2.89571","22.31193","-15.28598","0.78982","-0.11062","0.02177","-0.00185","2.2E-4","-4.0E-5","0.87968","-24.74844","0.11806","0.09614","-0.04186","0.01128","-0.00233","3.7E-4","-3.0E-5",,,,,,,,,,,,,,,,,,,,,,,"High","High","High","High","Low","","","",,,,,,,,,,,,,,,,,,,,,,,,,,,,,,,,"61.04035","-5.48417","-16.9623","2026","02","28"
"206","2/28/2026","47:46.8","8","5","Hart, Hudson","10149401","Right","NOR_BIS","Frost, Isaiah","801981","Left","MIZ_TIG","Undefined","8","Bottom","2","1","2","Fastball","Four-Seam","StrikeSwinging","Strikeout","Undefined","Undefined","0","0","","92.10126","-0.594733","-2.598717","2384.38978","206.474921","1:00","5.70137","1.51675","6.29615","-17.20198","15.68099","7.22544","3.71928","-0.27732","82.9983","-3.906663","-1.293891","0.412721",,,,,,,,,,,,"-4.53496","8.6493","-1.32868","50.0","5.64915","5.74914","-133.5564","-1.86164","-8.07952","32.42169","-16.76447","MIZ_TIG","NOR_BIS","TaylorStadium","D1","SEC","20260228-TaylorStadium-3","a6139fc0-1510-11f1-9d47-ad81a36dfdfe","91.3266",,,"9.10296",,,,,,,"bef09457-2091-4c2d-8883-3b9e5841a581","3/1/2026","47:46.8","2026-02-28T19:47:46.7660000-06:00","2026-03-01T01:47:46.7660000Z","","v3","4806","471388","509f340b254c4b3a96c253b40ff1333c","Gustafson, Evan","1000308757","Right","NOR_BIS","72045a55-be50-49d4-bc2c-846189b78359","54.19876","-134.57182","16.21084","5.69923","-1.3366","-8.38223","-1.5127","6.00218","-4.03976",,,,,,,,,,,,,,,,,,,,,,,,,,,,,,,,,,,,,,,,,,,,,,,,,,,"High","High","High","","","","","",,,,,,,,,,,,,,,,,,,,,,,,,,,,,,,,,,,"2026","02","28"
